time,flux,flux_err
2013-04-09 17:55:42.271594,16153.705,5.067792
2013-04-09 18:25:07.780621,16158.874,5.072314
2013-04-09 18:54:33.298300,16154.47,5.076757
2013-04-09 19:23:58.798709,16152.255,5.073369
2013-04-09 19:53:24.307771,16166.676,5.0721064
2013-04-09 20:22:49.825482,16150.673,5.0754437
2013-04-09 20:52:15.325927,16149.669,5.076741
2013-04-09 21:21:40.843661,16151.6045,5.0712905
2013-04-09 21:51:06.352768,16155.112,5.0725403
2013-04-09 22:20:31.861885,16150.318,5.079565
2013-04-09 22:49:57.371015,16158.737,5.079657
2013-04-09 23:19:22.880154,16160.497,5.077786
2013-04-09 23:48:48.389307,16147.906,5.078768
2013-04-10 00:18:13.898469,16166.312,5.077464
2013-04-10 00:47:39.407643,16155.423,5.073097
2013-04-10 01:17:04.916829,16161.338,5.080965
2013-04-10 01:46:30.426024,16152.454,5.081472
2013-04-10 02:15:55.935231,16158.514,5.08012
2013-04-10 02:45:21.444451,16152.196,5.0768013
2013-04-10 03:14:46.953679,16161.959,5.0807858
2013-04-10 03:44:12.462921,16155.292,5.079857
2013-04-10 04:13:37.980814,16162.915,5.0789337
2013-04-10 04:43:03.481437,16153.348,5.0830665
2013-04-10 05:12:28.990712,16151.464,5.0824857
2013-04-10 05:41:54.508638,16158.413,5.0847955
2013-04-10 06:11:20.009294,16161.131,5.0822783
2013-04-10 06:40:45.527244,16151.436,5.0838966
2013-04-10 07:10:11.036562,16154.437,5.0836196
2013-04-10 07:39:36.537253,16157.843,5.084439
2013-04-10 08:09:02.055234,16152.004,5.0799394
2013-04-10 08:38:27.564587,16150.105,5.0797224
2013-04-10 09:07:53.065311,16156.701,5.0855117
2013-04-10 09:37:18.583327,16160.445,5.085116
2013-04-10 10:06:44.092713,16152.011,5.085059
2013-04-10 10:36:09.610751,16155.626,5.086989
2013-04-10 11:05:35.111520,16149.595,5.085727
2013-04-10 11:35:00.620939,16153.263,5.0831842
2013-04-10 12:04:26.139010,16155.657,5.0859985
2013-04-10 12:33:51.639811,16153.801,5.0879903
2013-04-10 13:03:17.149265,16163.39,5.089558
2013-04-10 13:32:42.667369,16149.893,5.089025
2013-04-10 14:02:08.168203,16155.321,5.087523
2013-04-10 14:31:33.686330,16164.474,5.0892043
2013-04-10 15:00:59.195827,16150.668,5.0885024
2013-04-10 15:30:24.696693,16155.055,5.091451
2013-04-10 15:59:50.214856,16148.829,5.08851
2013-04-10 16:29:15.724385,16155.007,5.0907974
2013-04-10 16:58:41.225287,16147.555,5.087377
2013-04-10 17:28:06.743479,16149.104,5.0875254
2013-04-10 17:57:32.253043,16155.447,5.08914
2013-04-10 18:26:57.753978,16148.335,5.0868416
2013-04-10 18:56:23.272203,16158.577,5.090715
2013-04-10 19:25:48.781797,16158.704,5.090905
2013-04-10 19:55:14.291407,16143.301,5.0883193
2013-04-10 20:24:39.801025,16148.954,5.090682
2013-04-10 20:54:05.310654,16157.042,5.0898085
2013-04-10 21:23:30.828935,16160.626,5.0920115
2013-04-10 21:52:56.329948,16151.832,5.0937333
2013-04-10 22:22:21.839610,16146.741,5.0921407
2013-04-10 22:51:47.357923,16160.469,5.093368
2013-04-10 23:21:12.858968,16148.971,5.093063
2013-04-10 23:50:38.377303,16162.262,5.0950527
2013-04-11 00:20:03.887009,16151.959,5.093029
2013-04-11 00:49:29.388087,16149.425,5.095226
2013-04-11 01:18:54.906455,16164.42,5.0923347
2013-04-11 01:48:20.416193,16152.544,5.092122
2013-04-11 02:17:45.917304,16153.792,5.0927215
2013-04-11 02:47:11.435704,16161.872,5.0934353
2013-04-11 03:16:36.945478,16156.797,5.094552
2013-04-11 03:46:02.455261,16157.53,5.0936246
2013-04-11 04:15:27.965054,16155.414,5.093422
2013-04-11 04:44:53.474858,16165.645,5.0955286
2013-04-11 05:43:44.494500,16156.246,5.0941496
2013-04-11 06:13:10.004339,16152.903,5.0945396
2013-04-11 06:42:35.522825,16156.035,5.092839
2013-04-11 07:12:01.024046,16149.368,5.0924306
2013-04-11 07:41:26.533915,16154.42,5.094636
2013-04-11 08:10:52.052436,16156.175,5.0826073
2013-04-11 11:07:25.111949,16159.253,5.0414834
2013-04-11 11:36:50.613266,16155.564,5.0944977
2013-04-11 12:06:16.131873,16190.559,5.1071696
2013-04-11 12:35:41.641849,16158.963,5.0906377
2013-04-11 13:05:07.160482,16157.1045,5.092266
2013-04-11 13:34:32.661839,16151.795,5.0974283
2013-04-11 14:03:58.171851,16151.681,5.099419
2013-04-11 14:33:23.690513,16141.608,5.0957093
2013-04-11 15:02:49.191906,16165.151,5.098121
2013-04-11 15:32:14.701948,16148.45,5.0969543
2013-04-11 16:01:40.220640,16152.501,5.0922685
2013-04-11 16:31:05.722065,16152.363,5.0967917
2013-04-11 17:00:31.232140,16157.294,5.09822
2013-04-11 17:29:56.750868,16158.769,5.0945807
2013-04-11 17:59:22.252323,16149.031,5.097095
2013-04-11 18:28:47.771071,16149.694,5.0988736
2013-04-11 18:58:13.281189,16156.578,5.094531
2013-04-11 19:27:38.791319,16166.715,5.1003823
2013-04-11 19:57:04.301457,16155.343,5.098765
2013-04-11 20:26:29.811607,16156.295,5.0966706
2013-04-11 20:55:55.321768,16147.882,5.0968394
2013-04-11 21:25:20.831941,16162.1455,5.098504
2013-04-11 21:54:46.342124,16152.934,5.0954866
2013-04-11 22:24:11.860957,16152.489,5.097855
2013-04-11 22:53:37.362521,16171.692,5.100184
2013-04-11 23:23:02.872734,16158.126,5.0966845
2013-04-11 23:52:28.382960,16150.2,5.09817
2013-04-12 00:21:53.893196,16157.941,5.0993533
2013-04-12 00:51:19.403442,16155.986,5.0977764
2013-04-12 01:20:44.922338,16163.64,5.0998816
2013-04-12 01:50:10.423967,16144.153,5.0968776
2013-04-12 02:19:35.934246,16157.512,5.0993705
2013-04-12 02:49:01.453175,16155.601,5.097849
2013-04-12 03:18:26.954833,16155.704,5.0984216
2013-04-12 03:47:52.473785,16151.143,5.0992565
2013-04-12 04:17:17.984106,16158.931,5.0995355
2013-04-12 04:46:43.485795,16153.508,5.098762
2013-04-12 05:16:09.004779,16159.528,5.100095
2013-04-12 05:45:34.515131,16154.308,5.0984864
2013-04-12 06:15:00.016855,16159.344,5.0995307
2013-04-12 06:44:25.535867,16159.778,5.0997753
2013-04-12 07:13:51.046251,16165.072,5.1007624
2013-04-12 07:43:16.565288,16167.457,5.10021
2013-04-12 08:12:42.067053,16158.052,5.099968
2013-04-12 08:42:07.577470,16166.566,5.09961
2013-04-12 09:11:33.096537,16161.641,5.1008425
2013-04-12 09:40:58.598334,16157.435,5.100351
2013-04-12 10:10:24.108781,16164.246,5.0999994
2013-04-12 10:39:49.627878,16153.48,5.0995655
2013-04-12 11:09:15.129708,16158.813,5.1016073
2013-04-12 11:38:40.640188,16148.648,5.098758
2013-04-12 12:08:06.159318,16153.776,5.0994086
2013-04-12 12:37:31.669818,16162.992,5.101187
2013-04-12 13:06:57.180328,16151.94,5.099159
2013-04-12 13:36:22.690848,16161.123,5.099986
2013-04-12 14:05:48.192741,16155.536,5.1007695
2013-04-12 14:35:13.711923,16156.428,5.100279
2013-04-12 15:04:39.222477,16156.185,5.0993395
2013-04-12 15:34:04.724400,16160.862,5.100034
2013-04-12 16:03:30.243612,16160.335,5.1003885
2013-04-12 16:32:55.754198,16161.284,5.09969
2013-04-12 17:02:21.273432,16160.512,5.099727
2013-04-12 17:31:46.775396,16160.392,5.0999064
2013-04-12 18:01:12.286012,16166.797,5.1004734
2013-04-12 18:30:37.805278,16154.034,5.098892
2013-04-12 19:00:03.307274,16160.528,5.1000714
2013-04-12 19:29:28.817921,16163.267,5.1000667
2013-04-12 19:58:54.337218,16163.318,5.1023626
2013-04-12 20:28:19.839246,16150.891,5.100279
2013-04-12 20:57:45.358565,16165.886,5.102368
2013-04-12 21:27:10.869253,16162.453,5.100599
2013-04-12 21:56:36.371311,16173.941,5.1005197
2013-04-12 22:26:01.890661,16165.206,5.1014967
2013-04-12 22:55:27.401380,16156.921,5.1002846
2013-04-12 23:24:52.903470,16168.911,5.101604
2013-04-12 23:54:18.422850,16152.207,5.099285
2013-04-13 00:23:43.933602,16161.003,5.100095
2013-04-13 00:53:09.444362,16153.897,5.100069
2013-04-13 01:22:34.955133,16161.79,5.100639
2013-04-13 01:52:00.465915,16165.887,5.100096
2013-04-13 02:21:25.985348,16158.243,5.101848
2013-04-13 02:50:51.487510,16159.266,5.100772
2013-04-13 03:20:16.998322,16159.115,5.0994945
2013-04-13 03:49:42.517786,16163.624,5.101682
2013-04-13 04:19:08.028618,16157.112,5.101652
2013-04-13 04:48:33.530823,16150.248,5.0980906
2013-04-13 05:17:59.050317,16165.858,5.1013722
2013-04-13 05:47:24.552540,16160.198,5.1002812
2013-04-13 06:16:50.072056,16164.033,5.1003456
2013-04-13 06:46:15.582941,16163.042,5.1001844
2013-04-13 07:15:41.085195,16159.756,5.09887
2013-04-13 07:45:06.604741,16169.738,5.1017284
2013-04-13 08:14:32.115656,16171.685,5.101703
2013-04-13 08:43:57.617942,16166.287,5.1012654
2013-04-13 09:13:23.137518,16155.662,5.100043
2013-04-13 09:42:48.648466,16161.436,5.1009164
2013-04-13 10:12:14.150781,16157.69,5.097604
2013-04-13 10:41:39.670389,16166.623,5.099783
2013-04-13 11:11:05.181365,16152.16,5.0996637
2013-04-13 11:40:30.700993,16149.268,5.099907
2013-04-13 12:09:56.203349,16159.095,5.098965
2013-04-13 12:39:21.714358,16162.876,5.10147
2013-04-13 13:08:47.234016,16155.974,5.099476
2013-04-13 13:38:12.736404,16146.586,5.0993266
2013-04-13 14:07:38.247442,16160.787,5.1012826
2013-04-13 14:37:03.767131,16164.278,5.101172
2013-04-13 15:06:29.269549,16162.138,5.100302
2013-04-13 15:35:54.789259,16158.827,5.09938
2013-04-13 16:05:20.300338,16153.575,5.1002703
2013-04-13 16:34:45.811426,16159.692,5.1018114
2013-04-13 17:04:11.322527,16159.183,5.1004972
2013-04-13 17:33:36.833636,16158.126,5.099237
2013-04-13 18:03:02.344756,16163.554,5.1017437
2013-04-13 18:32:27.855885,16161.6045,5.100235
2013-04-13 19:01:53.367027,16158.989,5.1014533
2013-04-13 19:31:18.878175,16155.295,5.099057
2013-04-13 20:00:44.397975,16166.406,5.099686
2013-04-13 20:30:09.900506,16166.53,5.10088
2013-04-13 20:59:35.411687,16169.612,5.1018333
2013-04-13 21:29:00.922876,16164.681,5.100007
2013-04-13 21:58:26.434078,16163.084,5.0994105
2013-04-13 22:27:51.953929,16160.999,5.099562
2013-04-13 22:57:17.456508,16154.941,5.0999537
2013-04-13 23:26:42.967740,16166.626,5.101523
2013-04-13 23:56:08.487620,16178.937,5.102833
2013-04-14 00:25:33.990231,16167.79,5.10125
2013-04-14 00:54:59.510133,16162.94,5.097804
2013-04-14 01:24:25.021404,16159.2295,5.101104
2013-04-14 01:53:50.524045,16158.707,5.1006665
2013-04-14 02:23:16.043976,16162.503,5.1002445
2013-04-14 02:52:41.555276,16169.487,5.0989723
2013-04-14 03:22:07.057949,16158.845,5.0992947
2013-04-14 03:51:32.577910,16163.043,5.098278
2013-04-14 04:20:58.089241,16158.751,5.0990286
2013-04-14 05:19:49.111933,16160.567,5.099825
2013-04-14 05:49:14.623295,16154.326,5.0988383
2013-04-14 06:18:40.143306,16162.003,5.101462
2013-04-14 06:48:05.646048,16164.805,5.1000347
2013-04-14 07:17:31.157438,16163.496,5.098703
2013-04-14 07:46:56.677480,16158.399,5.1017056
2013-04-14 08:16:22.188891,16163.383,5.0998516
2013-04-14 08:45:47.691672,16155.945,5.0967045
2013-04-14 09:15:13.211744,16173.755,5.097985
2013-04-14 09:44:38.723185,16167.457,5.100972
2013-04-14 10:14:04.234636,16167.409,5.100637
2013-04-14 10:43:29.746096,16161.099,5.0979156
2013-04-14 11:12:55.257567,16161.116,5.098953
2013-04-14 11:42:20.769047,16159.103,5.097358
2013-04-14 12:11:46.280538,16163.834,5.096043
2013-04-14 12:41:11.792039,16166.233,5.1000066
2013-04-14 13:10:37.303550,16165.131,5.099254
2013-04-14 13:40:02.815070,16161.202,5.097335
2013-04-14 14:09:28.335239,16169.231,5.1001773
2013-04-14 14:38:53.838140,16171.462,5.099336
2013-04-14 15:08:19.349690,16174.153,5.0984726
2013-04-14 15:37:44.869890,16169.697,5.1013
2013-04-14 16:07:10.372820,16164.331,5.0965734
2013-04-14 16:36:35.884400,16165.793,5.0982375
2013-04-14 17:06:01.404629,16159.443,5.0987077
2013-04-14 17:35:26.907588,16167.907,5.098851
2013-04-14 18:04:52.419197,16166.112,5.0990367
2013-04-14 18:34:17.939457,16166.857,5.098427
2013-04-14 19:03:43.442445,16160.109,5.0992894
2013-04-14 19:33:08.962724,16167.49,5.098593
2013-04-14 20:02:34.474373,16159.712,5.098121
2013-04-14 20:31:59.977391,16160.437,5.0989385
2013-04-14 21:01:25.497699,16192.598,5.099158
2013-04-14 21:30:51.009377,16156.058,5.0963645
2013-04-14 22:00:16.521065,16156.815,5.0975947
2013-04-14 22:29:42.032763,16165.369,5.096211
2013-04-14 22:59:07.544469,16170.509,5.0973835
2013-04-14 23:28:33.064826,16158.9,5.099422
2013-04-14 23:57:58.576554,16168.3125,5.100801
2013-04-15 00:27:24.079650,16159.508,5.0994806
2013-04-15 00:56:49.600037,16170.66,5.0996556
2013-04-15 01:26:15.111792,16162.9,5.098345
2013-04-15 01:55:40.614917,16172.96,5.0982876
2013-04-15 02:25:06.135335,16160.648,5.0969734
2013-04-15 02:54:31.647120,16157.923,5.0968294
2013-04-15 03:23:57.150273,16162.846,5.0988283
2013-04-15 03:53:22.670719,16168.177,5.1015806
2013-04-15 04:22:48.173893,16166.477,5.0985456
2013-04-15 04:52:13.694358,16160.254,5.0974092
2013-04-15 05:21:39.206192,16163.844,5.100535
2013-04-15 05:51:04.709396,16159.159,5.0993023
2013-04-15 06:20:30.229889,16167.348,5.1005125
2013-04-15 06:49:55.741752,16158.172,5.100633
2013-04-15 07:19:21.244985,16155.243,5.0994515
2013-04-15 07:48:46.765506,16158.505,5.099237
2013-04-15 08:18:12.277398,16160.926,5.099711
2013-04-15 08:47:37.797940,16167.3125,5.099708
2013-04-15 09:17:03.301212,16157.748,5.0996137
2013-04-15 09:46:28.813133,16166.535,5.101534
2013-04-15 10:15:54.333703,16167.177,5.1013036
2013-04-15 10:45:19.837003,16165.517,5.1002707
2013-04-15 11:14:45.348953,16162.802,5.099566
2013-04-15 11:44:10.869551,16169.673,5.100977
2013-04-15 12:13:36.372881,16162.805,5.1003046
2013-04-15 12:43:01.884860,16166.951,5.098825
2013-04-15 13:12:27.405488,16157.445,5.0996027
2013-04-15 13:41:52.917486,16162.592,5.0996847
2013-04-15 14:11:18.429493,16156.673,5.0971537
2013-04-15 14:40:43.941511,16163.651,5.099249
2013-04-15 15:10:09.453537,16164.936,5.099612
2013-04-15 15:39:34.965574,16155.542,5.0978193
2013-04-15 16:09:00.477620,16164.133,5.100254
2013-04-15 16:38:25.989674,16167.783,5.099752
2013-04-15 17:07:51.510380,16174.64,5.0988336
2013-04-15 17:37:17.013815,16170.0,5.1005144
2013-04-15 18:06:42.534539,16161.681,5.1009755
2013-04-15 18:36:08.046632,16158.145,5.0948954
2013-04-15 19:05:33.550095,16169.546,5.097694
2013-04-15 19:34:59.070847,16155.586,5.099545
2013-04-15 20:04:24.574329,16163.023,5.098405
2013-04-15 20:33:50.086461,16169.153,5.1018853
2013-04-15 21:03:15.607243,16159.845,5.1000266
2013-04-15 21:32:41.110753,16164.554,5.099696
2013-04-15 22:02:06.622912,16162.787,5.0989175
2013-04-15 22:31:32.143722,16151.241,5.0995297
2013-04-15 23:00:57.647262,16162.877,5.0996785
2013-04-15 23:30:23.168090,16157.062,5.09987
2013-04-15 23:59:48.680289,16155.58,5.0972853
2013-04-16 00:29:14.183855,16156.062,5.0996776
2013-04-16 00:58:39.704711,16153.811,5.0976944
2013-04-16 01:28:05.216938,16159.616,5.098902
2013-04-16 01:57:30.729174,16162.618,5.0991993
2013-04-16 02:26:56.241418,16166.332,5.0978417
2013-04-16 02:56:21.753674,16159.129,5.096799
2013-04-16 03:25:47.274577,16159.973,5.09924
2013-04-16 03:55:12.778212,16160.472,5.0994635
2013-04-16 04:24:38.290495,16172.162,5.101508
2013-04-16 04:54:03.811428,16164.234,5.0994596
2013-04-16 05:23:29.323728,16170.609,5.100402
2013-04-16 05:52:54.827399,16155.0205,5.100182
2013-04-16 06:22:20.348359,16158.191,5.0990868
2013-04-16 06:51:45.860690,16165.814,5.099679
2013-04-16 07:21:11.373029,16164.866,5.102432
2013-04-16 07:50:36.885379,16161.089,5.098186
2013-04-16 08:20:02.397736,16160.255,5.1001344
2013-04-16 08:49:27.918743,16153.858,5.0985284
2013-04-16 09:18:53.422480,16159.422,5.1002812
2013-04-16 09:48:18.934866,16160.143,5.101568
2013-04-16 10:17:44.455902,16153.385,5.0979695
2013-04-16 10:47:09.959665,16168.962,5.101792
2013-04-16 11:16:35.472080,16169.199,5.1015844
2013-04-16 11:46:00.984504,16166.308,5.1011105
2013-04-16 12:15:26.496935,16156.639,5.102462
2013-04-16 12:44:52.018019,16164.937,5.1000967
2013-04-16 13:14:17.521829,16166.522,5.0987177
2013-04-16 13:43:43.034289,16168.919,5.09602
2013-04-16 14:13:08.555399,16163.938,5.1002493
2013-04-16 14:42:34.059238,16151.903,5.098519
2013-04-16 15:11:59.571727,16166.427,5.101463
2013-04-16 15:41:25.092865,16158.524,5.0989223
2013-04-16 16:10:50.596732,16152.565,5.1010294
2013-04-16 16:40:16.117888,16188.652,5.107892
2013-04-16 17:09:41.630413,16160.054,5.102474
2013-04-16 17:39:07.134307,16164.221,5.1018295
2013-04-16 18:08:32.655491,16156.465,5.09981
2013-04-16 18:37:58.168044,16155.56,5.1009707
2013-04-16 19:07:23.680608,16158.141,5.1012077
2013-04-16 19:36:49.193179,16162.102,5.102509
2013-04-16 20:06:14.705759,16155.491,5.102318
2013-04-16 20:35:40.218349,16150.813,5.100815
2013-04-16 21:05:05.739588,16155.798,5.1007743
2013-04-16 21:34:31.243557,16162.077,5.1025524
2013-04-16 22:03:56.764816,16159.651,5.10296
2013-04-16 22:33:22.277440,16164.489,5.1020646
2013-04-16 23:02:47.781438,16173.527,5.101654
2013-04-16 23:32:13.302722,16154.039,5.0990887
2013-04-17 00:01:38.815378,16167.743,5.101704
2013-04-17 00:31:04.319400,16160.115,5.101131
2013-04-17 01:00:29.840713,16170.904,5.103551
2013-04-17 01:29:55.353394,16152.286,5.0991306
2013-04-17 01:59:20.866086,16155.334,5.100541
2013-04-17 02:28:46.378785,16159.722,5.1016984
2013-04-17 02:58:11.882854,16156.956,5.1018276
2013-04-17 03:27:37.404212,16156.329,5.0999975
2013-04-17 03:57:02.916940,16147.309,5.09962
2013-04-17 04:55:53.942423,16163.402,5.101014
2013-04-17 05:25:19.455176,16161.585,5.1002607
2013-04-17 05:54:44.967940,16155.0,5.10198
2013-04-17 06:24:10.480713,16162.755,5.102463
2013-04-17 06:53:35.993495,16160.503,5.1004763
2013-04-17 07:23:01.514926,16161.4795,5.1021943
2013-04-17 07:52:27.019086,16156.66,5.1013975
2013-04-17 08:21:52.531895,16157.152,5.097493
2013-04-17 08:51:18.053353,16159.641,5.102488
2013-04-17 09:20:43.566181,16156.423,5.1017404
2013-04-17 09:50:09.070377,16156.381,5.1017346
2013-04-17 10:19:34.591862,16153.964,5.1022
2013-04-17 10:49:00.104717,16155.187,5.1017165
2013-04-17 11:18:25.617579,16158.151,5.1015205
2013-04-17 11:47:51.130452,16171.273,5.1009016
2013-04-17 12:17:16.643333,16161.429,5.098323
2013-04-17 12:46:42.156223,16168.106,5.1009283
2013-04-17 13:16:07.669123,16164.03,5.1012573
2013-04-17 13:45:33.182032,16157.284,5.1008844
2013-04-17 14:14:58.703589,16159.143,5.1003666
2013-04-17 14:44:24.207874,16156.527,5.101497
2013-04-17 15:13:49.729450,16157.694,5.1006794
2013-04-17 15:43:15.242395,16157.084,5.0979695
2013-04-17 16:12:40.746708,16158.154,5.1010256
2013-04-17 16:42:06.268310,16156.985,5.1012497
2013-04-17 17:11:31.781281,16156.221,5.1021986
2013-04-17 17:40:57.285621,16160.331,5.1008353
2013-04-17 18:10:22.807250,16159.872,5.1002035
2013-04-17 18:39:48.311608,16157.218,5.0983353
2013-04-17 19:09:13.824613,16150.683,5.100996
2013-04-17 19:38:39.346270,16154.596,5.0978026
2013-04-17 20:08:04.850654,16153.622,5.102318
2013-04-17 20:37:30.372328,16161.392,5.100411
2013-04-17 21:06:55.885371,16157.5625,5.1012273
2013-04-17 21:36:21.389781,16155.577,5.1027627
2013-04-17 22:05:46.911482,16160.945,5.1021824
2013-04-17 22:35:12.424551,16155.462,5.102914
2013-04-17 23:04:37.937629,16160.041,5.100883
2013-04-17 23:34:03.450715,16164.387,5.1011834
2013-04-18 00:03:28.963811,16153.464,5.1006627
2013-04-18 00:32:54.485556,16160.881,5.101018
2013-04-18 01:02:19.990029,16151.313,5.0995913
2013-04-18 01:31:45.503152,16159.372,5.0996995
2013-04-18 02:01:11.024922,16163.577,5.1017447
2013-04-18 02:30:36.538062,16155.822,5.099803
2013-04-18 03:00:02.042571,16155.402,5.0978365
2013-04-18 03:29:27.564368,16154.633,5.0999255
2013-04-18 03:58:53.077534,16148.563,5.100089
2013-04-18 04:28:18.582069,16158.206,5.1000414
2013-04-18 04:57:44.103893,16153.564,5.099655
2013-04-18 05:27:09.617086,16155.459,5.099789
2013-04-18 05:56:35.138928,16153.507,5.096476
2013-04-18 06:26:00.643498,16151.643,5.098923
2013-04-18 06:55:26.156717,16154.094,5.097843
2013-04-18 07:24:51.678585,16154.689,5.097157
2013-04-18 07:54:17.183181,16163.582,5.0997047
2013-04-18 08:23:42.696426,16148.782,5.0974817
2013-04-18 08:53:08.218320,16153.836,5.0991287
2013-04-18 09:22:33.722943,16146.221,5.097002
2013-04-18 09:51:59.244855,16147.499,5.0987077
2013-04-18 10:21:24.749494,16161.514,5.1014557
2013-04-18 10:50:50.262783,16164.788,5.101301
2013-04-18 11:20:15.784722,16150.359,5.0986896
2013-04-18 11:49:41.289388,16151.211,5.096714
2013-04-18 12:19:06.802703,16166.063,5.0985928
2013-04-18 12:48:32.324666,16148.295,5.097871
2013-04-18 13:17:57.829358,16148.216,5.0963798
2013-04-18 13:47:23.342699,16148.843,5.0952015
2013-04-18 14:16:48.864690,16149.985,5.0972176
2013-04-18 14:46:14.378047,16152.827,5.097072
2013-04-18 15:15:39.891415,16155.103,5.097506
2013-04-18 15:45:05.404791,16150.442,5.098459
2013-04-18 16:14:30.918176,16153.076,5.096941
2013-04-18 16:43:56.431568,16153.502,5.0978065
2013-04-18 17:13:21.944970,16160.34,5.099254
2013-04-18 17:42:47.458380,16147.045,5.097165
2013-04-18 18:12:12.980440,16156.015,5.0978794
2013-04-18 18:41:38.485227,16155.901,5.0968695
2013-04-18 19:11:04.007303,16157.171,5.0974236
2013-04-18 19:40:29.520749,16150.326,5.0959797
2013-04-18 20:09:55.025562,16148.235,5.095024
2013-04-18 20:39:20.547664,16140.693,5.093368
2013-04-18 21:08:46.061134,16157.743,5.0970693
2013-04-18 21:38:11.565973,16149.3,5.0940437
2013-04-18 22:07:37.088102,16156.835,5.0949535
2013-04-18 22:37:02.601598,16148.691,5.0977507
2013-04-18 23:06:28.106462,16160.33,5.0954127
2013-04-18 23:35:53.628616,16138.095,5.0935574
2013-04-19 00:05:19.142138,16148.152,5.0969586
2013-04-19 00:34:44.664309,16157.019,5.094896
2013-04-19 01:04:10.169207,16146.548,5.095637
2013-04-19 01:33:35.674115,16151.223,5.0953517
2013-04-19 02:03:01.196312,16149.946,5.095157
2013-04-19 02:32:26.709876,16155.599,5.0955963
2013-04-19 03:01:52.223449,16158.378,5.097543
2013-04-19 03:31:17.737030,16141.542,5.0962644
2013-04-19 04:00:43.250621,16145.714,5.0944333
2013-04-19 04:30:08.772860,16150.814,5.093606
2013-04-19 04:59:34.277827,16139.307,5.094469
2013-04-19 05:28:59.791442,16152.333,5.0976872
2013-04-19 05:58:25.313707,16162.919,5.095573
2013-04-19 06:27:50.827339,16146.172,5.095893
2013-04-19 06:57:16.332340,16138.412,5.095213
2013-04-19 07:26:41.854630,16146.084,5.0939326
2013-04-19 07:56:07.368288,16147.64,5.097226
2013-04-19 08:25:32.881954,16143.86,5.09456
2013-04-19 08:54:58.395630,16147.366,5.0948653
2013-04-19 09:24:23.909312,16143.177,5.0940733
2013-04-19 09:53:49.431644,16144.759,5.095884
2013-04-19 10:23:14.936705,16141.908,5.0941415
2013-04-19 10:52:40.450413,16149.125,5.095577
2013-04-19 11:22:05.972770,16142.779,5.093983
2013-04-19 11:51:31.477855,16151.17,5.0953293
2013-04-19 12:20:56.991588,16133.908,5.0943274
2013-04-19 12:50:22.513971,16150.068,5.0955234
2013-04-19 13:19:48.019081,16148.869,5.096039
2013-04-19 13:49:13.541480,16147.04,5.0940747
2013-04-19 14:18:39.055248,16141.277,5.0953608
2013-04-19 14:48:04.560383,16140.072,5.0948563
2013-04-19 15:17:30.082807,16149.552,5.093606
2013-04-19 15:46:55.596599,16139.985,5.0947957
2013-04-19 16:16:21.101760,16139.537,5.096067
2013-04-19 16:45:46.624209,16146.501,5.094755
2013-04-19 17:15:12.129386,16143.368,5.0937257
2013-04-19 17:44:37.651852,16144.569,5.095517
2013-04-19 18:14:03.165686,16132.719,5.0932164
2013-04-19 18:43:28.670889,16135.669,5.09467
2013-04-19 19:12:54.193379,16143.428,5.0958247
2013-04-19 19:42:19.707237,16148.528,5.098117
2013-04-19 20:11:45.221105,16141.489,5.095222
2013-04-19 20:41:10.734981,16138.446,5.09527
2013-04-19 21:10:36.248864,16142.921,5.0949326
2013-04-19 21:40:01.762756,16131.306,5.0933065
2013-04-19 22:09:27.276657,16141.589,5.0938807
2013-04-19 22:38:52.790565,16138.185,5.094389
2013-04-19 23:08:18.313122,16142.53,5.094723
2013-04-19 23:37:43.827047,16149.678,5.0953283
2013-04-20 00:07:09.332340,16139.111,5.0944524
2013-04-20 00:36:34.854923,16134.973,5.0945053
2013-04-20 01:06:00.368872,16139.055,5.093755
2013-04-20 01:35:25.874189,16149.567,5.097153
2013-04-20 02:04:51.396796,16145.454,5.0957484
2013-04-20 02:34:16.910770,16149.812,5.0952644
2013-04-20 03:03:42.433393,16147.085,5.095823
2013-04-20 03:33:07.938744,16137.281,5.094433
2013-04-20 04:31:58.975390,16143.049,5.0967326
2013-04-20 05:01:24.480766,16145.228,5.095415
2013-04-20 05:30:49.994789,16143.139,5.0941477
2013-04-20 06:00:15.517461,16142.689,5.09419
2013-04-20 06:29:41.022861,16142.034,5.0956807
2013-04-20 06:59:06.536909,16142.117,5.093463
2013-04-20 07:28:32.059605,16139.299,5.0944424
2013-04-20 07:57:57.565030,16150.48,5.096696
2013-04-20 08:27:23.087741,16138.095,5.090414
2013-04-20 08:56:48.593182,16136.106,5.094353
2013-04-20 09:26:14.107271,16144.975,5.093618
2013-04-20 09:55:39.630008,16142.724,5.0929956
2013-04-20 10:25:05.135473,16146.815,5.093951
2013-04-20 10:54:30.649586,16145.28,5.09488
2013-04-20 11:23:56.172347,16144.654,5.09375
2013-04-20 11:53:21.686476,16142.43,5.0945845
2013-04-20 12:22:47.200614,16138.224,5.0936437
2013-04-20 12:52:12.714759,16139.419,5.094289
2013-04-20 13:21:38.228913,16137.045,5.0948257
2013-04-20 13:51:03.743075,16140.799,5.093533
2013-04-20 14:20:29.257243,16131.926,5.0923057
2013-04-20 14:49:54.771421,16141.698,5.0950704
2013-04-20 15:19:20.294248,16139.5625,5.0930543
2013-04-20 15:48:45.799801,16129.895,5.0926404
2013-04-20 16:18:11.322643,16135.942,5.092957
2013-04-20 16:47:36.836853,16138.353,5.093221
2013-04-20 17:17:02.342430,16136.142,5.0937204
2013-04-20 17:46:27.865296,16133.13,5.093912
2013-04-20 18:15:53.379531,16139.424,5.093556
2013-04-20 18:45:18.885132,16140.702,5.0922155
2013-04-20 19:14:44.408022,16134.755,5.0933022
2013-04-20 19:44:09.922280,16132.529,5.09093
2013-04-20 20:13:35.427905,16132.148,5.093985
2013-04-20 20:43:00.950819,16136.067,5.091947
2013-04-20 21:12:26.465102,16137.116,5.0927196
2013-04-20 21:41:51.979391,16141.502,5.092173
2013-04-20 22:11:17.493688,16136.985,5.092666
2013-04-20 22:40:43.007995,16137.053,5.0903645
2013-04-20 23:10:08.522307,16137.764,5.093839
2013-04-20 23:39:34.036629,16139.758,5.09484
2013-04-21 00:08:59.550959,16142.66,5.0949583
2013-04-21 00:38:25.065297,16140.408,5.0944824
2013-04-21 01:07:50.579642,16139.5,5.093319
2013-04-21 01:37:16.102635,16134.756,5.0947156
2013-04-21 02:06:41.608356,16133.5625,5.092254
2013-04-21 02:36:07.122726,16132.621,5.092871
2013-04-21 03:05:32.645743,16137.027,5.0931334
2013-04-21 03:34:58.160127,16140.628,5.094027
2013-04-21 04:04:23.665880,16135.795,5.0937514
2013-04-21 04:33:49.188920,16139.755,5.093239
2013-04-21 05:03:14.703329,16146.575,5.094762
2013-04-21 05:32:40.209105,16135.856,5.0952168
2013-04-21 06:02:05.732170,16144.778,5.092337
2013-04-21 06:31:31.246602,16141.788,5.0943565
2013-04-21 07:00:56.769682,16132.758,5.093148
2013-04-21 07:30:22.275489,16133.376,5.0939345
2013-04-21 07:59:47.789945,16135.157,5.0940204
2013-04-21 08:29:13.313048,16128.798,5.092814
2013-04-21 08:58:38.818880,16142.088,5.0945673
2013-04-21 09:28:04.333359,16134.415,5.0933013
2013-04-21 09:57:29.856485,16136.86,5.091911
2013-04-21 10:26:55.362339,16135.603,5.094459
2013-04-21 10:56:20.885483,16130.96,5.0942626
2013-04-21 11:25:46.399993,16135.535,5.0934634
2013-04-21 11:55:11.905871,16137.403,5.0919614
2013-04-21 12:24:37.429036,16136.236,5.0938106
2013-04-21 12:54:02.943570,16135.303,5.0926104
2013-04-21 13:23:28.449471,16133.265,5.0934405
2013-04-21 13:52:53.972660,16134.756,5.093139
2013-04-21 14:22:19.487217,16126.775,5.0913258
2013-04-21 14:51:44.993141,16141.769,5.0949035
2013-04-21 15:21:10.516353,16137.04,5.094053
2013-04-21 15:50:36.030934,16135.019,5.093064
2013-04-21 16:20:01.545522,16136.783,5.094385
2013-04-21 16:49:27.060118,16125.4,5.092602
2013-04-21 17:18:52.574720,16136.457,5.09336
2013-04-21 17:48:18.089331,16135.088,5.092948
2013-04-21 18:17:43.603950,16137.78,5.0942903
2013-04-21 18:47:09.118576,16126.392,5.0928254
2013-04-21 19:16:34.633210,16138.895,5.091628
2013-04-21 19:46:00.147852,16133.6045,5.093018
2013-04-21 20:15:25.671142,16128.414,5.0927167
2013-04-21 20:44:51.185798,16130.122,5.0928326
2013-04-21 21:14:16.691823,16135.842,5.0951796
2013-04-21 21:43:42.215135,16139.407,5.093978
2013-04-21 22:13:07.729815,16141.96,5.09326
2013-04-21 22:42:33.235862,16129.748,5.094831
2013-04-21 23:11:58.759198,16137.352,5.093401
2013-04-21 23:41:24.273901,16138.049,5.094592
2013-04-22 00:10:49.779971,16133.8,5.092116
2013-04-22 00:40:15.303329,16125.503,5.093276
2013-04-22 01:09:40.818055,16134.1455,5.0949726
2013-04-22 01:39:06.341429,16137.195,5.0935807
2013-04-22 02:08:31.847529,16133.253,5.0943437
2013-04-22 02:37:57.362278,16131.39,5.091292
2013-04-22 03:07:22.885675,16127.197,5.092012
2013-04-22 03:36:48.391797,16130.165,5.0935345
2013-04-22 04:06:13.906568,16129.863,5.0921645
2013-04-22 04:35:39.429988,16131.681,5.0952625
2013-04-22 05:05:04.936135,16128.718,5.0909605
2013-04-22 05:34:30.459568,16136.156,5.096144
2013-04-22 06:03:55.974370,16123.756,5.093165
2013-04-22 06:33:21.480538,16133.402,5.0956655
2013-04-22 07:02:47.003995,16123.807,5.0928974
2013-04-22 07:32:12.518820,16133.846,5.092693
2013-04-22 08:01:38.025011,16131.9,5.092739
2013-04-22 08:31:03.548490,16130.771,5.0928216
2013-04-22 09:00:29.063337,16137.155,5.0938497
2013-04-22 09:29:54.569550,16127.013,5.093964
2013-04-22 09:59:20.093052,16133.925,5.0933757
2013-04-22 10:28:45.607921,16127.254,5.0917783
2013-04-22 10:58:11.131438,16133.7,5.092153
2013-04-22 11:27:36.637682,16133.916,5.094006
2013-04-22 11:57:02.152573,16132.458,5.0945115
2013-04-22 12:26:27.676112,16133.155,5.0935564
2013-04-22 12:55:53.182379,16133.818,5.0928364
2013-04-22 13:25:18.697293,16137.531,5.093153
2013-04-22 13:54:44.220854,16129.156,5.094801
2013-04-22 14:24:09.727143,16139.796,5.095155
2013-04-22 14:53:35.250720,16131.367,5.094806
2013-04-22 15:23:00.765663,16132.198,5.0926423
2013-04-22 15:52:26.271974,16132.7,5.0911503
2013-04-22 16:21:51.795573,16143.236,5.0966525
2013-04-22 16:51:17.310539,16135.658,5.0937896
2013-04-22 17:20:42.816872,16128.2295,5.0902376
2013-04-22 17:50:08.340493,16124.561,5.094274
2013-04-22 18:19:33.855481,16122.37,5.0927095
2013-04-22 18:48:59.370476,16132.398,5.0958633
2013-04-22 19:18:24.885479,16132.721,5.093574
2013-04-22 19:47:50.400489,16133.263,5.0938077
2013-04-22 20:17:15.915506,16128.881,5.0913877
2013-04-22 20:46:41.430532,16137.33,5.093087
2013-04-22 21:16:06.945564,16123.191,5.091802
2013-04-22 21:45:32.460604,16134.768,5.0929937
2013-04-22 22:14:57.975651,16132.64,5.091227
2013-04-22 22:44:23.490705,16126.487,5.093991
2013-04-22 23:13:49.005767,16145.774,5.0946584
2013-04-22 23:43:14.520835,16143.094,5.0941987
2013-04-23 00:12:40.044552,16120.984,5.0938725
2013-04-23 00:42:05.559636,16133.096,5.09327
2013-04-23 01:11:31.066086,16120.929,5.0916743
2013-04-23 01:40:56.589824,16136.537,5.093962
2013-04-23 02:10:22.104930,16126.009,5.093732
2013-04-23 02:39:47.611403,16135.588,5.093349
2013-04-23 03:09:13.135162,16124.545,5.092203
2013-04-23 04:08:04.156785,16127.914,5.093374
2013-04-23 04:37:29.680565,16131.446,5.0934615
2013-04-23 05:06:55.195715,16132.042,5.0930285
2013-04-23 05:36:20.719512,16140.316,5.0939937
2013-04-23 06:05:46.226035,16126.487,5.093491
2013-04-23 06:35:11.741206,16124.582,5.094248
2013-04-23 07:04:37.265024,16125.28,5.093221
2013-04-23 07:34:02.771569,16121.473,5.0923095
2013-04-23 08:03:28.286761,16129.4795,5.094082
2013-04-23 08:32:53.810601,16126.955,5.0938697
2013-04-23 09:02:19.317168,16127.145,5.095691
2013-04-23 09:31:44.841022,16121.348,5.094036
2013-04-23 10:01:10.356242,16126.571,5.093818
2013-04-23 10:30:35.862831,16130.204,5.093073
2013-04-23 11:00:01.386706,16131.802,5.0934916
2013-04-23 11:29:26.901949,16129.569,5.0917296
2013-04-23 11:58:52.417199,16133.253,5.0940585
2013-04-23 12:28:17.932456,16135.56,5.092715
2013-04-23 12:57:43.447720,16132.535,5.0931463
2013-04-23 13:27:08.954351,16133.878,5.0953946
2013-04-23 13:56:34.478270,16129.493,5.0919147
2013-04-23 14:25:59.993555,16130.042,5.093819
2013-04-23 14:55:25.508848,16131.483,5.0934
2013-04-23 15:24:51.024148,16122.513,5.0902934
2013-04-23 15:54:16.539454,16127.61,5.092224
2013-04-23 16:23:42.063409,16133.987,5.0940933
2013-04-23 16:53:07.570090,16132.952,5.0934243
2013-04-23 17:22:33.085417,16130.074,5.0923777
2013-04-23 17:51:58.609393,16127.841,5.0927515
2013-04-23 18:21:24.116096,16130.487,5.0934663
2013-04-23 18:50:49.640085,16121.863,5.0932784
2013-04-23 19:20:15.155441,16132.219,5.0952287
2013-04-23 19:49:40.662165,16127.315,5.0934057
2013-04-23 20:19:06.186175,16138.649,5.0944037
2013-04-23 20:48:31.701553,16129.275,5.0941534
2013-04-23 21:17:57.208298,16134.619,5.0928235
2013-04-23 21:47:22.732330,16130.894,5.094667
2013-04-23 22:16:48.247728,16133.69,5.093791
2013-04-23 22:46:13.754494,16139.658,5.0937004
2013-04-23 23:15:39.278546,16127.2705,5.092868
2013-04-23 23:45:04.793966,16125.76,5.092842
2013-04-24 00:14:30.318033,16133.026,5.093326
2013-04-24 00:43:55.824826,16139.842,5.095938
2013-04-24 01:13:21.340267,16125.682,5.0913725
2013-04-24 01:42:46.864355,16132.594,5.0911617
2013-04-24 02:12:12.371170,16128.435,5.0915713
2013-04-24 02:41:37.886631,16126.209,5.093688
2013-04-24 03:11:03.410740,16137.065,5.0926113
2013-04-24 03:40:28.926216,16131.751,5.0927205
2013-04-24 04:09:54.441699,16121.885,5.0948057
2013-04-24 04:39:19.957187,16127.485,5.0944266
2013-04-24 05:08:45.464044,16135.598,5.0936127
2013-04-24 05:38:10.988188,16136.588,5.095545
2013-04-24 06:07:36.503698,16128.694,5.0929937
2013-04-24 06:37:02.010575,16126.086,5.0934014
2013-04-24 07:06:27.534739,16137.668,5.094997
2013-04-24 07:35:53.050269,16120.096,5.09217
2013-04-24 08:05:18.557167,16127.2295,5.0928526
2013-04-24 08:34:44.081353,16135.996,5.0933537
2013-04-24 09:04:09.596904,16135.329,5.0921965
2013-04-24 09:33:35.121103,16138.34,5.0957184
2013-04-24 10:03:00.628028,16130.816,5.0949855
2013-04-24 10:32:26.143600,16131.428,5.094639
2013-04-24 11:01:51.667820,16133.402,5.094489
2013-04-24 11:31:17.174765,16140.441,5.0963554
2013-04-24 12:00:42.690358,16119.254,5.0924525
2013-04-24 12:30:08.214597,16129.214,5.093199
2013-04-24 12:59:33.721564,16131.152,5.095427
2013-04-24 13:28:59.245817,16131.412,5.09585
2013-04-24 13:58:24.761438,16126.603,5.095718
2013-04-24 14:27:50.268424,16127.414,5.0946994
2013-04-24 14:57:15.792698,16136.163,5.093762
2013-04-24 15:26:41.308339,16133.41,5.0952563
2013-04-24 15:56:06.823986,16136.079,5.095668
2013-04-24 16:25:32.339640,16128.709,5.0928307
2013-04-24 16:54:57.855301,16131.569,5.094283
2013-04-24 17:24:23.370969,16135.509,5.0960307
2013-04-24 17:53:48.886644,16131.476,5.0941033
2013-04-24 18:23:14.402325,16141.236,5.0962768
2013-04-24 18:52:39.918013,16138.376,5.0956235
2013-04-24 19:22:05.442348,16124.26,5.093431
2013-04-24 19:51:30.949409,16132.98,5.094685
2013-04-24 20:20:56.465117,16133.51,5.095402
2013-04-24 20:50:21.980832,16130.43,5.0936356
2013-04-24 21:19:47.496554,16138.149,5.0946693
2013-04-24 21:49:13.020922,16129.3,5.0938945
2013-04-24 22:18:38.528017,16129.767,5.094713
2013-04-24 22:48:04.052399,16136.888,5.0958366
2013-04-24 23:17:29.568148,16128.576,5.094098
2013-04-24 23:46:55.075262,16129.313,5.0952
2013-04-25 00:16:20.599664,16138.742,5.096739
2013-04-25 00:45:46.115433,16140.493,5.0952
2013-04-25 01:15:11.622568,16126.928,5.095147
2013-04-25 01:44:37.146991,16125.798,5.0950227
2013-04-25 02:14:02.662780,16143.378,5.0958056
2013-04-25 02:43:28.187215,16134.087,5.0938973
2013-04-25 03:12:53.694376,16137.702,5.094318
2013-04-25 03:42:19.210184,16128.673,5.0940223
2013-04-25 04:11:44.734640,16124.773,5.093334
2013-04-25 04:41:10.241821,16145.506,5.0949993
2013-04-25 05:10:35.757651,16128.001,5.0959334
2013-04-25 05:40:01.282126,16136.881,5.095533
2013-04-25 06:09:26.789327,16141.97,5.0961533
2013-04-25 06:38:52.305175,16137.373,5.094181
2013-04-25 07:08:17.829670,16135.417,5.0941286
2013-04-25 07:37:43.345531,16135.365,5.0939827
2013-04-25 08:07:08.861399,16142.1875,5.094456
2013-04-25 08:36:34.377274,16140.844,5.096813
2013-04-25 09:05:59.893155,16138.567,5.0958567
2013-04-25 09:35:25.409042,16126.659,5.0939507
2013-04-25 10:04:50.924937,16144.684,5.09543
2013-04-25 10:34:16.440838,16140.425,5.094427
2013-04-25 11:03:41.956745,16139.282,5.095674
2013-04-25 11:33:07.472660,16138.854,5.094055
2013-04-25 12:02:32.988579,16134.009,5.0931993
2013-04-25 12:31:58.504505,16135.625,5.0949225
2013-04-25 13:01:24.020440,16134.855,5.0956354
2013-04-25 13:30:49.545020,16140.764,5.0954986
2013-04-25 14:00:15.052326,16138.54,5.0954194
2013-04-25 14:29:40.568279,16137.125,5.0938597
2013-04-25 14:59:06.092879,16140.675,5.0943203
2013-04-25 15:28:31.600205,16136.681,5.0965853
2013-04-25 15:57:57.116177,16140.905,5.0954037
2013-04-25 16:27:22.640796,16141.932,5.0957637
2013-04-25 16:56:48.148142,16137.801,5.0953207
2013-04-25 17:26:13.672775,16145.427,5.0958138
2013-04-25 17:55:39.188772,16141.38,5.093828
2013-04-25 18:25:04.696136,16144.017,5.0936546
2013-04-25 18:54:30.220788,16134.306,5.0961847
2013-04-25 19:23:55.736805,16133.102,5.0952754
2013-04-25 19:53:21.244189,16141.575,5.0950856
2013-04-25 20:22:46.768862,16137.299,5.095183
2013-04-25 20:52:12.284898,16138.012,5.0958986
2013-04-25 21:21:37.809581,16136.68,5.0950923
2013-04-25 21:51:03.316991,16134.467,5.0940084
2013-04-25 22:20:28.833047,16135.111,5.093377
2013-04-25 22:49:54.357750,16136.705,5.0948544
2013-04-25 23:19:19.873817,16137.098,5.0943694
2013-04-25 23:48:45.381254,16138.624,5.09545
2013-04-26 00:18:10.905976,16143.544,5.094513
2013-04-26 00:47:36.422063,16143.854,5.094847
2013-04-26 01:17:01.929517,16134.769,5.0942516
2013-04-26 01:46:27.454259,16141.722,5.095951
2013-04-26 02:15:52.970366,16135.317,5.0953836
2013-04-26 02:45:18.486479,16139.25,5.0947948
2013-04-26 03:44:09.510084,16137.819,5.0944123
2013-04-26 04:13:35.034857,16123.846,5.0933805
2013-04-26 04:43:00.550997,16133.429,5.094208
2013-04-26 05:12:26.058500,16140.447,5.0957785
2013-04-26 05:41:51.583292,16151.204,5.098826
2013-04-26 06:11:17.099450,16140.816,5.0946994
2013-04-26 06:40:42.624254,16143.195,5.094414
2013-04-26 07:10:08.131784,16140.857,5.096566
2013-04-26 07:39:33.647962,16138.932,5.094484
2013-04-26 08:08:59.172785,16137.769,5.0948753
2013-04-26 08:38:24.680332,16139.32,5.095806
2013-04-26 09:07:50.196528,16140.924,5.0947757
2013-04-26 09:37:15.721370,16145.419,5.09521
2013-04-26 10:06:41.228937,16138.237,5.095155
2013-04-26 10:36:06.745152,16136.59,5.095855
2013-04-26 11:05:32.270012,16138.673,5.0956435
2013-04-26 11:34:57.777598,16149.617,5.096784
2013-04-26 12:04:23.302471,16142.101,5.093276
2013-04-26 12:33:48.818710,16147.015,5.095407
2013-04-26 13:03:14.334956,16147.255,5.0952935
2013-04-26 13:32:39.851207,16142.208,5.094737
2013-04-26 14:02:05.367464,16150.409,5.094281
2013-04-26 14:31:30.883727,16144.607,5.0953345
2013-04-26 15:00:56.399997,16149.158,5.095075
2013-04-26 15:30:21.916273,16146.958,5.09574
2013-04-26 15:59:47.432556,16141.921,5.093309
2013-04-26 16:29:12.957484,16141.272,5.095369
2013-04-26 16:58:38.465139,16145.856,5.095075
2013-04-26 17:28:03.990080,16135.507,5.094644
2013-04-26 17:57:29.506386,16153.672,5.095517
2013-04-26 18:26:55.014060,16136.999,5.093486
2013-04-26 18:56:20.539018,16137.465,5.0942287
2013-04-26 19:25:46.046702,16137.126,5.094315
2013-04-26 19:55:11.563035,16135.099,5.093081
2013-04-26 20:24:37.088012,16134.45,5.0941973
2013-04-26 21:23:28.120705,16135.265,5.0936522
2013-04-26 21:52:53.637061,16152.27,5.0953984
2013-04-26 22:22:19.144783,16144.986,5.0958843
2013-04-26 22:51:44.669791,16142.961,5.093267
2013-04-26 23:21:10.186163,16145.564,5.093762
2013-04-26 23:50:35.693905,16146.074,5.0953593
2013-04-27 00:20:01.218932,16138.285,5.094302
2013-04-27 00:49:26.735323,16155.246,5.0948744
2013-04-27 01:18:52.251720,16138.599,5.093916
2013-04-27 01:48:17.768125,16153.527,5.09582
2013-04-27 02:17:43.284536,16147.442,5.0946183
2013-04-27 02:47:08.809593,16147.539,5.094508
2013-04-27 03:16:34.317374,16139.457,5.0916753
2013-04-27 03:45:59.833802,16150.691,5.095781
2013-04-27 04:15:25.358876,16155.288,5.094826
2013-04-27 04:44:50.875316,16142.529,5.0945144
2013-04-27 05:14:16.383122,16141.725,5.0933723
2013-04-27 05:43:41.908216,16146.77,5.094782
2013-04-27 06:13:07.424674,16143.974,5.093611
2013-04-27 06:42:32.941139,16152.09,5.095632
2013-04-27 07:11:58.457608,16145.034,5.0944905
2013-04-27 07:41:23.974085,16143.125,5.094434
2013-04-27 08:10:49.499208,16140.675,5.092693
2013-04-27 08:40:15.007055,16145.539,5.0956397
2013-04-27 09:09:40.523549,16139.655,5.0943065
2013-04-27 09:39:06.048689,16150.924,5.09444
2013-04-27 10:08:31.556554,16141.878,5.0917506
2013-04-27 10:37:57.073066,16143.99,5.093817
2013-04-27 11:07:22.589584,16147.483,5.094794
2013-04-27 11:36:48.106108,16163.886,5.0957375
2013-04-27 12:06:13.631277,16151.798,5.0949874
2013-04-27 12:35:39.139174,16138.244,5.0916615
2013-04-27 13:05:04.655714,16148.611,5.0940638
2013-04-27 13:34:30.180901,16145.733,5.094224
2013-04-27 14:03:55.688814,16154.681,5.0965376
2013-04-27 14:33:21.205374,16150.844,5.0945816
2013-04-27 15:02:46.730579,16147.26,5.093654
2013-04-27 15:32:12.238509,16151.029,5.094142
2013-04-27 16:01:37.763725,16154.212,5.09462
2013-04-27 16:31:03.280307,16146.679,5.0948653
2013-04-27 17:00:28.788255,16159.68,5.0950465
2013-04-27 17:29:54.313491,16152.603,5.0942054
2013-04-27 17:59:19.830091,16152.393,5.0949883
2013-04-27 18:28:45.346696,16151.819,5.094833
2013-04-27 18:58:10.863307,16152.757,5.0944076
2013-04-27 19:27:36.379924,16146.936,5.0935965
2013-04-27 19:57:01.896547,16153.702,5.095939
2013-04-27 20:26:27.421817,16154.927,5.0943346
2013-04-27 20:55:52.929811,16151.048,5.0935926
2013-04-27 21:25:18.455092,16157.728,5.0944514
2013-04-27 21:54:43.971738,16154.265,5.096976
2013-04-27 22:24:09.479750,16151.621,5.0956173
2013-04-27 22:53:35.005049,16151.119,5.0950184
2013-04-27 23:23:00.521712,16145.857,5.0931163
2013-04-27 23:52:26.029740,16141.82,5.0929985
2013-04-28 00:21:51.555056,16147.356,5.0930758
2013-04-28 00:51:17.071736,16152.588,5.0936403
2013-04-28 01:20:42.588422,16143.953,5.0942736
2013-04-28 01:50:08.105116,16148.924,5.0942855
2013-04-28 02:19:33.613172,16145.474,5.0934663
2013-04-28 02:48:59.138517,16151.127,5.0941443
2013-04-28 03:18:24.655226,16156.49,5.093532
2013-04-28 03:47:50.163300,16157.682,5.092687
2013-04-28 04:17:15.688662,16152.146,5.0934415
2013-04-28 04:46:41.205387,16158.027,5.0936494
2013-04-28 05:16:06.722121,16162.412,5.095114
2013-04-28 05:45:32.238858,16155.531,5.094576
2013-04-28 06:14:57.755601,16152.301,5.0936933
2013-04-28 06:44:23.280992,16155.911,5.095297
2013-04-28 07:13:48.789105,16155.132,5.0926576
2013-04-28 07:43:14.305866,16168.129,5.0930634
2013-04-28 08:12:39.831272,16162.795,5.0956264
2013-04-28 08:42:05.348043,16150.326,5.0945325
2013-04-28 09:11:30.856181,16161.019,5.0947943
2013-04-28 09:40:56.381605,16164.312,5.095114
2013-04-28 10:10:21.898392,16157.924,5.09474
2013-04-28 10:39:47.415187,16162.98,5.094785
2013-04-28 11:09:12.931986,16148.524,5.0938625
2013-04-28 11:38:38.448791,16163.94,5.094777
2013-04-28 12:08:03.965603,16157.889,5.094678
2013-04-28 12:37:29.482419,16157.512,5.0921445
2013-04-28 13:06:54.999241,16155.357,5.0952544
2013-04-28 13:36:20.524710,16155.836,5.0947666
2013-04-28 14:05:46.032901,16146.191,5.09503
2013-04-28 14:35:11.549741,16167.199,5.094926
2013-04-28 15:04:37.075225,16154.642,5.0933576
2013-04-28 15:34:02.583434,16161.979,5.092992
2013-04-28 16:03:28.108931,16152.972,5.0943604
2013-04-28 16:32:53.625791,16153.504,5.093689
2013-04-28 17:02:19.134017,16159.545,5.0938067
2013-04-28 17:31:44.659529,16180.356,5.1002307
2013-04-28 18:01:10.167767,16158.215,5.093768
2013-04-28 18:30:35.684651,16166.648,5.0963187
2013-04-28 19:00:01.210178,16163.355,5.0945745
2013-04-28 19:29:26.718433,16161.469,5.0941014
2013-04-28 19:58:52.243972,16157.19,5.0939584
2013-04-28 20:28:17.760877,16162.241,5.097
2013-04-28 20:57:43.269147,16156.437,5.0929713
2013-04-28 21:27:08.794703,16150.404,5.091668
2013-04-28 21:56:34.311625,16169.288,5.0955777
2013-04-28 22:25:59.828552,16155.362,5.092036
2013-04-28 22:55:25.345483,16152.639,5.095133
2013-04-28 23:24:50.862421,16163.233,5.0951457
2013-04-28 23:54:16.379365,16168.698,5.094216
2013-04-29 00:23:41.896312,16163.147,5.0957465
2013-04-29 00:53:07.413267,16159.756,5.090981
2013-04-29 01:22:32.938866,16155.575,5.0938897
2013-04-29 01:51:58.455832,16163.131,5.0937066
2013-04-29 02:21:23.964162,16164.813,5.092239
2013-04-29 03:20:15.006757,16162.199,5.0931416
2013-04-29 03:49:40.515104,16160.957,5.0939755
2013-04-29 04:19:06.040735,16159.735,5.0932245
2013-04-29 04:48:31.557733,16160.814,5.0933194
2013-04-29 05:17:57.066095,16163.481,5.0958567
2013-04-29 05:47:22.591743,16156.896,5.094308
2013-04-29 06:16:48.108756,16155.709,5.094988
2013-04-29 06:46:13.634415,16159.427,5.0931907
2013-04-29 07:15:39.142799,16160.014,5.093944
2013-04-29 07:45:04.659827,16156.011,5.093072
2013-04-29 08:14:30.185502,16166.148,5.0933547
2013-04-29 08:43:55.693902,16163.454,5.09415
2013-04-29 09:13:21.210948,16165.03,5.0938773
2013-04-29 09:42:46.727999,16168.976,5.0941453
2013-04-29 10:12:12.245054,16161.67,5.0921926
2013-04-29 10:41:37.770754,16166.316,5.0923185
2013-04-29 11:11:03.279180,16162.162,5.093822
2013-04-29 11:40:28.796252,16163.389,5.0938716
2013-04-29 12:09:54.321969,16160.413,5.0935698
2013-04-29 12:39:19.830410,16165.181,5.0934114
2013-04-29 13:08:45.347497,16161.01,5.0932674
2013-04-29 13:38:10.873231,16161.68,5.0932975
2013-04-29 14:07:36.390329,16170.358,5.094381
2013-04-29 14:37:01.898792,16167.444,5.09383
2013-04-29 15:06:27.424541,16172.295,5.09185
2013-04-29 15:35:52.941654,16168.157,5.092553
2013-04-29 16:05:18.458772,16163.194,5.092592
2013-04-29 16:34:43.975896,16169.659,5.0933075
2013-04-29 17:04:09.493027,16166.979,5.0930896
2013-04-29 17:33:35.018800,16177.808,5.0949836
2013-04-29 18:03:00.527301,16155.021,5.091169
2013-04-29 18:32:26.044445,16166.015,5.0906396
2013-04-29 19:01:51.570236,16163.971,5.0909853
2013-04-29 19:31:17.078752,16173.279,5.093019
2013-04-29 20:00:42.604550,16167.986,5.0937157
2013-04-29 20:30:08.121716,16166.34,5.0920076
2013-04-29 20:59:33.630248,16165.696,5.0929456
2013-04-29 21:28:59.156062,16177.692,5.0926504
2013-04-29 21:58:24.673245,16169.218,5.093853
2013-04-29 22:27:50.181789,16167.106,5.0927
2013-04-29 22:57:15.707620,16165.734,5.0940843
2013-04-29 23:26:41.224816,16169.308,5.0933514
2013-04-29 23:56:06.733378,16188.61,5.094701
2013-04-30 00:25:32.259224,16158.082,5.0920377
2013-04-30 00:54:57.767795,16168.997,5.0927916
2013-04-30 01:24:23.293655,16162.805,5.0920997
2013-04-30 01:53:48.810876,16181.04,5.093417
2013-04-30 02:23:14.328102,16166.609,5.093124
2013-04-30 02:52:39.845334,16169.874,5.0931644
2013-04-30 03:22:05.362571,16162.423,5.093244
2013-04-30 03:51:30.879812,16169.829,5.092186
2013-04-30 04:20:56.397061,16172.761,5.093258
2013-04-30 04:50:21.914312,16172.4375,5.0939307
2013-04-30 05:19:47.440209,16173.113,5.0934796
2013-04-30 05:49:12.957474,16176.425,5.09406
2013-04-30 06:18:38.466101,16179.23,5.0937076
2013-04-30 06:48:03.992012,16162.407,5.0926237
2013-04-30 07:17:29.509292,16166.281,5.0911436
2013-04-30 07:46:55.017933,16169.896,5.0926213
2013-04-30 08:16:20.543860,16169.587,5.092818
2013-04-30 08:45:46.061152,16171.835,5.0939527
2013-04-30 09:15:11.569809,16166.328,5.0920253
2013-04-30 09:44:37.095753,16164.828,5.09133
2013-04-30 10:14:02.613060,16177.623,5.094309
2013-04-30 10:43:28.139012,16168.3,5.09488
2013-04-30 11:12:53.647689,16170.988,5.0918756
2013-04-30 11:42:19.165011,16173.871,5.0931993
2013-04-30 12:11:44.690981,16165.4375,5.0935025
2013-04-30 12:41:10.199670,16175.865,5.0933
2013-04-30 13:10:35.717008,16172.262,5.093877
2013-04-30 13:40:01.242990,16164.038,5.0943346
2013-04-30 14:09:26.751699,16161.599,5.0933943
2013-04-30 14:38:52.269049,16181.163,5.092846
2013-04-30 15:08:17.795046,16165.934,5.092204
2013-04-30 15:37:43.303769,16170.679,5.093258
2013-04-30 16:07:08.829776,16175.724,5.0943556
2013-04-30 16:36:34.338506,16173.918,5.094861
2013-04-30 17:05:59.855883,16178.228,5.093317
2013-04-30 17:35:25.381906,16164.356,5.0928364
2013-04-30 18:04:50.890650,16178.7295,5.0931497
2013-04-30 18:34:16.408043,16175.696,5.0927625
2013-04-30 19:03:41.934078,16175.937,5.0907097
2013-04-30 19:33:07.451478,16167.632,5.0934663
2013-04-30 20:02:32.968885,16166.398,5.093022
2013-04-30 20:31:58.486296,16170.558,5.091497
2013-04-30 21:01:24.003710,16169.059,5.091737
2013-04-30 21:30:49.521131,16162.426,5.0934544
2013-04-30 22:00:15.038556,16181.413,5.094237
2013-04-30 22:29:40.555986,16177.59,5.0936656
2013-04-30 22:59:06.082061,16168.324,5.0926065
2013-04-30 23:28:31.590859,16179.08,5.094225
2013-04-30 23:57:57.108304,16169.868,5.093844
2013-05-01 00:27:22.634395,16176.657,5.095231
2013-05-01 00:56:48.143208,16166.98,5.08982
2013-05-01 01:26:13.669305,16176.612,5.091933
2013-05-01 01:55:39.186771,16169.491,5.092886
2013-05-01 02:25:04.695599,16180.983,5.094462
2013-05-01 02:54:30.221711,16174.427,5.0911055
2013-05-01 03:23:55.739189,16173.416,5.093669
2013-05-01 03:53:21.248032,16167.341,5.0925035
2013-05-01 04:22:46.774158,16168.754,5.0905404
2013-05-01 04:52:12.291651,16180.315,5.0935664
2013-05-01 05:21:37.817789,16171.873,5.0930376
2013-05-01 05:51:03.326649,16173.605,5.093565
2013-05-01 06:20:28.844155,16185.365,5.093638
2013-05-01 06:49:54.370305,16174.756,5.093149
2013-05-01 07:19:19.879181,16178.833,5.0940495
2013-05-01 07:48:45.396702,16167.814,5.090136
2013-05-01 08:18:10.914228,16171.112,5.0918965
2013-05-01 08:47:36.431756,16180.921,5.094454
2013-05-01 09:17:01.949289,16168.282,5.0929437
2013-05-01 09:46:27.466830,16173.998,5.092234
2013-05-01 10:15:52.984373,16175.454,5.0938425
2013-05-01 10:45:18.510562,16179.699,5.0941443
2013-05-01 11:14:44.028115,16180.683,5.0953946
2013-05-01 11:44:09.537031,16176.551,5.091756
2013-05-01 12:13:35.063235,16174.012,5.0938425
2013-05-01 12:43:00.580800,16169.773,5.092202
2013-05-01 13:12:26.089731,16170.514,5.0942616
2013-05-01 13:41:51.615950,16171.546,5.0932
2013-05-01 14:11:17.133528,16173.141,5.0926757
2013-05-01 14:40:42.659755,16177.953,5.093594
2013-05-01 15:10:08.168706,16177.563,5.0918384
2013-05-01 15:39:33.686299,16168.287,5.0925345
2013-05-01 16:08:59.212538,16167.729,5.0943756
2013-05-01 16:38:24.721502,16180.162,5.093818
2013-05-01 17:07:50.239110,16173.013,5.093729
2013-05-01 17:37:15.765364,16175.072,5.0929527
2013-05-01 18:06:41.274340,16169.927,5.0933146
2013-05-01 18:36:06.791964,16178.125,5.0936017
2013-05-01 19:05:32.318230,16177.351,5.0937614
2013-05-01 19:34:57.827222,16180.595,5.094567
2013-05-01 20:04:23.353495,16168.774,5.094258
2013-05-01 20:33:48.871137,16182.587,5.093849
2013-05-01 21:03:14.388781,16177.606,5.0942254
2013-05-01 21:32:39.906430,16182.511,5.0948095
2013-05-01 22:02:05.424084,16184.029,5.0937123
2013-05-01 22:31:30.941743,16167.704,5.092662
2013-05-01 23:00:56.459404,16177.82,5.094642
2013-05-01 23:30:21.977073,16182.9375,5.092481
2013-05-01 23:59:47.494745,16180.451,5.0924993
2013-05-02 00:29:13.012419,16177.8955,5.093577
2013-05-02 00:58:38.530101,16165.206,5.092571
2013-05-02 01:28:04.047785,16175.515,5.09213
2013-05-02 01:57:29.565476,16172.929,5.084889
2013-05-07 07:59:47.144845,16155.097,5.0749993
2013-05-07 08:29:12.672108,16162.888,5.048244
2013-05-07 08:58:38.182095,16166.247,5.065785
2013-05-07 09:28:03.709367,16152.89,5.064643
2013-05-07 09:57:29.227999,16158.323,5.0634475
2013-05-07 10:26:54.737991,16161.922,5.0674186
2013-05-07 10:56:20.265273,16160.563,5.059216
2013-05-07 11:25:45.783916,16171.728,5.0713387
2013-05-07 11:55:11.302558,16165.851,5.062084
2013-05-07 12:24:36.821200,16158.944,5.065466
2013-05-07 12:54:02.339852,16160.469,5.0669556
2013-05-07 13:23:27.867145,16148.834,5.063424
2013-05-07 13:52:53.385797,16177.204,5.062103
2013-05-07 14:22:18.895814,16155.598,5.0689707
2013-05-07 14:51:44.423117,16156.258,5.0673075
2013-05-07 15:21:09.941778,16152.65,5.0706096
2013-05-07 15:50:35.451806,16161.628,5.067424
2013-05-07 16:20:00.979114,16166.068,5.072384
2013-05-07 16:49:26.497780,16162.918,5.074735
2013-05-07 17:18:52.016458,16150.317,5.0715756
2013-05-07 17:48:17.535131,16155.482,5.076429
2013-05-07 18:17:43.045168,16157.819,5.0724716
2013-05-07 18:47:08.572490,16159.448,5.0814013
2013-05-07 19:16:34.091178,16155.401,5.0794272
2013-05-07 19:45:59.601225,16161.344,5.0732384
2013-05-07 20:15:25.128553,16167.258,5.0819955
2013-05-07 20:44:50.647245,16164.485,5.084383
2013-05-07 21:14:16.174577,16169.69,5.0867214
2013-05-07 21:43:41.684635,16161.137,5.08519
2013-05-07 22:13:07.203338,16164.676,5.0837073
2013-05-07 22:42:32.730680,16160.304,5.087331
2013-05-07 23:11:58.240743,16172.943,5.083498
2013-05-08 00:10:49.286803,16158.915,5.0812216
2013-05-08 00:40:14.796875,16167.227,5.0897946
2013-05-08 01:09:40.324228,16158.637,5.087253
2013-05-08 01:39:05.842946,16163.929,5.0878716
2013-05-08 02:08:31.361668,16160.133,5.089919
2013-05-08 02:37:56.880391,16174.394,5.090931
2013-05-08 03:07:22.399119,16161.825,5.0886526
2013-05-08 03:36:47.917847,16159.023,5.0939307
2013-05-08 04:06:13.436574,16162.677,5.09097
2013-05-08 04:35:38.955307,16169.037,5.092147
2013-05-08 05:05:04.482685,16162.846,5.0909233
2013-05-08 05:34:29.992782,16157.559,5.0939236
2013-05-08 06:03:55.511525,16160.043,5.0929146
2013-05-08 06:33:21.038908,16157.413,5.0937424
2013-05-08 07:02:46.557655,16159.951,5.094647
2013-05-08 07:32:12.067758,16156.778,5.091944
2013-05-08 08:01:37.595151,16159.067,5.0941663
2013-05-08 08:31:03.105264,16161.653,5.094003
2013-05-08 09:00:28.632662,16169.213,5.096526
2013-05-08 09:29:54.151420,16152.741,5.0932665
2013-05-08 09:59:19.661537,16163.297,5.0953145
2013-05-08 10:28:45.188941,16161.908,5.098026
2013-05-08 10:58:10.707709,16158.5205,5.095803
2013-05-08 11:27:36.217836,16158.49,5.0970564
2013-05-08 11:57:01.745244,16167.178,5.0964327
2013-05-08 12:26:27.264017,16174.25,5.099378
2013-05-08 12:55:52.774155,16154.031,5.0972867
2013-05-08 13:25:18.301573,16171.985,5.096992
2013-05-08 13:54:43.820351,16169.252,5.099415
2013-05-08 14:24:09.347774,16160.141,5.0982485
2013-05-08 14:53:34.857917,16161.371,5.097696
2013-05-08 15:23:00.376705,16165.727,5.100275
2013-05-08 15:52:25.904138,16157.809,5.0990634
2013-05-08 16:21:51.414286,16176.111,5.0997734
2013-05-08 16:51:16.933085,16160.9375,5.0990405
2013-05-08 17:20:42.460517,16166.25,5.1002793
2013-05-08 17:50:07.970681,16168.571,5.099639
2013-05-08 18:19:33.498118,16171.14,5.100683
2013-05-08 18:48:59.016922,16159.038,5.098948
2013-05-08 19:18:24.535730,16166.856,5.1001935
2013-05-08 19:47:50.054538,16174.28,5.10081
2013-05-08 20:17:15.573346,16171.594,5.10095
2013-05-08 20:46:41.092160,16156.167,5.0993757
2013-05-08 21:16:06.610977,16160.882,5.101351
2013-05-08 21:45:32.129796,16165.521,5.101007
2013-05-08 22:14:57.648614,16163.593,5.100572
2013-05-08 22:44:23.176077,16157.897,5.1003733
2013-05-08 23:13:48.686260,16166.577,5.1010838
2013-05-08 23:43:14.213729,16160.139,5.1008897
2013-05-09 00:12:39.723917,16162.645,5.101093
2013-05-09 00:42:05.242750,16168.521,5.1005087
2013-05-09 01:11:30.770224,16165.111,5.1005473
2013-05-09 01:40:56.280417,16165.357,5.1010184
2013-05-09 02:10:21.799255,16159.921,5.10121
2013-05-09 02:39:47.326739,16163.682,5.1005826
2013-05-09 03:09:12.836937,16167.8125,5.100229
2013-05-09 03:38:38.364425,16161.036,5.1003385
2013-05-09 04:08:03.883269,16162.986,5.099658
2013-05-09 04:37:29.393483,16164.088,5.0999303
2013-05-09 05:06:54.920971,16164.674,5.1004314
2013-05-09 05:36:20.439824,16159.725,5.0993414
2013-05-09 06:05:45.950042,16162.631,5.1001515
2013-05-09 06:35:11.477541,16160.28,5.097146
2013-05-09 07:04:36.996400,16167.901,5.0997314
2013-05-09 07:34:02.515263,16160.919,5.0985856
2013-05-09 08:03:28.034126,16166.814,5.100207
2013-05-09 08:32:53.552995,16163.439,5.099896
2013-05-09 09:02:19.080503,16165.878,5.099436
2013-05-09 09:31:44.590732,16168.472,5.1008496
2013-05-09 10:01:10.109606,16161.458,5.0986505
2013-05-09 10:30:35.637124,16166.133,5.0998034
2013-05-09 11:00:01.155997,16170.292,5.0994983
2013-05-09 11:29:26.666241,16156.664,5.0987706
2013-05-09 11:58:52.193759,16164.846,5.0978317
2013-05-09 12:28:17.712643,16167.103,5.0977645
2013-05-09 12:57:43.222892,16154.766,5.097514
2013-05-09 13:27:08.750415,16167.766,5.0977755
2013-05-09 13:56:34.269309,16175.082,5.099329
2013-05-09 14:25:59.796837,16157.842,5.0957847
2013-05-09 14:55:25.307096,16159.555,5.0971117
2013-05-09 15:24:50.825990,16159.251,5.0951653
2013-05-09 15:54:16.344889,16168.464,5.0965915
2013-05-09 16:23:41.863787,16167.622,5.096362
2013-05-09 16:53:07.374051,16163.416,5.095481
2013-05-09 17:22:32.901595,16163.374,5.096893
2013-05-09 17:51:58.420503,16167.68,5.0943804
2013-05-09 18:21:23.948052,16168.176,5.095083
2013-05-09 18:50:49.458321,16160.776,5.0939236
2013-05-09 19:20:14.977235,16163.94,5.097811
2013-05-09 19:49:40.504789,16167.102,5.094965
2013-05-09 20:19:06.015068,16165.876,5.0940638
2013-05-09 20:48:31.533981,16164.191,5.093882
2013-05-09 21:17:57.061545,16166.712,5.0942354
2013-05-09 21:47:22.571829,16160.473,5.0942917
2013-05-09 22:16:48.090752,16166.42,5.090284
2013-05-09 22:46:13.618317,16166.413,5.0945907
2013-05-09 23:15:39.137250,16158.383,5.0932274
2013-05-09 23:45:04.656179,16158.958,5.092653
2013-05-10 00:14:30.175108,16161.311,5.093514
2013-05-10 00:43:55.694042,16163.825,5.0917645
2013-05-10 01:13:21.212981,16173.284,5.0926423
2013-05-10 01:42:46.731920,16159.528,5.091691
2013-05-10 02:12:12.250858,16168.536,5.091939
2013-05-10 02:41:37.778443,16163.56,5.0925093
2013-05-10 03:11:03.288747,16162.685,5.0893426
2013-05-10 03:40:28.807691,16160.838,5.088214
2013-05-10 04:09:54.335279,16168.043,5.0915484
2013-05-10 04:39:19.845589,16167.287,5.089233
2013-05-10 05:08:45.373182,16163.662,5.08782
2013-05-10 05:38:10.892136,16166.686,5.092183
2013-05-10 06:07:36.402451,16163.226,5.0904183
2013-05-10 06:37:01.930049,16165.615,5.0856285
2013-05-10 07:06:27.449008,16157.066,5.087939
2013-05-10 07:35:52.959328,16167.544,5.089646
2013-05-10 08:34:43.997256,16157.62,5.0910177
2013-05-10 09:04:09.524860,16154.277,5.089136
2013-05-10 09:33:35.043829,16156.326,5.088095
2013-05-10 10:03:00.554158,16162.715,5.090039
2013-05-10 10:32:26.081772,16160.7295,5.0870776
2013-05-10 11:01:51.600746,16160.59,5.0884957
2013-05-10 11:31:17.111080,16160.382,5.0877194
2013-05-10 12:00:42.638700,16163.794,5.0845647
2013-05-10 12:30:08.157678,16165.252,5.090801
2013-05-10 12:59:33.676663,16152.849,5.084948
2013-05-10 13:28:59.195642,16176.519,5.0874352
2013-05-10 13:58:24.714626,16160.7295,5.0880775
2013-05-10 14:27:50.242255,16169.555,5.0890756
2013-05-10 14:57:15.752605,16164.705,5.0879498
2013-05-10 15:26:41.271593,16161.5205,5.0865455
2013-05-10 15:56:06.799223,16161.842,5.0865884
2013-05-10 16:25:32.318217,16154.412,5.083354
2013-05-10 16:54:57.828571,16166.762,5.08802
2013-05-10 17:24:23.356211,16169.393,5.08673
2013-05-10 17:53:48.875210,16166.355,5.0876966
2013-05-10 18:23:14.385569,16163.953,5.086821
2013-05-10 18:52:39.913208,16168.583,5.0833564
2013-05-10 19:22:05.432212,16166.586,5.0879207
2013-05-10 19:51:30.959862,16162.233,5.087389
2013-05-10 20:20:56.470226,16163.723,5.086584
2013-05-10 20:50:21.989236,16160.289,5.0846043
2013-05-10 21:19:47.516885,16167.346,5.0848603
2013-05-10 21:49:13.027259,16169.781,5.0853076
2013-05-10 22:18:38.546273,16163.659,5.087612
2013-05-10 22:48:04.065288,16164.049,5.08332
2013-05-10 23:17:29.584302,16167.452,5.086382
2013-05-10 23:46:55.111961,16174.614,5.0822334
2013-05-11 00:16:20.622341,16165.179,5.0858397
2013-05-11 00:45:46.141365,16174.75,5.0827136
2013-05-11 01:15:11.669030,16163.389,5.084872
2013-05-11 01:44:37.179414,16170.628,5.084746
2013-05-11 02:14:02.698439,16170.628,5.0829825
2013-05-11 02:43:28.226108,16159.783,5.085681
2013-05-11 03:12:53.736497,16159.882,5.079082
2013-05-11 03:42:19.255532,16167.852,5.0858865
2013-05-11 04:11:44.783206,16174.691,5.083624
2013-05-11 04:41:10.302241,16163.24,5.079546
2013-05-11 05:10:35.821276,16162.716,5.0821614
2013-05-11 05:40:01.340315,16167.144,5.082992
2013-05-11 06:09:26.859354,16151.475,5.0800385
2013-05-11 06:38:52.378394,16166.355,5.080943
2013-05-11 07:08:17.897438,16170.558,5.0818067
2013-05-11 07:37:43.416483,16172.813,5.0836887
2013-05-11 08:07:08.944168,16154.256,5.0807257
2013-05-11 08:36:34.454577,16168.924,5.083005
2013-05-11 09:05:59.973626,16166.167,5.0841985
2013-05-11 09:35:25.501316,16162.803,5.080226
2013-05-11 10:04:51.011725,16179.622,5.0884776
2013-05-11 10:34:16.539420,16167.459,5.080738
2013-05-11 11:03:42.058475,16166.5205,5.0833807
2013-05-11 11:33:07.568894,16172.8955,5.07624
2013-05-11 12:02:33.096589,16165.279,5.0807266
