time,flux,flux_err
2013-01-12 15:17:44.538744,57681.145,7.7913914
2013-01-12 15:47:09.954390,57687.56,7.7869244
2013-01-12 16:16:35.387346,57680.293,7.788284
2013-01-12 16:46:00.811701,57663.543,7.787263
2013-01-12 17:15:26.227427,57673.934,7.7875357
2013-01-12 17:44:51.660463,57717.05,7.7913284
2013-01-12 18:14:17.084889,57677.273,7.788728
2013-01-12 18:43:42.500706,57668.14,7.7886696
2013-01-12 19:13:07.933823,57697.758,7.788406
2013-01-12 19:42:33.358329,57680.992,7.7905736
2013-01-12 20:11:58.782866,57676.133,7.7895894
2013-01-12 20:41:24.207423,57689.047,7.789742
2013-01-12 21:10:49.632010,57679.02,7.7876267
2013-01-12 21:40:15.065268,57673.445,7.789672
2013-01-12 22:09:40.481275,57674.23,7.7929773
2013-01-12 22:39:05.905942,57678.203,7.792445
2013-01-12 23:08:31.339281,57682.49,7.7923546
2013-01-12 23:37:56.763998,57686.605,7.793533
2013-01-13 00:07:22.180106,57663.785,7.790329
2013-01-13 00:36:47.613525,57672.688,7.792137
2013-01-13 01:06:13.038324,57678.535,7.791934
2013-01-13 01:35:38.463152,57669.9,7.792355
2013-01-13 02:05:03.888011,57686.625,7.7938943
2013-01-13 02:34:29.312899,57687.46,7.792435
2013-01-13 03:03:54.737808,57683.95,7.793295
2013-01-13 03:33:20.162748,57674.305,7.795888
2013-01-13 04:02:45.587717,57672.7,7.7948627
2013-01-13 04:32:11.012707,57670.73,7.7949777
2013-01-13 05:01:36.437726,57677.21,7.79805
2013-01-13 05:31:01.854136,57676.47,7.794716
2013-01-13 06:00:27.287846,57675.785,7.79576
2013-01-13 06:29:52.712946,57678.156,7.7936187
2013-01-13 06:59:18.146716,57678.15,7.7987866
2013-01-13 07:28:43.563227,57672.316,7.7980304
2013-01-13 07:58:08.988408,57669.324,7.796472
2013-01-13 08:27:34.422258,57658.035,7.7950244
2013-01-13 08:56:59.838859,57667.113,7.7984385
2013-01-13 09:26:25.264121,57676.543,7.796936
2013-01-13 09:55:50.698052,57665.492,7.797815
2013-01-13 10:25:16.114723,57676.484,7.798369
2013-01-13 11:24:06.974086,57648.453,7.7983193
2013-01-13 11:53:32.399478,57666.93,7.80131
2013-01-13 12:22:57.824911,57678.297,7.800617
2013-01-13 12:52:23.250362,57651.07,7.79802
2013-01-13 13:21:48.675835,57675.11,7.8006606
2013-01-13 13:51:14.101348,57656.02,7.7996554
2013-01-13 14:20:39.526880,57661.082,7.7999973
2013-01-13 14:50:04.952443,57664.15,7.7991185
2013-01-13 15:19:30.386666,57678.25,7.7991323
2013-01-13 15:48:55.803649,57663.668,7.8005667
2013-01-13 16:18:21.237922,57665.492,7.8020477
2013-01-13 16:47:46.663596,57661.062,7.7978683
2013-01-13 17:17:12.080649,57672.543,7.8003864
2013-01-13 17:46:37.515013,57662.24,7.799073
2013-01-13 18:16:02.940767,57655.684,7.800179
2013-01-13 18:45:28.357911,57661.453,7.7995334
2013-01-13 19:14:53.792356,57656.473,7.800511
2013-01-13 19:44:19.218190,57659.51,7.8024893
2013-01-13 20:13:44.635404,57668.207,7.800204
2013-01-13 20:43:10.069929,57665.81,7.8005733
2013-01-13 21:12:35.487204,57663.816,7.798913
2013-01-13 21:42:00.921789,57669.99,7.8000607
2013-01-13 22:11:26.347754,57674.61,7.799273
2013-01-13 22:40:51.765110,57663.613,7.798129
2013-01-13 23:10:17.199775,57669.273,7.799263
2013-01-13 23:39:42.625831,57651.387,7.8019743
2013-01-14 00:09:08.051907,57653.457,7.800467
2013-01-14 00:38:33.478012,57668.59,7.8016157
2013-01-14 01:07:58.904139,57674.477,7.8024797
2013-01-14 01:37:24.338945,57668.145,7.8011713
2013-01-14 02:06:49.756491,57660.836,7.801775
2013-01-14 02:36:15.182698,57663.65,7.801322
2013-01-14 03:35:06.043852,57665.34,7.802322
2013-01-14 04:04:31.461509,57662.75,7.8007846
2013-01-14 04:33:56.896466,57677.0,7.8029327
2013-01-14 05:03:22.322823,57686.684,7.802255
2013-01-14 05:32:47.740561,57672.516,7.8015413
2013-01-14 06:02:13.175599,57675.363,7.803085
2013-01-14 06:31:38.602037,57678.043,7.80229
2013-01-14 07:01:04.028495,57667.043,7.802167
2013-01-14 07:30:29.454983,57656.17,7.8030505
2013-01-14 07:59:54.881491,57661.34,7.8009024
2013-01-14 08:29:20.316680,57661.215,7.8010573
2013-01-14 08:58:45.734609,57658.473,7.803535
2013-01-14 09:28:11.161197,57667.21,7.8033824
2013-01-14 09:57:36.587826,57668.35,7.804689
2013-01-14 10:27:02.014475,57654.754,7.8034754
2013-01-14 10:56:27.449795,57660.094,7.802552
2013-01-14 11:25:52.867854,57667.355,7.8024178
2013-01-14 11:55:18.294583,57660.434,7.803779
2013-01-14 12:24:43.729993,57662.36,7.8026776
2013-01-14 12:54:09.148133,57653.12,7.803885
2013-01-14 13:23:34.574953,57669.805,7.804168
2013-01-14 13:53:00.010434,57666.266,7.8046374
2013-01-14 14:22:25.428664,57646.926,7.8043933
2013-01-14 14:51:50.855554,57659.754,7.804446
2013-01-14 15:21:16.291125,57651.883,7.8042283
2013-01-14 15:50:41.709436,57666.64,7.8060517
2013-01-14 16:20:07.145047,57647.91,7.8033347
2013-01-14 16:49:32.572058,57671.97,7.8058114
2013-01-14 17:18:57.999090,57674.598,7.8058124
2013-01-14 17:48:23.426151,57657.613,7.804842
2013-01-14 18:17:48.853243,57660.266,7.8056517
2013-01-14 18:47:14.280355,57668.156,7.8066473
2013-01-14 19:16:39.716137,57659.133,7.804272
2013-01-14 19:46:05.134669,57663.64,7.805909
2013-01-14 20:15:30.570512,57659.48,7.806253
2013-01-14 20:44:55.997734,57671.242,7.8062577
2013-01-14 21:14:21.416346,57649.92,7.8068466
2013-01-14 21:43:46.852269,57661.754,7.80518
2013-01-14 22:13:12.279572,57668.29,7.805703
2013-01-14 22:42:37.698275,57672.812,7.8067517
2013-01-14 23:12:03.134269,57657.918,7.806942
2013-01-14 23:41:28.561662,57661.766,7.806551
2013-01-15 00:10:53.980446,57655.348,7.8061934
2013-01-15 00:40:19.416529,57671.906,7.8058906
2013-01-15 01:09:44.844003,57658.875,7.8051963
2013-01-15 01:39:10.271497,57676.562,7.8070207
2013-01-15 02:08:35.699032,57680.195,7.8073435
2013-01-15 02:38:01.126586,57667.31,7.8064823
2013-01-15 03:07:26.554160,57667.21,7.806544
2013-01-15 03:36:51.981775,57675.875,7.806572
2013-01-15 04:06:17.409410,57659.59,7.80683
2013-01-15 04:35:42.837075,57657.277,7.806718
2013-01-15 05:05:08.264770,57660.0,7.8075404
2013-01-15 05:34:33.701125,57661.492,7.807798
2013-01-15 06:03:59.120231,57657.59,7.8065977
2013-01-15 06:33:24.548006,57660.535,7.8075266
2013-01-15 07:02:49.984452,57658.426,7.8072357
2013-01-15 07:32:15.403638,57680.88,7.8082223
2013-01-15 08:01:40.831505,57673.816,7.808306
2013-01-15 08:31:06.268031,57659.977,7.807681
2013-01-15 09:00:31.695937,57675.047,7.8079953
2013-01-15 09:29:57.115244,57668.35,7.8078165
2013-01-15 09:59:22.551851,57674.246,7.808492
2013-01-15 10:28:47.979838,57680.137,7.8091526
2013-01-15 10:58:13.407864,57656.547,7.8069854
2013-01-15 11:27:38.835912,57681.77,7.809792
2013-01-15 11:57:04.263989,57689.11,7.808229
2013-01-15 12:26:29.700737,57680.668,7.8074894
2013-01-15 12:55:55.120235,57668.9,7.807188
2013-01-15 13:25:20.548393,57658.137,7.805954
2013-01-15 13:54:45.985220,57668.785,7.80761
2013-01-15 14:24:11.404799,57672.832,7.8089557
2013-01-15 14:53:36.841677,57667.0,7.809072
2013-01-15 15:23:02.269955,57667.26,7.8083053
2013-01-15 15:52:27.689614,57678.98,7.8092017
2013-01-15 16:21:53.126573,57696.902,7.810036
2013-01-15 16:51:18.554932,57686.207,7.8088965
2013-01-15 17:20:43.974671,57678.074,7.808431
2013-01-15 17:50:09.411721,57681.844,7.8091106
2013-01-15 18:19:34.831520,57672.53,7.808832
2013-01-15 18:49:00.259980,57678.05,7.808376
2013-01-15 19:18:25.697120,57676.83,7.8090396
2013-01-15 19:47:51.116999,57664.49,7.808702
2013-01-15 20:17:16.554180,57664.895,7.8086843
2013-01-15 20:46:41.982760,57651.96,7.8085704
2013-01-15 21:16:07.411360,57682.535,7.8093576
2013-01-15 21:45:32.839991,57665.508,7.8095527
2013-01-15 22:14:58.268652,57674.523,7.809098
2013-01-15 22:44:23.697333,57685.426,7.809389
2013-01-15 23:13:49.126054,57676.297,7.810247
2013-01-15 23:43:14.554795,57675.703,7.808921
2013-01-16 00:12:39.992196,57671.477,7.809462
2013-01-16 00:42:05.420998,57673.496,7.810574
2013-01-16 01:11:30.841180,57682.15,7.80962
2013-01-16 01:40:56.278672,57679.848,7.810612
2013-01-16 02:10:21.707554,57693.18,7.8104434
2013-01-16 02:39:47.127816,57676.566,7.810409
2013-01-16 03:09:12.565398,57682.695,7.809885
2013-01-16 03:38:37.994361,57693.9,7.810773
2013-01-16 04:08:03.414714,57686.99,7.8098125
2013-01-16 04:37:28.852366,57685.86,7.8110666
2013-01-16 05:06:54.281410,57704.78,7.812589
2013-01-16 05:36:19.719122,57683.39,7.8107123
2013-01-16 06:05:45.139586,57700.293,7.8110504
2013-01-16 06:35:10.568720,57695.2,7.81147
2013-01-16 07:04:36.006513,57695.742,7.81108
2013-01-16 07:34:01.427057,57692.418,7.8124223
2013-01-16 08:03:26.856271,57702.207,7.812003
2013-01-16 08:32:52.285515,57699.367,7.8124933
2013-01-16 09:02:17.714779,57693.805,7.8121037
2013-01-16 09:31:43.144074,57680.16,7.8122516
2013-01-16 10:01:08.573399,57706.84,7.8134055
2013-01-16 10:30:34.002753,57705.824,7.813298
2013-01-16 10:59:59.440768,57691.742,7.81241
2013-01-16 11:29:24.861533,57699.484,7.812717
2013-01-16 11:58:50.290969,57693.58,7.812942
2013-01-16 12:28:15.729074,57705.023,7.8130813
2013-01-16 12:57:41.149920,57696.727,7.8124027
2013-01-16 13:27:06.579445,57700.176,7.812733
2013-01-16 13:56:32.017632,57708.133,7.8131185
2013-01-16 14:25:57.447197,57700.105,7.812261
2013-01-16 14:55:22.876804,57701.477,7.8129373
2013-01-16 15:24:48.306430,57697.445,7.812103
2013-01-16 15:54:13.736086,57712.926,7.812939
2013-01-16 16:23:39.174413,57691.047,7.8131566
2013-01-16 16:53:04.595490,57710.266,7.813076
2013-01-16 17:22:30.025227,57704.184,7.8125033
2013-01-16 17:51:55.463634,57691.418,7.8120346
2013-01-16 18:21:20.884792,57701.19,7.8117456
2013-01-16 18:50:46.314619,57699.004,7.8118553
2013-01-16 19:20:11.753107,57702.664,7.812893
2013-01-16 19:49:37.174345,57701.03,7.8123207
2013-01-16 20:19:02.612893,57693.58,7.812112
2013-01-16 20:48:28.042831,57707.996,7.8131022
2013-01-16 21:17:53.464160,57711.676,7.812591
2013-01-16 21:47:18.902788,57704.535,7.8121624
2013-01-16 22:16:44.332807,57721.594,7.81324
2013-01-16 22:46:09.754216,57699.79,7.812909
2013-01-16 23:15:35.192934,57708.96,7.812054
2013-01-16 23:45:00.623034,57708.89,7.8125973
2013-01-17 00:14:26.053163,57703.684,7.81248
2013-01-17 00:43:51.483322,57711.297,7.8131123
2013-01-17 01:13:16.913512,57718.48,7.814266
2013-01-17 01:42:42.343722,57702.97,7.8127055
2013-01-17 02:12:07.773972,57701.004,7.812016
2013-01-17 03:10:58.634532,57718.01,7.8133345
2013-01-17 03:40:24.064862,57707.72,7.8137712
2013-01-17 04:09:49.495213,57708.81,7.8135304
2013-01-17 04:39:14.934244,57717.86,7.8136725
2013-01-17 05:08:40.356005,57705.316,7.813451
2013-01-17 05:38:05.795086,57692.285,7.8130364
2013-01-17 06:07:31.225557,57711.46,7.8137326
2013-01-17 06:36:56.647408,57710.91,7.813662
2013-01-17 07:06:22.086570,57715.074,7.814586
2013-01-17 07:35:47.517122,57718.613,7.814711
2013-01-17 08:05:12.939054,57732.28,7.815128
2013-01-17 08:34:38.378306,57697.062,7.8142943
2013-01-17 09:04:03.808938,57711.402,7.815112
2013-01-17 09:33:29.248240,57710.996,7.814209
2013-01-17 10:02:54.670293,57717.727,7.81489
2013-01-17 10:32:20.101005,57695.62,7.814496
2013-01-17 11:01:45.540399,57709.816,7.81388
2013-01-17 11:31:10.962532,57711.477,7.8149414
2013-01-17 12:00:36.393334,57703.02,7.8141627
2013-01-17 12:30:01.832798,57719.69,7.8161635
2013-01-17 12:59:27.255022,57701.97,7.813446
2013-01-17 13:28:52.685905,57720.12,7.8151593
2013-01-17 13:58:18.125459,57709.875,7.814786
2013-01-17 14:27:43.547763,57703.043,7.812496
2013-01-17 14:57:08.987367,57712.008,7.8139014
2013-01-17 15:26:34.418372,57715.434,7.8137946
2013-01-17 15:55:59.849396,57717.168,7.813804
2013-01-17 16:25:25.280451,57726.53,7.8141994
2013-01-17 16:54:50.702896,57719.18,7.8145947
2013-01-17 17:24:16.134001,57727.004,7.8133326
2013-01-17 17:53:41.573775,57713.504,7.8132052
2013-01-17 18:23:07.004951,57707.95,7.81282
2013-01-17 18:52:32.436137,57700.973,7.813921
2013-01-17 19:21:57.867362,57689.527,7.795488
2013-01-29 04:31:07.342243,57679.945,7.7997518
2013-01-29 05:00:32.798293,57675.195,7.8106136
2013-01-29 05:29:58.237093,57658.125,7.810615
2013-01-29 05:59:23.693202,57655.33,7.8128996
2013-01-29 06:28:49.140702,57666.7,7.812909
2013-01-29 06:58:14.579592,57664.492,7.8144145
2013-01-29 07:27:40.035792,57668.523,7.814354
2013-01-29 07:57:05.483383,57661.32,7.813526
2013-01-29 08:26:30.922354,57660.35,7.8138804
2013-01-29 08:55:56.378644,57643.06,7.814197
2013-01-29 09:25:21.826325,57662.48,7.8178906
2013-01-29 09:54:47.265386,57657.707,7.8166866
2013-01-29 10:24:12.721768,57659.223,7.8189306
2013-01-29 10:53:38.169539,57651.582,7.8177657
2013-01-29 11:23:03.625971,57648.477,7.816299
2013-01-29 11:52:29.065163,57655.285,7.8162394
2013-01-29 12:21:54.513015,57658.566,7.8187757
2013-01-29 12:51:19.960907,57652.695,7.818185
2013-01-29 13:20:45.408819,57657.96,7.8185906
2013-01-29 13:50:10.856762,57658.523,7.8177934
2013-01-29 14:19:36.304744,57657.82,7.8216395
2013-01-29 14:49:01.752747,57647.57,7.818513
2013-01-29 15:18:27.209421,57648.316,7.8195944
2013-01-29 15:47:52.657484,57638.61,7.818859
2013-01-29 16:17:18.096947,57654.418,7.821182
2013-01-29 16:46:43.553711,57658.086,7.819645
2013-01-29 17:16:09.001864,57665.438,7.8200393
2013-01-29 17:45:34.441408,57660.164,7.8207927
2013-01-29 18:14:59.898263,57660.39,7.820121
2013-01-29 18:44:25.346507,57641.11,7.821246
2013-01-29 19:13:50.786141,57650.434,7.8201323
2013-01-29 19:43:16.243076,57668.453,7.8218093
2013-01-29 20:12:41.691410,57661.746,7.822157
2013-01-29 20:42:07.148416,57658.594,7.820844
2013-01-29 21:11:32.588171,57637.06,7.8215756
2013-01-29 21:40:58.036586,57665.207,7.822064
2013-01-29 22:10:23.493682,57656.703,7.8194036
2013-01-29 22:39:48.933527,57657.914,7.820238
2013-01-29 23:09:14.382033,57663.156,7.8235636
2013-01-29 23:38:39.839219,57646.234,7.821741
2013-01-30 00:08:05.279145,57656.02,7.8240886
2013-01-30 00:37:30.727751,57658.996,7.819252
2013-01-30 01:06:56.185018,57664.44,7.8230305
2013-01-30 01:36:21.625045,57650.168,7.8212595
2013-01-30 02:05:47.082371,57657.805,7.8219666
2013-01-30 02:35:12.531089,57659.15,7.8228564
2013-01-30 03:04:37.979845,57665.2,7.82128
2013-01-30 03:34:03.428623,57671.258,7.8233995
2013-01-30 04:03:28.877431,57656.004,7.8214083
2013-01-30 04:32:54.326269,57657.105,7.8246155
2013-01-30 05:02:19.775136,57649.676,7.819701
2013-01-30 05:31:45.224044,57665.05,7.821269
2013-01-30 06:01:10.672972,57661.28,7.8231354
2013-01-30 06:30:36.121931,57652.434,7.821509
2013-01-30 07:29:27.019938,57644.25,7.8236184
2013-01-30 07:58:52.468987,57662.883,7.8236194
2013-01-30 08:28:17.918066,57645.953,7.8223405
2013-01-30 08:57:43.375805,57643.117,7.823401
2013-01-30 09:27:08.816305,57657.316,7.8226
2013-01-30 09:56:34.265475,57647.74,7.8230066
2013-01-30 10:25:59.723314,57658.574,7.8214755
2013-01-30 10:55:25.163894,57664.918,7.823709
2013-01-30 11:24:50.621795,57658.043,7.821572
2013-01-30 11:54:16.071084,57651.39,7.8231287
2013-01-30 12:23:41.511755,57643.74,7.8223968
2013-01-30 12:53:06.969746,57653.86,7.8239384
2013-01-30 13:22:32.419126,57660.336,7.8213964
2013-01-30 13:51:57.859888,57668.215,7.8221626
2013-01-30 14:21:23.317969,57651.426,7.8239846
2013-01-30 14:50:48.767430,57656.34,7.8231707
2013-01-30 15:20:14.225562,57663.26,7.822618
2013-01-30 15:49:39.666454,57658.125,7.8222437
2013-01-30 16:19:05.116005,57652.15,7.8222003
2013-01-30 16:48:30.574227,57642.297,7.82137
2013-01-30 17:17:56.015210,57647.56,7.8226824
2013-01-30 17:47:21.464852,57649.926,7.823531
2013-01-30 18:16:46.923164,57661.09,7.8246775
2013-01-30 18:46:12.372867,57656.0,7.8229012
2013-01-30 19:15:37.813970,57672.64,7.8236237
2013-01-30 19:45:03.263733,57659.145,7.825095
2013-01-30 20:14:28.722166,57667.555,7.820758
2013-01-30 20:43:54.171990,57660.676,7.8229704
2013-01-30 21:13:19.621843,57683.324,7.8209453
2013-01-30 21:42:45.063087,57652.902,7.821445
2013-01-30 22:12:10.521641,57671.832,7.824132
2013-01-30 22:41:35.971585,57651.004,7.824953
2013-01-30 23:11:01.412920,57656.254,7.824811
2013-01-30 23:40:26.871554,57661.336,7.823534
2013-01-31 00:09:52.321589,57659.996,7.8217034
2013-01-31 00:39:17.763014,57650.637,7.823176
2013-01-31 01:08:43.221748,57655.31,7.8232584
2013-01-31 01:38:08.671874,57653.418,7.8229704
2013-01-31 02:07:34.130658,57648.164,7.825259
2013-01-31 02:36:59.572204,57662.363,7.8227234
2013-01-31 03:06:25.022420,57652.832,7.8231807
2013-01-31 03:35:50.481295,57664.71,7.8232107
2013-01-31 04:05:15.922932,57656.145,7.820675
2013-01-31 04:34:41.373228,57655.797,7.823822
2013-01-31 05:04:06.832204,57646.926,7.823713
2013-01-31 05:33:32.273931,57660.83,7.8239417
2013-01-31 06:02:57.732958,57669.94,7.825867
2013-01-31 06:32:23.183374,57668.7,7.8251677
2013-01-31 07:01:48.625191,57638.824,7.8220887
2013-01-31 07:31:14.084309,57672.773,7.822489
2013-01-31 08:00:39.534826,57663.477,7.8228407
2013-01-31 08:30:04.985364,57667.008,7.822438
2013-01-31 08:59:30.435932,57657.17,7.822001
2013-01-31 09:28:55.886539,57666.31,7.8243957
2013-01-31 09:58:21.337167,57647.086,7.8236055
2013-01-31 10:27:46.787826,57652.48,7.8209867
2013-01-31 10:57:12.238514,57658.207,7.8227572
2013-01-31 11:26:37.689233,57649.016,7.8227406
2013-01-31 11:56:03.139992,57657.066,7.82395
2013-01-31 12:25:28.590770,57650.797,7.822264
2013-01-31 12:54:54.050220,57658.793,7.823007
2013-01-31 13:24:19.492419,57667.32,7.820811
2013-01-31 13:53:44.943288,57669.727,7.8230953
2013-01-31 14:23:10.402828,57666.566,7.8241553
2013-01-31 14:52:35.845118,57662.996,7.8228445
2013-01-31 15:22:01.304718,57673.547,7.8226027
2013-01-31 15:51:26.755708,57657.6,7.8227735
2013-01-31 16:20:52.198089,57644.89,7.8226967
2013-01-31 16:50:17.657769,57652.594,7.8212733
2013-01-31 17:19:43.108850,57674.008,7.8239975
2013-01-31 17:49:08.551321,57687.508,7.8233795
2013-01-31 18:18:34.011101,57642.484,7.820172
2013-01-31 18:47:59.462273,57652.535,7.8216414
2013-01-31 19:17:24.904824,57642.93,7.82192
2013-01-31 19:46:50.364695,57665.98,7.821772
2013-01-31 20:16:15.815957,57673.6,7.822905
2013-01-31 20:45:41.275880,57661.42,7.8240466
2013-01-31 21:15:06.718561,57669.824,7.8227386
2013-01-31 21:44:32.169914,57689.035,7.8243437
2013-01-31 22:13:57.629926,57671.504,7.8210588
2013-01-31 22:43:23.072699,57673.945,7.8236046
2013-01-31 23:12:48.524131,57667.176,7.821622
2013-01-31 23:42:13.984245,57663.71,7.8213887
2013-02-01 00:11:39.435737,57661.25,7.821588
2013-02-01 00:41:04.887271,57663.23,7.8230786
2013-02-01 01:10:30.338824,57673.934,7.823702
2013-02-01 01:39:55.790418,57667.84,7.8217483
2013-02-01 02:09:21.242032,57671.67,7.822651
2013-02-01 02:38:46.693686,57685.4,7.8233256
2013-02-01 03:08:12.145360,57686.42,7.8230762
2013-02-01 03:37:37.597064,57676.508,7.8215404
2013-02-01 04:07:03.048798,57670.395,7.820529
2013-02-01 04:36:28.491933,57666.453,7.8217173
2013-02-01 05:05:53.952368,57675.07,7.823104
2013-02-01 05:35:19.404194,57653.07,7.822258
2013-02-01 06:04:44.864688,57673.74,7.8230715
2013-02-01 06:34:10.307944,57682.22,7.824269
2013-02-01 07:03:35.759859,57673.5,7.821002
2013-02-01 07:33:01.220445,57672.793,7.821862
2013-02-01 08:02:26.663781,57675.027,7.8218546
2013-02-01 08:31:52.115787,57676.65,7.822731
2013-02-01 09:01:17.576463,57669.65,7.8214703
2013-02-01 09:30:43.019890,57675.496,7.821733
2013-02-01 10:00:08.471986,57675.67,7.8225384
2013-02-01 10:29:33.932753,57674.496,7.822348
2013-02-01 10:58:59.376270,57673.387,7.8216667
2013-02-01 11:28:24.837097,57688.215,7.822606
2013-02-01 11:57:50.289314,57684.62,7.8221354
2013-02-01 12:27:15.741562,57664.63,7.8216553
2013-02-01 12:56:41.193839,57654.957,7.821495
2013-02-01 13:26:06.646147,57675.254,7.8235354
2013-02-01 13:55:32.098485,57673.395,7.8242817
2013-02-01 14:24:57.550843,57673.46,7.82451
2013-02-01 14:54:23.003242,57685.473,7.822929
2013-02-01 15:23:48.464310,57682.73,7.8240895
2013-02-01 15:53:13.916769,57683.723,7.8228087
2013-02-01 16:22:39.360618,57687.29,7.822765
2013-02-01 16:52:04.821767,57686.184,7.8243976
2013-02-01 17:21:30.274316,57680.88,7.8233485
2013-02-01 17:50:55.718255,57688.77,7.8205266
2013-02-01 18:20:21.179495,57705.688,7.8258557
2013-02-01 18:49:46.632134,57690.266,7.823314
2013-02-01 19:19:12.076164,57653.08,7.819275
2013-02-01 19:48:37.537495,57685.574,7.8253613
2013-02-01 20:18:02.981585,57695.53,7.821939
2013-02-01 20:47:28.442975,57684.83,7.821824
2013-02-01 21:16:53.895766,57692.17,7.8225102
2013-02-01 21:46:19.339936,57692.895,7.8218126
2013-02-01 22:15:44.801428,57685.445,7.8216476
2013-02-01 22:45:10.254299,57688.89,7.822574
2013-02-01 23:14:35.698570,57689.277,7.8206778
2013-02-01 23:44:01.160141,57687.656,7.820564
2013-02-02 00:13:26.613113,57690.344,7.8219233
2013-02-02 00:42:52.074745,57694.926,7.8228436
2013-02-02 01:12:17.519127,57681.535,7.8203907
2013-02-02 01:41:42.972189,57698.957,7.824192
2013-02-02 02:11:08.433911,57679.68,7.8213086
2013-02-02 02:40:33.878394,57684.945,7.8221908
2013-02-02 03:09:59.331536,57694.203,7.8227105
2013-02-02 03:39:24.793349,57690.227,7.821798
2013-02-02 04:08:50.237912,57691.7,7.821168
2013-02-02 04:38:15.691156,57690.01,7.82248
2013-02-02 05:07:41.153059,57694.86,7.822289
2013-02-02 05:37:06.606352,57693.2,7.820719
2013-02-02 06:06:32.059676,57696.11,7.8220406
2013-02-02 07:05:22.966424,57680.57,7.8219
2013-02-02 07:34:48.428478,57683.22,7.8221498
2013-02-02 08:04:13.873282,57700.66,7.82277
2013-02-02 08:33:39.326757,57693.64,7.8228765
2013-02-02 09:03:04.780262,57690.06,7.8225346
2013-02-02 09:32:30.233797,57683.72,7.822075
2013-02-02 10:01:55.696002,57680.53,7.822473
2013-02-02 10:31:21.140957,57703.383,7.824082
2013-02-02 11:00:46.594583,57682.15,7.821782
2013-02-02 11:30:12.056878,57694.2,7.8219676
2013-02-02 11:59:37.501924,57696.76,7.8230805
2013-02-02 12:29:02.955640,57700.34,7.823248
2013-02-02 12:58:28.418026,57702.7,7.8234134
2013-02-02 13:27:53.863162,57694.207,7.8235083
2013-02-02 13:57:19.316969,57700.746,7.82279
2013-02-02 14:26:44.779446,57727.246,7.8253284
2013-02-02 14:56:10.224672,57707.145,7.8237376
2013-02-02 15:25:35.687209,57689.98,7.8222055
2013-02-02 15:55:01.141127,57688.254,7.8225207
2013-02-02 16:24:26.595084,57699.27,7.824877
2013-02-02 16:53:52.049072,57707.04,7.8241334
2013-02-02 17:23:17.503089,57704.855,7.8238015
2013-02-02 17:52:42.957137,57678.906,7.8223596
2013-02-02 18:22:08.411205,57685.59,7.8223577
2013-02-02 18:51:33.865314,57711.484,7.8268256
2013-02-02 19:20:59.328092,57687.59,7.823711
2013-02-02 19:50:24.782261,57704.652,7.8241253
2013-02-02 20:19:50.227809,57682.22,7.8236623
2013-02-02 20:49:15.690678,57711.734,7.8236938
2013-02-02 21:18:41.144937,57715.234,7.826452
2013-02-02 21:48:06.590577,57713.73,7.826969
2013-02-02 22:17:32.053536,57698.746,7.8248415
2013-02-02 22:46:57.507886,57708.953,7.826436
2013-02-02 23:16:22.953616,57702.906,7.826909
2013-02-02 23:45:48.416665,57687.402,7.822348
2013-02-03 00:15:13.871095,57694.49,7.823599
2013-02-03 00:44:39.325566,57693.137,7.8232856
2013-02-03 01:14:04.780056,57693.65,7.822253
2013-02-03 01:43:30.234587,57704.047,7.8265886
2013-02-03 02:12:55.689137,57707.832,7.824708
2013-02-03 02:42:21.143729,57699.82,7.823322
2013-02-03 03:11:46.589700,57701.184,7.8238244
2013-02-03 03:41:12.052992,57702.01,7.822773
2013-02-03 04:10:37.507663,57706.805,7.8249474
2013-02-03 04:40:02.971015,57708.727,7.8264956
2013-02-03 05:09:28.417106,57695.094,7.824178
2013-02-03 05:38:53.871878,57697.16,7.824039
2013-02-03 06:08:19.335311,57703.016,7.8243437
2013-02-03 06:37:44.781493,57687.37,7.8239565
2013-02-03 07:07:10.236356,57691.51,7.823887
2013-02-03 07:36:35.699879,57698.34,7.821712
2013-02-03 08:06:01.146161,57693.848,7.823442
2013-02-03 08:35:26.601104,57705.523,7.8244314
2013-02-03 09:04:52.064718,57690.87,7.8246474
2013-02-03 09:34:17.519721,57678.117,7.8230214
2013-02-03 10:03:42.974765,57697.754,7.8242097
2013-02-03 10:33:08.429829,57706.227,7.824084
2013-02-03 11:02:33.884922,57698.184,7.8248115
2013-02-03 11:31:59.340057,57698.883,7.8239164
2013-02-03 12:01:24.795211,57695.04,7.82476
2013-02-03 12:30:50.250395,57695.875,7.8238277
2013-02-03 13:00:15.714250,57695.49,7.823704
2013-02-03 13:29:41.160855,57693.406,7.8244576
2013-02-03 13:59:06.624770,57689.74,7.8239126
2013-02-03 14:28:32.080085,57699.742,7.8241644
2013-02-03 14:57:57.526781,57696.99,7.8236995
2013-02-03 15:27:22.990786,57688.848,7.8245435
2013-02-03 15:56:48.437542,57690.125,7.8250246
2013-02-03 16:26:13.892968,57685.406,7.823744
2013-02-03 16:55:39.357064,57704.08,7.825482
2013-02-03 17:25:04.812550,57694.22,7.8237767
2013-02-03 17:54:30.259427,57699.562,7.823968
2013-02-03 18:23:55.723613,57699.47,7.823646
2013-02-03 18:53:21.170550,57699.863,7.8238425
2013-02-03 19:22:46.634807,57677.406,7.8219533
2013-02-03 19:52:12.090444,57689.47,7.82315
2013-02-03 20:21:37.537471,57699.973,7.8236585
2013-02-03 20:51:03.001799,57686.297,7.8234777
2013-02-03 21:20:28.457536,57688.996,7.824037
2013-02-03 21:49:53.913294,57698.37,7.8232446
2013-02-03 22:19:19.369072,57685.08,7.822554
2013-02-03 22:48:44.824890,57677.69,7.822204
2013-02-03 23:18:10.289378,57692.992,7.8238254
2013-02-03 23:47:35.736617,57685.887,7.8232675
2013-02-04 00:17:01.192525,57689.336,7.822747
2013-02-04 00:46:26.657105,57703.1,7.824118
2013-02-04 01:15:52.113073,57695.016,7.824446
2013-02-04 01:45:17.560432,57697.63,7.824445
2013-02-04 02:14:43.025102,57691.56,7.8235583
2013-02-04 02:44:08.481152,57697.555,7.822399
2013-02-04 03:13:33.928601,57702.734,7.8245034
2013-02-04 03:42:59.393361,57694.734,7.8231916
2013-02-04 04:12:24.849511,57704.53,7.8241673
2013-02-04 04:41:50.314331,57695.336,7.8231955
2013-02-04 05:11:15.761902,57686.75,7.823372
2013-02-04 05:40:41.218133,57721.04,7.824613
2013-02-04 06:10:06.683043,57699.344,7.824917
2013-02-04 06:39:32.130704,57683.027,7.822383
2013-02-04 07:08:57.587025,57673.51,7.8221974
2013-02-04 07:38:23.043386,57673.082,7.8226795
2013-02-04 08:07:48.499778,57693.11,7.8244476
2013-02-04 08:37:13.964839,57686.902,7.8232684
2013-02-04 09:06:39.412641,57688.977,7.825331
2013-02-04 09:36:04.869124,57691.48,7.824144
2013-02-04 10:05:30.334275,57694.504,7.8251343
2013-02-04 10:34:55.782168,57684.62,7.8223224
2013-02-04 11:04:21.238741,57685.285,7.8231745
2013-02-04 11:33:46.703983,57683.375,7.8235235
2013-02-04 12:03:12.151966,57684.793,7.823178
2013-02-04 12:32:37.608629,57691.555,7.8214264
2013-02-04 13:02:03.073952,57698.535,7.8236704
2013-02-04 13:31:28.530676,57685.668,7.822524
2013-02-04 14:00:53.987429,57696.477,7.824273
2013-02-04 14:30:19.444203,57686.453,7.8239913
2013-02-04 14:59:44.901017,57690.883,7.825068
2013-02-04 15:29:10.357851,57690.21,7.823011
2013-02-04 15:58:35.814725,57684.863,7.823719
2013-02-04 16:28:01.271619,57663.395,7.8207235
2013-02-04 16:57:26.737194,57682.74,7.824028
2013-02-04 17:26:52.185509,57684.867,7.8248696
2013-02-04 17:56:17.651144,57690.418,7.8231277
2013-02-04 18:25:43.108159,57693.953,7.8234663
2013-02-04 18:55:08.556574,57687.508,7.824998
2013-02-04 19:24:34.022290,57692.195,7.823113
2013-02-04 19:53:59.479406,57686.87,7.8233433
2013-02-04 20:23:24.927901,57691.31,7.824786
2013-02-04 20:52:50.393717,57680.85,7.8232074
2013-02-04 21:22:15.850913,57680.977,7.8243546
2013-02-04 21:51:41.299499,57665.71,7.822136
2013-02-04 22:21:06.765406,57687.223,7.8247094
2013-02-04 22:50:32.222693,57676.215,7.8224597
2013-02-04 23:19:57.680019,57689.67,7.824284
2013-02-04 23:49:23.137367,57712.715,7.8264203
2013-02-05 00:18:48.594743,57697.406,7.825017
2013-02-05 00:48:14.052161,57682.54,7.8230076
2013-02-05 01:17:39.509599,57702.82,7.825684
2013-02-05 01:47:04.967067,57677.812,7.8233585
2013-02-05 02:16:30.424574,57677.816,7.8236613
2013-02-05 02:45:55.882103,57686.87,7.82312
2013-02-05 03:15:21.348300,57680.457,7.8227615
2013-02-05 03:44:46.797249,57704.766,7.826708
2013-02-05 04:14:12.254878,57693.582,7.8260427
2013-02-05 04:43:37.721166,57680.137,7.8235607
2013-02-05 05:13:03.170205,57703.895,7.8235073
2013-02-05 05:42:28.627925,57689.863,7.825053
2013-02-05 06:41:19.552073,57691.926,7.823875
2013-02-05 07:10:45.001233,57676.945,7.823099
2013-02-05 07:40:10.467703,57680.285,7.824377
2013-02-05 08:09:35.925573,57694.164,7.825985
2013-02-05 08:39:01.383463,57688.5,7.824303
2013-02-05 09:08:26.841383,57683.41,7.8239236
2013-02-05 09:37:52.299334,57679.62,7.8239717
2013-02-05 10:07:17.765955,57685.027,7.8226447
2013-02-05 10:36:43.215325,57715.87,7.8247633
2013-02-05 11:06:08.673376,57686.105,7.823656
2013-02-05 11:35:34.140088,57690.516,7.824772
2013-02-05 12:04:59.589549,57686.633,7.825011
2013-02-05 12:34:25.056321,57696.887,7.8246813
2013-02-05 13:03:50.514483,57694.75,7.8258333
2013-02-05 13:33:15.964034,57693.22,7.826313
2013-02-05 14:02:41.430896,57688.086,7.824233
2013-02-05 14:32:06.880509,57683.766,7.8244095
2013-02-05 15:01:32.338791,57699.316,7.824331
2013-02-05 15:30:57.805744,57692.406,7.8258796
2013-02-05 16:00:23.255447,57694.066,7.8256617
2013-02-05 16:29:48.713829,57695.36,7.824287
2013-02-05 16:59:14.180863,57712.777,7.825961
2013-02-05 17:28:39.630666,57692.543,7.824798
2013-02-05 17:58:05.097769,57696.08,7.82503
2013-02-05 18:27:30.556263,57697.59,7.8245726
2013-02-05 18:56:56.014777,57698.91,7.825913
2013-02-05 19:26:21.473331,57686.39,7.825199
2013-02-05 19:55:46.931915,57691.934,7.824755
2013-02-05 20:25:12.390530,57690.395,7.8248277
2013-02-05 20:54:37.849174,57701.67,7.8274565
2013-02-05 21:24:03.307849,57700.04,7.8259625
2013-02-05 21:53:28.775194,57679.555,7.824446
2013-02-05 22:22:54.233928,57696.098,7.8273897
2013-02-05 22:52:19.684054,57698.785,7.8261046
2013-02-05 23:21:45.151489,57712.73,7.8270273
2013-02-05 23:51:10.610315,57686.797,7.8262115
2013-02-06 00:20:36.060329,57695.836,7.8278465
2013-02-06 00:50:01.527856,57713.395,7.8294
2013-02-06 01:19:26.986771,57698.9,7.8275385
2013-02-06 01:48:52.437068,57732.168,7.8295217
2013-02-06 02:18:17.904684,57700.297,7.82818
2013-02-06 02:47:43.363691,57688.41,7.8256683
2013-02-06 03:17:08.831368,57711.457,7.829611
2013-02-06 03:46:34.281795,57704.004,7.8271036
2013-02-06 04:15:59.740891,57691.766,7.8258204
2013-02-06 04:45:25.208649,57707.656,7.827162
2013-02-06 05:14:50.659166,57703.61,7.8282027
2013-02-06 05:44:16.118354,57707.465,7.8266892
2013-02-06 06:13:41.577572,57699.86,7.8265667
2013-02-06 06:43:07.036810,57700.645,7.8265977
2013-02-06 07:12:32.504728,57699.168,7.82718
2013-02-06 07:41:57.955397,57722.957,7.830429
2013-02-06 08:11:23.414735,57707.035,7.827829
2013-02-06 08:40:48.882734,57691.473,7.826551
2013-02-06 09:10:14.333493,57693.594,7.827376
2013-02-06 09:39:39.792922,57705.71,7.8283205
2013-02-06 10:09:05.261011,57708.508,7.8281612
2013-02-06 10:38:30.720500,57710.582,7.830845
2013-02-06 11:07:56.180020,57713.414,7.8302617
2013-02-06 11:37:21.639560,57717.03,7.828233
2013-02-06 12:06:47.099140,57702.324,7.8277917
2013-02-06 12:36:12.558749,57693.082,7.8269124
2013-02-06 13:05:38.018380,57692.82,7.8268924
2013-02-06 13:35:03.478051,57714.63,7.829395
2013-02-06 14:04:28.946381,57705.184,7.828236
2013-02-06 14:33:54.397472,57708.86,7.828032
2013-02-06 15:03:19.857233,57704.72,7.827996
2013-02-06 15:32:45.325654,57715.375,7.8284135
2013-02-06 16:02:10.776835,57703.293,7.8268976
2013-02-06 16:31:36.245317,57700.75,7.8297563
2013-02-06 17:01:01.705198,57701.656,7.826376
2013-02-06 17:30:27.156460,57682.562,7.8272233
2013-02-06 17:59:52.625043,57710.53,7.828277
2013-02-06 18:29:18.085014,57706.047,7.825994
2013-02-06 18:58:43.536367,57710.707,7.8272624
2013-02-06 19:28:09.005040,57701.945,7.8284154
2013-02-06 19:57:34.465092,57703.086,7.8283563
2013-02-06 20:26:59.933825,57716.387,7.8261776
2013-02-06 20:56:25.385298,57695.66,7.8247905
2013-02-06 21:25:50.845441,57705.977,7.824945
2013-02-06 21:55:16.305625,57708.76,7.825512
2013-02-06 22:24:41.765829,57690.395,7.825495
2013-02-06 22:54:07.226072,57692.523,7.826027
2013-02-06 23:23:32.686336,57716.977,7.8283525
2013-02-06 23:52:58.146640,57721.547,7.8301144
2013-02-07 00:22:23.606964,57718.688,7.826567
2013-02-07 00:51:49.067329,57704.402,7.8289986
2013-02-07 01:21:14.527714,57715.777,7.8292446
2013-02-07 01:50:39.996768,57696.08,7.8281274
2013-02-07 02:20:05.457223,57701.566,7.8268995
2013-02-07 02:49:30.909059,57700.645,7.8274984
2013-02-07 03:18:56.378204,57697.945,7.828293
2013-02-07 03:48:21.838749,57710.61,7.8290596
2013-02-07 04:17:47.290675,57709.25,7.8299656
2013-02-07 04:47:12.759911,57718.305,7.8288045
2013-02-07 05:16:38.220547,57706.598,7.828487
2013-02-07 05:46:03.681203,57715.93,7.8302016
2013-02-07 06:15:29.141889,57699.938,7.8288383
2013-02-07 06:44:54.602616,57702.49,7.827101
2013-02-07 07:14:20.072003,57705.57,7.8279314
2013-02-07 07:43:45.524140,57710.08,7.8275776
2013-02-07 08:13:10.984957,57696.723,7.82685
2013-02-07 08:42:36.454434,57704.008,7.826441
2013-02-07 09:12:01.906661,57692.094,7.827119
2013-02-07 09:41:27.367559,57698.785,7.827415
2013-02-07 10:10:52.837127,57687.508,7.8254857
2013-02-07 10:40:18.289455,57692.39,7.8297772
2013-02-07 11:09:43.759083,57711.32,7.827983
2013-02-07 11:39:09.220101,57699.727,7.8268437
2013-02-07 12:08:34.672510,57706.676,7.8289547
2013-02-07 12:38:00.142228,57709.67,7.827188
2013-02-07 14:35:41.978214,57706.016,7.8266068
2013-02-07 15:05:07.448084,57700.848,7.8259287
2013-02-07 15:34:32.909344,57689.95,7.825753
2013-02-07 16:03:58.370633,57707.434,7.827455
2013-02-07 16:33:23.831964,57728.723,7.827729
2013-02-07 17:02:49.293314,57713.38,7.8274775
2013-02-07 17:32:14.754694,57718.51,7.8281474
2013-02-07 18:01:40.224745,57703.773,7.8265424
2013-02-07 18:31:05.677546,57711.9,7.826403
2013-02-07 19:00:31.147656,57700.637,7.826424
2013-02-07 19:29:56.609158,57706.633,7.825342
2013-02-07 20:28:47.532250,57693.355,7.8264832
2013-02-07 20:58:12.993842,57702.195,7.827028
2013-02-07 21:27:38.446824,57690.707,7.825103
2013-02-07 21:57:03.917115,57690.09,7.826399
2013-02-07 22:26:29.378798,57702.26,7.824902
2013-02-07 22:55:54.831870,57712.445,7.826436
2013-02-07 23:25:20.302252,57704.137,7.826012
2013-02-07 23:54:45.764025,57700.22,7.8246107
2013-02-08 00:24:11.234468,57708.05,7.825366
2013-02-08 00:53:36.687661,57697.266,7.825264
2013-02-08 01:23:02.149514,57702.555,7.8256807
2013-02-08 01:52:27.620047,57694.668,7.8246527
2013-02-08 02:21:53.073331,57701.605,7.8260083
2013-02-08 04:49:00.383402,57702.95,7.826347
2013-02-08 05:47:51.316271,57711.668,7.8266277
2013-02-08 06:17:16.769795,57692.133,7.8260593
2013-02-08 06:46:42.231990,57705.98,7.8259034
2013-02-08 07:16:07.702856,57712.77,7.8295555
2013-02-08 07:45:33.165101,57703.844,7.8258023
2013-02-08 08:14:58.618747,57695.03,7.826362
2013-02-08 09:13:49.552048,57710.65,7.8266163
2013-02-08 09:43:15.014415,57698.33,7.827529
2013-02-08 10:12:40.476821,57689.49,7.8258305
2013-02-08 10:42:05.939257,57706.75,7.827422
2013-02-08 11:40:56.864211,57696.895,7.827472
2013-02-08 12:10:22.326738,57713.3,7.828503
2013-02-08 12:39:47.797925,57696.734,7.8273706
2013-02-08 13:09:13.251873,57687.58,7.8271246
2013-02-08 13:38:38.723130,57706.125,7.8282814
2013-02-08 14:08:04.185768,57706.17,7.828316
2013-02-08 14:37:29.639806,57711.77,7.8285756
2013-02-08 15:06:55.111154,57704.004,7.8280787
2013-02-08 15:36:20.573882,57703.32,7.8287024
2013-02-08 16:05:46.028011,57683.867,7.827002
2013-02-08 16:35:11.499439,57706.01,7.829106
2013-02-08 17:04:36.962268,57691.367,7.8274784
2013-02-08 17:34:02.433756,57711.145,7.8294435
2013-02-08 18:03:27.888006,57714.96,7.8291373
2013-02-08 18:32:53.350915,57697.34,7.8290052
2013-02-08 19:02:18.822505,57701.977,7.8287754
2013-02-08 19:31:44.276834,57701.35,7.82862
2013-02-08 20:01:09.739844,57702.26,7.8285055
2013-02-08 20:30:35.202874,57692.84,7.827898
2013-02-08 21:00:00.665944,57702.96,7.828844
2013-02-08 21:29:26.129034,57705.09,7.828691
2013-02-08 21:58:51.592165,57707.434,7.828832
2013-02-08 22:28:17.055315,57696.676,7.8286743
2013-02-08 22:57:42.527146,57699.688,7.827921
2013-02-08 23:27:07.990357,57713.3,7.8293557
2013-02-08 23:56:33.444958,57709.227,7.828896
2013-02-09 00:25:58.916880,57696.242,7.829299
2013-02-09 00:55:24.380182,57701.37,7.828535
2013-02-09 01:24:49.834873,57698.99,7.830219
2013-02-09 01:54:15.306885,57703.926,7.829531
2013-02-09 02:23:40.770277,57700.406,7.828748
2013-02-09 02:53:06.242339,57691.16,7.829239
2013-02-09 03:22:31.697162,57709.613,7.830068
2013-02-09 03:51:57.160645,57689.633,7.8289194
2013-02-09 04:21:22.632797,57685.914,7.828473
2013-02-09 04:50:48.087700,57699.562,7.8294425
2013-02-09 05:20:13.551283,57703.51,7.828603
2013-02-09 05:49:39.023526,57700.215,7.829424
2013-02-09 06:19:04.478520,57700.11,7.828379
2013-02-09 06:48:29.942184,57691.17,7.8290024
2013-02-09 07:17:55.414527,57693.79,7.828142
2013-02-09 07:47:20.869611,57685.137,7.8283143
2013-02-09 08:16:46.342005,57686.61,7.82845
2013-02-09 08:46:11.805790,57690.125,7.8286176
2013-02-09 09:15:37.260964,57694.426,7.829074
2013-02-09 09:45:02.733449,57685.418,7.8289776
2013-02-09 10:14:28.197324,57686.59,7.827491
2013-02-09 10:43:53.661229,57700.918,7.8298993
2013-02-09 11:13:19.125174,57697.98,7.8289533
2013-02-09 11:42:44.589139,57675.395,7.8288155
2013-02-09 12:12:10.053135,57698.02,7.830073
2013-02-09 12:41:35.517160,57689.02,7.829092
2013-02-09 13:11:00.981216,57680.67,7.8284917
2013-02-09 13:40:26.445303,57693.508,7.829459
2013-02-09 14:09:51.909419,57676.695,7.8288255
2013-02-09 14:39:17.373565,57701.293,7.8289976
2013-02-09 15:08:42.846382,57679.434,7.8281684
2013-02-09 15:38:08.301948,57695.242,7.8285985
2013-02-09 16:07:33.766185,57698.645,7.828402
2013-02-09 16:36:59.239083,57671.26,7.8268003
2013-02-09 17:06:24.694740,57679.266,7.8279753
2013-02-09 17:35:50.167707,57686.645,7.8281736
2013-02-09 18:05:15.632065,57705.504,7.8286715
2013-02-09 18:34:41.087812,57683.617,7.8293376
2013-02-09 19:04:06.560871,57683.05,7.8281665
2013-02-09 19:33:32.025319,57694.734,7.8289337
2013-02-09 20:02:57.481147,57686.33,7.8283086
2013-02-09 20:32:22.954296,57687.99,7.8284984
2013-02-09 21:01:48.418835,57694.273,7.82898
2013-02-09 21:31:13.892043,57682.555,7.8293767
2013-02-09 22:00:39.348002,57689.586,7.8288555
2013-02-09 22:30:04.812622,57684.7,7.829712
2013-02-09 22:59:30.285921,57684.85,7.828511
2013-02-09 23:28:55.741970,57692.816,7.8286886
2013-02-09 23:58:21.206680,57695.625,7.829989
2013-02-10 00:27:46.680070,57689.246,7.828123
2013-02-10 00:57:12.136210,57691.094,7.8288293
2013-02-10 01:26:37.601010,57677.418,7.8268976
2013-02-10 01:56:03.074491,57680.84,7.827782
2013-02-10 02:25:28.539361,57683.465,7.82907
2013-02-10 02:54:54.004252,57677.01,7.8282123
2013-02-10 03:24:19.469183,57666.33,7.8284826
2013-02-10 03:53:44.925494,57676.695,7.828072
2013-02-10 04:23:10.399125,57686.445,7.827721
2013-02-10 04:52:35.864147,57689.926,7.8278227
2013-02-10 05:22:01.320548,57674.953,7.828176
2013-02-10 05:51:26.794270,57679.906,7.8278933
2013-02-10 06:20:52.259372,57678.02,7.8273487
2013-02-10 06:50:17.724504,57673.156,7.8285656
2013-02-10 07:19:43.189676,57686.953,7.828712
2013-02-10 07:49:08.654869,57671.074,7.8276296
2013-02-10 08:18:34.128742,57671.465,7.8280416
2013-02-10 08:47:59.585354,57669.73,7.82839
2013-02-10 09:17:25.050638,57669.383,7.827496
2013-02-10 09:46:50.524601,57669.125,7.827348
2013-02-10 10:16:15.981304,57653.098,7.827616
2013-02-10 10:45:41.446688,57670.656,7.8272376
2013-02-10 11:15:06.920732,57664.137,7.828386
2013-02-10 11:44:32.377525,57661.438,7.8275385
2013-02-10 12:13:57.851629,57662.87,7.8271093
2013-02-10 12:43:23.317134,57663.297,7.8282475
2013-02-10 13:12:48.774018,57665.273,7.8270855
2013-02-10 13:42:14.248213,57658.9,7.8285885
2013-02-10 14:11:39.713798,57662.766,7.8281198
2013-02-10 14:41:05.179412,57657.996,7.8276525
2013-02-10 15:10:30.645067,57649.117,7.826847
2013-02-10 15:39:56.110743,57661.1,7.8278713
2013-02-10 16:09:21.585088,57656.87,7.827857
2013-02-10 16:38:47.042184,57645.848,7.8254113
2013-02-10 17:08:12.507950,57657.195,7.8271523
2013-02-10 17:37:37.982385,57650.473,7.827558
2013-02-10 18:07:03.439572,57677.89,7.8271513
2013-02-10 18:36:28.905428,57661.8,7.827856
2013-02-10 19:05:54.371314,57660.176,7.8281636
2013-02-10 19:35:19.837231,57648.457,7.826808
2013-02-10 20:04:45.303178,57673.0,7.828073
2013-02-10 20:34:10.777795,57654.75,7.8271375
2013-02-10 21:03:36.235162,57671.523,7.8268576
2013-02-10 21:33:01.709839,57681.734,7.826829
2013-02-10 22:02:27.175907,57664.062,7.8268104
2013-02-10 22:31:52.633365,57660.094,7.826956
2013-02-10 23:01:18.108133,57649.344,7.8263345
2013-02-10 23:30:43.574291,57666.418,7.82791
2013-02-11 00:00:09.031829,57649.89,7.82575
2013-02-11 00:29:34.506687,57664.273,7.826976
2013-02-11 00:58:59.972936,57674.418,7.827189
2013-02-11 01:28:25.447855,57654.39,7.8276577
2013-02-11 01:57:50.905524,57666.95,7.8286414
2013-02-11 02:27:16.371853,57663.344,7.82608
2013-02-11 02:56:41.846862,57643.99,7.8255663
2013-02-11 03:26:07.304621,57661.832,7.8278637
2013-02-11 03:55:32.771041,57661.887,7.8274546
2013-02-11 04:24:58.246141,57662.246,7.826652
2013-02-11 05:23:49.170501,57661.133,7.82876
2013-02-11 05:53:14.645692,57672.984,7.827208
2013-02-11 06:22:40.103622,57650.39,7.825297
2013-02-11 06:52:05.578872,57647.844,7.8266983
2013-02-11 07:21:31.045504,57659.523,7.8258905
2013-02-11 07:50:56.512174,57673.004,7.8271766
2013-02-11 08:20:21.978865,57665.03,7.8275266
2013-02-11 08:49:47.445597,57661.44,7.8279495
2013-02-11 09:19:12.912348,57655.055,7.826814
2013-02-11 09:48:38.379130,57658.535,7.8265715
2013-02-11 10:18:03.845952,57659.918,7.8277893
2013-02-11 10:47:29.312794,57663.734,7.8256917
2013-02-11 11:16:54.779676,57657.273,7.8263683
2013-02-11 11:46:20.246579,57669.574,7.828249
2013-02-11 12:15:45.722151,57647.625,7.8249707
2013-02-11 12:45:11.180474,57667.094,7.8278003
2013-02-11 13:14:36.647477,57658.973,7.8267894
2013-02-11 13:44:02.123140,57655.293,7.8279676
2013-02-11 14:13:27.581553,57656.99,7.828106
2013-02-11 14:42:53.048637,57647.64,7.8264318
2013-02-11 15:12:18.524390,57647.113,7.8248506
2013-02-11 15:41:43.982904,57653.473,7.8261952
2013-02-11 16:11:09.458718,57656.234,7.827506
2013-02-11 16:40:34.925922,57666.395,7.828038
2013-02-11 17:10:00.384517,57651.746,7.8262115
2013-02-11 17:39:25.860421,57656.445,7.8259015
2013-02-11 18:08:51.327716,57655.836,7.8259134
2013-02-11 18:38:16.786400,57640.5,7.8266506
2013-02-11 19:07:42.262396,57654.055,7.8272157
2013-02-11 19:37:07.729781,57640.586,7.826626
2013-02-11 20:06:33.205836,57644.586,7.8259025
2013-02-11 20:35:58.664642,57647.887,7.8270864
2013-02-11 21:05:24.132117,57665.508,7.827016
2013-02-11 21:34:49.608253,57641.266,7.8246655
2013-02-11 22:04:15.067149,57643.613,7.8260336
2013-02-11 22:33:40.534715,57654.836,7.826415
2013-02-11 23:03:06.010952,57656.95,7.8253655
2013-02-11 23:32:31.478568,57648.996,7.827542
2013-02-12 00:01:56.937585,57651.06,7.8266644
2013-02-12 00:31:22.413912,57643.582,7.826368
2013-02-12 01:00:47.881629,57639.105,7.8246975
2013-02-12 01:30:13.349366,57659.19,7.8270473
2013-02-12 01:59:38.817144,57656.42,7.826651
2013-02-12 02:29:04.276302,57640.242,7.8252587
2013-02-12 02:58:29.752779,57655.76,7.8269324
2013-02-12 03:27:55.220647,57654.965,7.826277
2013-02-12 03:57:20.679895,57662.19,7.828261
2013-02-12 04:26:46.156463,57657.89,7.8256116
2013-02-12 04:56:11.624412,57651.816,7.8274097
2013-02-12 05:25:37.101030,57638.35,7.824703
2013-02-12 05:55:02.560409,57648.758,7.826241
2013-02-12 06:24:28.028449,57657.31,7.8265557
2013-02-12 06:53:53.505167,57652.1,7.8261375
2013-02-12 07:23:18.964627,57632.95,7.8238864
2013-02-12 07:52:44.432757,57657.258,7.8262916
2013-02-12 08:22:09.909556,57665.04,7.8257475
2013-02-12 08:51:35.369116,57691.14,7.8289986
2013-02-12 09:21:00.837336,57665.652,7.825877
2013-02-12 09:50:26.314226,57654.723,7.823749
2013-02-12 10:19:51.773866,57657.438,7.824068
2013-02-12 10:49:17.250817,57650.688,7.8236947
2013-02-12 11:18:42.719168,57658.227,7.8242817
2013-02-12 11:48:08.187539,57671.645,7.8245993
2013-02-12 12:17:33.655940,57668.84,7.826193
2013-02-12 12:46:59.124371,57661.535,7.825303
2013-02-12 13:16:24.592832,57654.895,7.824546
2013-02-12 13:45:50.061324,57650.938,7.823901
2013-02-12 14:15:15.529846,57654.223,7.8258986
2013-02-12 14:44:41.007038,57663.45,7.8247137
2013-02-12 15:14:06.475610,57659.39,7.8256702
2013-02-12 15:43:31.935582,57649.203,7.825165
2013-02-12 16:12:57.412865,57666.996,7.8256755
2013-02-12 16:42:22.872897,57660.285,7.8231735
2013-02-12 17:11:48.341600,57665.58,7.825564
2013-02-12 17:41:13.818963,57663.996,7.826398
2013-02-12 18:10:39.279086,57668.594,7.8252196
2013-02-12 18:40:04.747879,57663.914,7.8256984
2013-02-12 19:09:30.225333,57664.113,7.826239
2013-02-12 19:38:55.685547,57650.633,7.8241696
2013-02-12 20:08:21.163070,57675.953,7.8238273
2013-02-12 20:37:46.631975,57682.5,7.8248873
2013-02-12 21:07:12.092279,57670.45,7.824873
2013-02-12 21:36:37.569883,57664.188,7.8239284
2013-02-12 22:06:03.038888,57666.074,7.8260016
2013-02-12 22:35:28.499272,57675.258,7.8248606
2013-02-12 23:04:53.976967,57659.39,7.8246565
2013-02-12 23:34:19.446062,57668.78,7.8242726
2013-02-13 00:03:44.923817,57677.223,7.825148
2013-02-13 00:33:10.384323,57678.484,7.8249407
2013-02-13 01:02:35.853508,57665.168,7.8237557
2013-02-13 01:32:01.331354,57678.117,7.8251834
2013-02-13 02:01:26.791950,57672.082,7.824648
2013-02-13 02:30:52.261216,57670.402,7.824424
2013-02-13 03:00:17.739162,57667.227,7.8240356
2013-02-13 03:29:43.199849,57670.586,7.8259273
2013-02-13 03:59:08.669205,57664.633,7.8257723
2013-02-13 04:28:34.147232,57674.566,7.8254256
2013-02-13 04:57:59.616649,57673.895,7.8237514
2013-02-13 05:27:25.086096,57693.938,7.8264318
2013-02-13 05:56:50.555573,57665.41,7.8240304
2013-02-13 06:26:16.025081,57679.273,7.8242908
2013-02-13 06:55:41.503259,57684.17,7.82451
2013-02-13 07:25:06.964176,57676.51,7.82538
2013-02-13 07:54:32.433774,57670.46,7.822273
2013-02-13 08:23:57.903403,57674.977,7.8244977
2013-02-13 08:53:23.373061,57667.55,7.823637
2013-02-13 09:22:48.851379,57669.883,7.821893
2013-02-13 09:52:14.312458,57674.03,7.823667
2013-02-13 10:21:39.782207,57668.16,7.8229885
2013-02-13 10:51:05.260616,57671.3,7.8255916
2013-02-13 11:20:30.721785,57666.17,7.8251643
2013-02-13 11:49:56.191614,57671.457,7.8247886
2013-02-13 12:19:21.670124,57667.4,7.8237734
2013-02-13 12:48:47.131384,57679.285,7.823425
2013-02-13 13:18:12.609944,57679.633,7.8237348
2013-02-13 13:47:38.079894,57682.29,7.826112
2013-02-13 14:17:03.541244,57695.805,7.824516
2013-02-13 14:46:29.019894,57680.51,7.8252754
2013-02-13 15:15:54.489935,57680.54,7.822845
2013-02-13 15:45:19.960016,57670.125,7.823943
2013-02-13 16:14:45.430117,57674.86,7.8254004
2013-02-13 16:44:10.900248,57675.83,7.8229556
2013-02-13 17:13:36.370409,57668.35,7.8245664
2013-02-13 17:43:01.840600,57683.145,7.824756
2013-02-13 18:12:27.310822,57675.426,7.825595
2013-02-13 18:41:52.789714,57669.57,7.824909
2013-02-13 19:11:18.260006,57691.008,7.8242702
2013-02-13 19:40:43.721668,57690.53,7.8257723
2013-02-13 20:10:09.200651,57676.867,7.8259397
2013-02-13 20:39:34.671023,57688.348,7.8233275
2013-02-13 21:09:00.132786,57674.18,7.8240376
2013-02-13 21:38:25.611858,57675.598,7.823133
2013-02-13 22:07:51.082321,57685.89,7.8248696
2013-02-13 22:37:16.552805,57684.63,7.824332
2013-02-13 23:06:42.023328,57680.57,7.824851
2013-02-14 00:05:32.964455,57675.664,7.8232336
2013-02-14 00:34:58.435069,57676.105,7.8241434
2013-02-14 01:04:23.897073,57675.562,7.8231874
2013-02-14 01:33:49.376377,57679.797,7.8241243
2013-02-14 02:03:14.847082,57685.973,7.8238206
2013-02-14 02:32:40.309166,57689.184,7.8234825
2013-02-14 03:02:05.788561,57675.555,7.8236275
2013-02-14 03:31:31.259355,57683.117,7.8239594
2013-02-14 04:00:56.738811,57688.445,7.825528
2013-02-14 04:59:47.671902,57683.203,7.8233714
2013-02-14 05:29:13.151447,57676.727,7.823431
2013-02-14 05:58:38.613743,57689.97,7.822729
2013-02-14 06:28:04.084708,57689.777,7.8246684
2013-02-14 06:57:29.564345,57690.703,7.8231854
2013-02-14 07:26:55.026731,57668.2,7.823486
2013-02-14 07:56:20.506427,57671.336,7.822843
2013-02-14 08:25:45.977514,57674.348,7.8230953
2013-02-14 08:55:11.448631,57678.023,7.822709
2013-02-14 09:24:36.919778,57668.926,7.8219204
2013-02-14 09:54:02.390955,57688.83,7.824561
2013-02-14 10:23:27.862153,57688.973,7.8233943
2013-02-14 10:52:53.333390,57671.305,7.823965
2013-02-14 11:22:18.804658,57686.17,7.8222647
2013-02-14 11:51:44.275956,57676.273,7.8250237
2013-02-14 12:21:09.755913,57677.61,7.8240027
2013-02-14 12:50:35.218632,57666.523,7.8216414
2013-02-14 13:20:00.698650,57673.816,7.8241205
2013-02-14 13:49:26.170068,57676.92,7.824076
2013-02-14 14:18:51.632867,57681.1,7.82328
2013-02-14 14:48:17.112986,57663.723,7.8214326
2013-02-14 15:17:42.575845,57682.94,7.8228135
2013-02-14 15:47:08.047374,57678.277,7.823853
2013-02-14 16:16:33.527584,57684.953,7.8238163
2013-02-14 16:45:58.990533,57671.32,7.823596
2013-02-14 17:15:24.470793,57650.977,7.82212
2013-02-14 17:44:49.942443,57681.08,7.8239255
2013-02-14 18:14:15.405483,57674.348,7.8235707
2013-02-14 18:43:40.885833,57679.867,7.8232107
2013-02-14 19:13:06.357574,57667.582,7.822945
2013-02-14 19:42:31.820704,57659.86,7.822305
2013-02-14 20:11:57.301145,57663.49,7.822393
2013-02-14 20:41:22.772976,57663.016,7.8231273
2013-02-14 21:10:48.244837,57679.758,7.8191547
2013-02-14 21:40:13.716728,57658.492,7.8232856
2013-02-14 22:09:39.188640,57675.254,7.824118
2013-02-14 22:39:04.669231,57665.805,7.823797
2013-02-14 23:08:30.132573,57658.754,7.8223996
2013-02-14 23:37:55.604575,57672.66,7.824047
2013-02-15 00:07:21.085257,57661.395,7.822208
2013-02-15 00:36:46.557320,57661.848,7.824414
2013-02-15 01:06:12.020782,57663.145,7.8215227
2013-02-15 02:05:02.973698,57668.387,7.8229837
2013-02-15 02:34:28.445890,57663.223,7.824423
2013-02-15 03:03:53.918104,57661.395,7.8219066
2013-02-15 03:33:19.390347,57662.668,7.8232117
2013-02-15 04:02:44.871260,57656.91,7.822764
2013-02-15 04:32:10.334924,57661.664,7.823949
2013-02-15 05:01:35.807258,57656.785,7.820832
2013-02-15 05:31:01.288272,57658.44,7.822288
2013-02-15 06:00:26.752016,57667.266,7.8227477
2013-02-15 06:29:52.224441,57654.41,7.8205395
2013-02-15 06:59:17.696895,57654.97,7.8222227
2013-02-15 07:28:43.169380,57647.727,7.821807
2013-02-15 07:58:08.650535,57653.473,7.821565
2013-02-15 08:27:34.114440,57678.152,7.825312
2013-02-15 08:56:59.587005,57664.42,7.823358
2013-02-15 09:26:25.068251,57651.79,7.822363
2013-02-15 09:55:50.532236,57653.785,7.821986
2013-02-15 10:25:16.004902,57650.574,7.8203444
2013-02-15 10:54:41.486228,57654.227,7.822991
2013-02-15 11:24:06.950314,57664.105,7.821391
2013-02-15 11:53:32.431700,57657.934,7.821121
2013-02-15 12:22:57.904477,57662.97,7.823716
2013-02-15 12:52:23.377293,57655.605,7.8212576
2013-02-15 13:21:48.850130,57667.867,7.822815
2013-02-15 13:51:14.322997,57649.5,7.823478
2013-02-15 14:20:39.795894,57654.71,7.823492
2013-02-15 14:50:05.268821,57670.29,7.8245625
2013-02-15 15:19:30.741779,57656.566,7.8227916
2013-02-15 15:48:56.214766,57662.445,7.824143
2013-02-15 16:18:21.696424,57663.76,7.8242526
2013-02-15 16:47:47.160832,57652.746,7.824501
2013-02-15 17:17:12.642550,57664.92,7.82451
2013-02-15 17:46:38.115649,57657.91,7.825049
2013-02-15 18:16:03.580147,57652.234,7.8216343
2013-02-15 18:45:29.061956,57655.926,7.8235307
2013-02-15 19:14:54.535145,57664.22,7.82343
2013-02-15 19:44:19.999734,57675.69,7.8261967
2013-02-15 20:13:45.481623,57654.29,7.825802
2013-02-15 20:43:10.954912,57674.293,7.8260365
2013-02-15 21:12:36.428222,57659.164,7.8236256
2013-02-15 21:42:01.901561,57639.426,7.8240485
2013-02-15 22:11:27.374941,57662.39,7.8246107
2013-02-15 22:40:52.848341,57651.312,7.8247004
2013-02-15 23:10:18.321772,57661.016,7.8242364
2013-02-15 23:39:43.786592,57663.08,7.8254013
2013-02-16 00:09:09.268723,57654.4,7.824128
2013-02-16 00:38:34.742243,57650.105,7.822247
2013-02-16 01:08:00.224434,57652.223,7.8234982
2013-02-16 01:37:25.689375,57656.957,7.824579
2013-02-16 02:06:51.162976,57656.664,7.8234177
2013-02-16 02:36:16.645258,57650.426,7.824933
2013-02-16 03:05:42.110290,57664.906,7.8238845
2013-02-16 03:35:07.583991,57656.125,7.823866
2013-02-16 04:04:33.066353,57656.85,7.8230004
2013-02-16 04:33:58.531475,57662.023,7.822001
2013-02-16 05:03:24.005257,57649.434,7.8246293
2013-02-16 05:32:49.487710,57660.082,7.8246493
2013-02-16 06:02:14.961562,57657.863,7.8241744
2013-02-16 06:31:40.435435,57648.0,7.8217454
2013-02-16 07:01:05.909339,57646.76,7.8233657
2013-02-16 07:30:31.383281,57651.76,7.821408
2013-02-16 07:59:56.857245,57645.89,7.823682
2013-02-16 08:29:22.331238,57660.945,7.822501
2013-02-16 08:58:47.805262,57656.547,7.8237157
2013-02-16 09:28:13.287956,57673.93,7.8243303
2013-02-16 09:57:38.753390,57693.71,7.827097
2013-02-16 10:27:04.236144,57660.977,7.8250303
2013-02-16 10:56:29.710288,57648.117,7.8230433
2013-02-16 11:25:55.175823,57647.38,7.823931
2013-02-16 11:55:20.658657,57667.688,7.8256116
2013-02-16 12:24:46.132892,57666.99,7.824829
2013-02-16 12:54:11.598507,57653.227,7.823679
2013-02-16 13:23:37.081442,57650.906,7.823713
2013-02-16 13:53:02.547118,57655.457,7.823478
2013-02-16 14:22:28.021463,57684.004,7.825557
2013-02-16 14:51:53.504489,57674.285,7.8251348
2013-02-16 15:21:18.970255,57667.633,7.825165
2013-02-16 15:50:44.453331,57666.793,7.8241715
2013-02-16 16:20:09.927797,57674.953,7.8244095
2013-02-16 16:49:35.393654,57680.082,7.8248897
2013-02-16 17:19:00.876820,57665.832,7.8219786
2013-02-16 17:48:26.351377,57664.945,7.8235874
2013-02-16 18:17:51.825964,57681.848,7.8253603
2013-02-16 18:47:17.300571,57668.0,7.8249445
2013-02-16 19:16:42.775218,57664.445,7.8252864
2013-02-16 19:46:08.258536,57680.445,7.825075
2013-02-16 20:15:33.724593,57670.527,7.824603
2013-02-16 20:44:59.199331,57665.617,7.822422
2013-02-16 21:14:24.682729,57659.305,7.823921
2013-02-16 21:43:50.157516,57660.152,7.8238335
2013-02-16 22:13:15.623705,57670.957,7.8243537
2013-02-16 22:42:41.107194,57681.887,7.824762
2013-02-16 23:12:06.582072,57672.23,7.824631
2013-02-16 23:41:32.048341,57672.66,7.8241673
2013-02-17 00:10:57.531920,57668.24,7.8237967
2013-02-17 00:40:23.006889,57687.42,7.824389
2013-02-17 01:09:48.490528,57682.43,7.8256407
2013-02-17 01:39:13.956918,57691.496,7.8239813
2013-02-17 02:08:39.431978,57670.977,7.825623
2013-02-17 02:38:04.915697,57675.54,7.8255353
2013-02-17 03:07:30.382177,57679.285,7.8249407
2013-02-17 03:36:55.857327,57673.28,7.824433
2013-02-17 04:35:46.807698,57686.766,7.8242726
2013-02-17 05:05:12.291579,57685.633,7.8244886
2013-02-17 05:34:37.758200,57679.61,7.8245068
2013-02-17 06:04:03.233491,57678.242,7.8250465
2013-02-17 06:33:28.717462,57689.816,7.8245287
2013-02-17 07:02:54.184173,57679.246,7.8253746
2013-02-17 07:32:19.659555,57690.242,7.8250194
2013-02-17 08:01:45.143596,57668.516,7.8254404
2013-02-17 08:31:10.610398,57700.715,7.82439
2013-02-17 09:00:36.085870,57685.836,7.824687
2013-02-17 09:30:01.570012,57681.98,7.8238993
2013-02-17 09:59:27.045545,57681.23,7.8245506
2013-02-17 10:28:52.521098,57681.98,7.825215
2013-02-17 10:58:17.996690,57697.914,7.825456
2013-02-17 11:27:43.472303,57687.996,7.8259706
2013-02-17 11:57:08.947956,57706.32,7.8249574
2013-02-17 12:26:34.423629,57687.066,7.8255296
2013-02-17 12:55:59.899333,57694.926,7.8257217
2013-02-17 13:25:25.383706,57687.84,7.8260584
2013-02-17 13:54:50.850830,57686.84,7.82547
2013-02-17 14:24:16.335264,57699.332,7.8256044
2013-02-17 14:53:41.811088,57687.01,7.8240576
2013-02-17 15:23:07.278302,57706.98,7.8267684
2013-02-17 15:52:32.762827,57691.17,7.82508
2013-02-17 16:21:58.238741,57704.113,7.8258805
2013-02-17 16:51:23.706036,57704.418,7.8255854
2013-02-17 17:20:49.190651,57702.64,7.8258715
2013-02-17 17:50:14.666646,57702.965,7.826798
2013-02-17 18:19:40.134041,57703.332,7.825745
2013-02-17 18:49:05.618737,57698.41,7.8252134
2013-02-17 19:18:31.094822,57706.926,7.8259087
2013-02-17 19:47:56.570948,57699.79,7.8252807
2013-02-17 20:17:22.047094,57709.52,7.8269367
2013-02-17 20:46:47.523270,57700.617,7.82611
2013-02-17 21:16:12.999476,57717.9,7.8276854
2013-02-17 21:45:38.475713,57700.266,7.8255467
2013-02-17 22:15:03.951970,57705.715,7.826071
2013-02-17 22:44:29.428266,57694.33,7.824781
2013-02-17 23:13:54.904593,57703.055,7.8247786
2013-02-17 23:43:20.389580,57708.562,7.825567
2013-02-18 00:12:45.857328,57699.164,7.825507
2013-02-18 00:42:11.333735,57697.27,7.8245587
2013-02-18 01:11:36.818823,57706.52,7.8261876
2013-02-18 01:41:02.295291,57705.582,7.8254013
2013-02-18 02:10:27.763149,57698.555,7.8249297
2013-02-18 02:39:53.248317,57703.984,7.8273063
2013-02-18 03:09:18.724875,57704.164,7.8253446
2013-02-18 03:38:44.201464,57729.09,7.8258944
2013-02-18 04:08:09.678082,57719.04,7.8249736
2013-02-18 04:37:35.154731,57719.36,7.82474
2013-02-18 05:07:00.631410,57714.8,7.8263903
2013-02-18 05:36:26.108109,57724.094,7.8262177
2013-02-18 06:05:51.584849,57726.875,7.8257594
2013-02-18 06:35:17.070248,57724.504,7.826488
2013-02-18 07:04:42.538408,57738.42,7.826962
2013-02-18 07:34:08.015228,57716.156,7.8255134
2013-02-18 08:03:33.500718,57723.945,7.82596
2013-02-18 08:32:58.968958,57705.516,7.8260684
2013-02-18 09:02:24.454518,57740.797,7.828228
2013-02-18 09:31:49.931459,57721.176,7.825761
2013-02-18 10:01:15.399779,57714.72,7.827314
2013-02-18 10:30:40.885421,57726.137,7.8269663
2013-02-18 11:00:06.362452,57723.37,7.8260746
2013-02-18 11:29:31.830873,57735.16,7.82747
2013-02-18 11:58:57.316594,57740.234,7.8279405
2013-02-18 12:28:22.793716,57735.754,7.827024
2013-02-18 12:57:48.270857,57736.13,7.8263617
2013-02-18 13:27:13.748029,57726.418,7.826547
2013-02-18 13:56:39.216602,57730.395,7.8261776
2013-02-18 14:26:04.702474,57732.43,7.8268313
2013-02-18 14:55:30.179736,57742.93,7.8286777
2013-02-18 15:24:55.657029,57727.984,7.827412
2013-02-18 15:54:21.134351,57732.85,7.8275647
2013-02-18 16:23:46.611705,57738.773,7.8282084
2013-02-18 16:53:12.089088,57732.25,7.827118
2013-02-18 17:22:37.575131,57729.73,7.8269973
2013-02-18 17:52:03.043934,57743.11,7.828089
2013-02-18 18:21:28.530038,57722.312,7.8264003
2013-02-18 18:50:54.007542,57735.61,7.8276143
2013-02-18 19:20:19.476426,57731.92,7.8255973
2013-02-18 19:49:44.962619,57724.586,7.8267317
2013-02-18 20:19:10.440204,57726.836,7.825403
2013-02-18 20:48:35.909179,57734.83,7.8265443
2013-02-18 21:18:01.395463,57744.555,7.8276978
2013-02-18 21:47:26.873138,57731.324,7.8273993
2013-02-18 22:16:52.359483,57739.594,7.8280134
2013-02-18 22:46:17.828578,57746.777,7.8282695
2013-02-18 23:15:43.306333,57749.734,7.827526
2013-02-18 23:45:08.792769,57741.965,7.8267474
2013-02-19 00:14:34.261945,57751.055,7.827803
2013-02-19 00:43:59.739790,57745.87,7.8268147
2013-02-19 01:13:25.226316,57761.7,7.827013
2013-02-19 01:42:50.695582,57732.508,7.8268623
2013-02-19 02:12:16.173519,57724.355,7.8259573
2013-02-19 02:41:41.651485,57735.15,7.825294
2013-02-19 03:11:07.129482,57754.902,7.8272924
2013-02-19 03:40:32.616139,57740.105,7.82543
2013-02-19 04:09:58.085556,57749.164,7.826194
2013-02-19 04:39:23.563643,57752.934,7.82687
2013-02-19 05:08:49.050390,57759.105,7.826026
2013-02-19 05:38:14.519898,57739.812,7.825446
2013-02-19 06:07:39.998066,57749.81,7.8262215
2013-02-19 06:37:05.484903,57736.71,7.8251724
2013-02-19 07:06:30.963131,57748.57,7.8266473
2013-02-19 07:35:56.441389,57736.637,7.8253384
2013-02-19 08:05:21.919678,57733.645,7.8240557
2013-02-19 08:34:47.397996,57734.766,7.824226
2013-02-19 09:04:12.876345,57759.137,7.8272185
2013-02-19 09:33:38.354724,57744.793,7.824675
2013-02-19 10:03:03.833123,57743.965,7.825084
2013-02-19 10:32:29.320202,57751.324,7.824639
2013-02-19 11:01:54.790021,57750.65,7.824687
2013-02-19 11:31:20.277151,57741.33,7.823784
2013-02-19 12:00:45.755681,57748.9,7.823786
2013-02-19 12:30:11.225591,57749.637,7.8241997
2013-02-19 13:29:02.191421,57759.484,7.8247633
2013-02-19 13:58:27.661411,57736.785,7.825028
2013-02-19 14:27:53.148722,57745.254,7.8232317
2013-02-19 14:57:18.627422,57758.78,7.824054
2013-02-19 15:26:44.097503,57736.38,7.8239374
2013-02-19 15:56:09.584905,57731.2,7.822614
2013-02-19 16:25:35.063686,57729.188,7.8239803
2013-02-19 16:55:00.542497,57745.383,7.8246603
2013-02-19 17:24:26.021339,57745.285,7.8234024
2013-02-19 17:53:51.500210,57744.566,7.8224897
2013-02-19 18:23:16.979112,57730.46,7.8231416
2013-02-19 18:52:42.458045,57736.79,7.8227015
2013-02-19 19:22:07.937007,57719.77,7.822008
2013-02-19 19:51:33.415989,57730.055,7.8218555
2013-02-19 20:20:58.895012,57744.305,7.823703
2013-02-19 20:50:24.382694,57745.832,7.8237743
2013-02-19 21:19:49.853137,57745.55,7.8232384
2013-02-19 21:49:15.332241,57729.508,7.8231616
2013-02-19 22:18:40.820014,57731.676,7.8234224
2013-02-19 22:48:06.299177,57749.742,7.8242645
2013-02-19 23:17:31.769731,57729.598,7.8231897
2013-02-19 23:46:57.257594,57732.33,7.8247843
2013-02-20 00:16:22.736849,57738.535,7.825761
2013-02-20 00:45:48.207483,57727.457,7.822727
2013-02-20 01:15:13.695437,57719.75,7.8233743
2013-02-20 01:44:39.174771,57732.688,7.824606
2013-02-20 02:14:04.662776,57727.918,7.823819
2013-02-20 02:43:30.133531,57716.99,7.8224955
2013-02-20 03:12:55.612966,57719.91,7.82385
2013-02-20 04:11:46.571896,57741.48,7.8251514
2013-02-20 04:41:12.051412,57719.625,7.8233137
2013-02-20 05:10:37.539597,57734.758,7.8249044
2013-02-20 05:40:03.010523,57718.008,7.824105
2013-02-20 06:09:28.498769,57718.62,7.8224726
2013-02-20 06:38:53.978395,57724.637,7.8228197
2013-02-20 07:08:19.449421,57728.766,7.8229623
2013-02-20 07:37:44.937748,57740.324,7.822046
2013-02-20 08:07:10.417464,57719.91,7.824397
2013-02-20 08:36:35.888571,57717.9,7.8234715
2013-02-20 09:06:01.376978,57709.066,7.8232746
2013-02-20 09:35:26.856785,57719.164,7.8243093
2013-02-20 10:04:52.336623,57719.79,7.8234844
2013-02-20 10:34:17.816480,57715.074,7.8225584
2013-02-20 11:03:43.296378,57716.09,7.822836
2013-02-20 11:33:08.776296,57723.887,7.822022
2013-02-20 12:02:34.256244,57720.457,7.8229976
2013-02-20 12:31:59.736221,57719.305,7.821123
2013-02-20 13:01:25.216230,57712.98,7.821339
2013-02-20 13:30:50.696269,57719.45,7.823571
2013-02-20 14:00:16.176337,57715.21,7.8229403
2013-02-20 14:29:41.665066,57722.797,7.8241415
2013-02-20 14:59:07.136555,57711.95,7.822053
2013-02-20 15:28:32.625344,57718.3,7.8224406
2013-02-20 15:57:58.105524,57712.812,7.8208766
2013-02-20 16:27:23.577103,57703.055,7.8218045
2013-02-20 16:56:49.065983,57721.723,7.8229275
2013-02-20 17:26:14.546253,57709.3,7.822748
2013-02-20 17:55:40.017903,57722.027,7.8221164
2013-02-20 18:25:05.506873,57709.574,7.8229256
2013-02-20 18:54:30.987233,57711.996,7.8219337
2013-02-20 19:23:56.476253,57718.453,7.8227925
2013-02-20 19:53:21.948034,57708.695,7.82134
2013-02-20 20:22:47.428475,57716.305,7.8224077
2013-02-20 20:52:12.917586,57706.625,7.822186
2013-02-20 21:21:38.389447,57711.973,7.8220778
2013-02-20 21:51:03.869979,57712.473,7.822303
2013-02-20 22:20:29.359180,57712.46,7.8230896
2013-02-20 22:49:54.831122,57709.777,7.8219995
2013-02-20 23:19:20.311744,57692.883,7.8216405
2013-02-20 23:48:45.801025,57707.41,7.819968
2013-02-21 00:18:11.273068,57705.195,7.8205953
2013-02-21 00:47:36.762410,57698.92,7.8208284
2013-02-21 01:17:02.234503,57713.457,7.822535
2013-02-21 01:46:27.723905,57721.516,7.822631
2013-02-21 02:15:53.204698,57714.48,7.819851
2013-02-21 02:45:18.685521,57711.406,7.820684
2013-02-21 03:14:44.157724,57721.2,7.8210583
2013-02-21 03:44:09.647248,57702.203,7.820081
2013-02-21 04:13:35.128151,57709.633,7.8209057
2013-02-21 04:43:00.609095,57685.812,7.821022
2013-02-21 05:12:26.090059,57686.79,7.8205714
2013-02-21 05:41:51.571053,57695.25,7.821151
2013-02-21 06:11:17.052077,57694.01,7.822157
2013-02-21 06:40:42.533122,57687.633,7.820946
2013-02-21 07:10:08.014206,57708.023,7.8220754
2013-02-21 07:39:33.503961,57686.75,7.8196216
2013-02-21 08:08:58.976456,57697.21,7.8207836
2013-02-21 08:38:24.457621,57703.266,7.821054
2013-02-21 09:07:49.947456,57713.656,7.8209662
2013-02-21 09:37:15.420052,57691.332,7.820274
2013-02-21 10:06:40.909947,57692.23,7.8197093
2013-02-21 10:36:06.391223,57693.95,7.8197737
2013-02-21 11:05:31.863899,57701.03,7.8207936
2013-02-21 11:34:57.353884,57704.75,7.820639
2013-02-21 12:04:22.835251,57717.344,7.8211565
2013-02-21 12:33:48.308007,57709.48,7.8219833
2013-02-21 13:03:13.798084,57698.613,7.8214583
2013-02-21 13:32:39.279541,57706.582,7.8204436
2013-02-21 14:02:04.769667,57675.617,7.820921
2013-02-21 14:31:30.242534,57695.312,7.82041
2013-02-21 15:00:55.724082,57694.133,7.8203673
2013-02-21 15:30:21.205659,57691.2,7.8209696
2013-02-21 15:59:46.687256,57693.363,7.8205733
2013-02-21 16:29:12.168884,57697.22,7.8189025
2013-02-21 16:58:37.650552,57690.973,7.820943
2013-02-21 17:28:03.132240,57680.227,7.819426
2013-02-21 17:57:28.622599,57696.848,7.8187547
2013-02-21 18:26:54.095697,57685.51,7.8191104
2013-02-21 18:56:19.577475,57696.05,7.819898
2013-02-21 19:25:45.067924,57695.17,7.819784
2013-02-21 19:55:10.549753,57689.445,7.8189626
2013-02-21 20:24:36.022972,57690.234,7.8196216
2013-02-21 20:54:01.513512,57696.49,7.8184443
2013-02-21 21:23:26.995421,57689.32,7.820405
2013-02-21 21:52:52.468730,57689.645,7.8193984
2013-02-21 22:22:17.959350,57705.562,7.8202014
2013-02-21 22:51:43.441360,57688.543,7.819725
2013-02-21 23:21:08.932030,57700.965,7.8201184
2013-02-21 23:50:34.405460,57683.805,7.819691
2013-02-22 00:19:59.887551,57701.87,7.8192863
2013-02-22 00:49:25.378311,57692.18,7.8175836
2013-02-22 01:18:50.851822,57678.977,7.8191185
2013-02-22 01:48:16.334003,57695.08,7.81952
2013-02-22 02:17:41.824854,57689.133,7.8182406
2013-02-22 02:47:07.298445,57695.383,7.8202496
2013-02-22 03:16:32.789356,57684.023,7.820259
2013-02-22 03:45:58.271648,57693.79,7.8190265
2013-02-22 04:15:23.745330,57690.434,7.819109
2013-02-22 04:44:49.236322,57684.902,7.8188815
2013-02-22 05:14:14.718704,57674.91,7.8182797
2013-02-22 05:43:40.192476,57681.83,7.819976
2013-02-22 06:13:05.683558,57694.18,7.820169
2013-02-22 06:42:31.166021,57685.15,7.819546
2013-02-22 07:11:56.648514,57693.727,7.819873
2013-02-22 07:41:22.131047,57681.164,7.8193045
2013-02-22 08:10:47.613600,57682.062,7.8179073
2013-02-22 08:40:13.096183,57675.86,7.817281
2013-02-22 09:09:38.578796,57685.625,7.8210793
2013-02-22 09:39:04.061430,57692.266,7.8209267
2013-02-22 10:08:29.544104,57698.746,7.820535
2013-02-22 10:37:55.026798,57681.64,7.8191905
2013-02-22 11:07:20.509522,57688.49,7.8192167
2013-02-22 11:36:46.000926,57687.957,7.8198705
2013-02-22 12:06:11.475070,57678.605,7.818665
2013-02-22 12:35:36.966515,57659.996,7.8175097
2013-02-22 13:05:02.449360,57682.46,7.8183975
2013-02-22 13:34:27.923595,57676.977,7.817829
2013-02-22 14:03:53.415130,57675.176,7.81866
2013-02-22 14:33:18.898055,57691.242,7.818564
2013-02-22 15:02:44.372380,57672.95,7.8186255
2013-02-22 15:32:09.864006,57665.715,7.8188457
2013-02-22 16:01:35.347012,57692.082,7.8190746
2013-02-22 16:31:00.838698,57687.195,7.8191466
2013-02-22 17:00:26.313134,57670.64,7.8193426
2013-02-22 17:29:51.796230,57688.957,7.818185
2013-02-22 17:59:17.288006,57675.95,7.819768
2013-02-22 18:28:42.762523,57663.64,7.8173604
2013-02-22 18:58:08.245710,57659.793,7.8194113
2013-02-22 19:27:33.737557,57664.105,7.8180046
2013-02-22 19:56:59.212164,57678.895,7.8198013
2013-02-22 20:26:24.695441,57668.008,7.8178816
2013-02-22 20:55:50.187378,57666.473,7.8185296
2013-02-22 21:25:15.662066,57667.746,7.8190265
2013-02-22 21:54:41.154073,57673.86,7.820322
2013-02-22 22:24:06.637462,57662.926,7.818417
2013-02-22 22:53:32.120870,57677.605,7.8196816
2013-02-22 23:22:57.604318,57661.555,7.81885
2013-02-22 23:52:23.087796,57654.355,7.818365
2013-02-23 00:21:48.571295,57665.223,7.819004
2013-02-23 00:51:14.054823,57667.508,7.8172398
2013-02-23 01:20:39.538382,57673.496,7.818741
2013-02-23 01:50:05.021972,57674.297,7.8193946
2013-02-23 02:19:30.505591,57670.3,7.816986
2013-02-23 02:48:55.989240,57670.41,7.8176365
2013-02-23 03:47:46.956619,57667.117,7.8178835
2013-02-23 04:17:12.440349,57660.83,7.8184733
2013-02-23 04:46:37.932750,57662.895,7.8180733
2013-02-23 05:16:03.407900,57664.977,7.8191395
2013-02-23 05:45:28.900360,57652.516,7.817677
2013-02-23 06:14:54.384201,57651.445,7.8188434
2013-02-23 06:44:19.859441,57663.582,7.8198996
2013-02-23 07:13:45.351982,57664.258,7.8208194
2013-02-23 07:43:10.835914,57666.0,7.8185167
2013-02-23 08:12:36.311234,57650.215,7.817181
2013-02-23 08:42:01.803866,57663.137,7.8207207
2013-02-23 09:11:27.287888,57662.047,7.819657
2013-02-23 09:40:52.763289,57684.26,7.820264
2013-02-23 10:10:18.256011,57649.363,7.819509
2013-02-23 10:39:43.740114,57669.9,7.8198647
2013-02-23 11:09:09.232885,57653.68,7.821422
2013-02-23 11:38:34.708408,57669.254,7.820479
2013-02-23 12:08:00.192601,57663.86,7.8216906
2013-02-23 12:37:25.685453,57656.445,7.8214283
2013-02-23 13:06:51.161066,57658.78,7.8228683
2013-02-23 13:36:16.645339,57654.582,7.8217645
2013-02-23 14:05:42.138282,57666.383,7.821978
2013-02-23 14:35:07.613976,57669.723,7.823088
2013-02-23 15:04:33.106979,57662.195,7.8219514
2013-02-23 15:33:58.582723,57663.06,7.822657
2013-02-23 16:03:24.067147,57668.71,7.824264
2013-02-23 16:32:49.560231,57658.75,7.823154
2013-02-23 17:02:15.044705,57654.516,7.822412
2013-02-23 17:31:40.520570,57669.883,7.8222837
2013-02-23 18:01:06.013744,57653.47,7.821627
2013-02-23 18:30:31.498309,57648.34,7.8219733
2013-02-23 18:59:56.974264,57649.19,7.8221407
2013-02-23 19:29:22.467519,57675.844,7.822508
2013-02-23 19:58:47.952164,57660.75,7.8220243
2013-02-23 20:28:13.445479,57650.707,7.821138
2013-02-23 20:57:38.921544,57657.285,7.820701
2013-02-23 21:27:04.406280,57648.09,7.822656
2013-02-23 21:56:29.899677,57632.062,7.8217964
2013-02-23 22:25:55.375833,57665.08,7.8220825
2013-02-23 22:55:20.860648,57652.938,7.822115
2013-02-23 23:24:46.354135,57656.945,7.8222136
2013-02-23 23:54:11.830371,57658.33,7.8215256
2013-02-24 00:23:37.323918,57660.03,7.8224525
2013-02-24 00:53:02.808845,57655.906,7.8206077
2013-02-24 01:22:28.285172,57660.996,7.8222723
2013-02-24 01:51:53.778799,57646.195,7.820976
2013-02-24 02:21:19.263817,57666.586,7.8225336
2013-02-24 02:50:44.740224,57649.53,7.821644
2013-02-24 03:20:10.233942,57659.94,7.8213587
2013-02-24 03:49:35.719040,57674.35,7.822796
2013-02-24 04:19:01.212818,57662.89,7.8210673
2013-02-24 04:48:26.689336,57640.473,7.822568
2013-02-24 05:17:52.174524,57652.953,7.8198786
2013-02-24 05:47:17.659742,57656.637,7.821572
2013-02-24 06:16:43.144991,57652.805,7.8196263
2013-02-24 06:46:08.630260,57650.914,7.8199954
2013-02-24 07:15:34.115569,57657.297,7.8187475
2013-02-24 07:44:59.600898,57664.32,7.819547
2013-02-24 08:14:25.086258,57663.62,7.8193283
2013-02-24 08:43:50.580287,57647.426,7.8204584
2013-02-24 09:13:16.057067,57656.992,7.8210955
2013-02-24 09:42:41.551147,57646.41,7.8216004
2013-02-24 10:12:07.036627,57650.91,7.8197646
2013-02-24 10:41:32.513487,57650.89,7.8202386
2013-02-24 11:10:58.007658,57647.438,7.8201575
2013-02-24 11:40:23.493218,57642.66,7.819439
2013-02-24 12:09:48.970168,57643.26,7.8169236
2013-02-24 12:39:14.464419,57638.78,7.818683
2013-02-24 13:08:39.950060,57633.31,7.8199306
2013-02-24 13:38:05.444381,57646.348,7.8195505
2013-02-24 14:07:30.921443,57642.66,7.8203025
2013-02-24 14:36:56.407174,57652.195,7.820601
2013-02-24 15:06:21.901566,57654.01,7.819264
2013-02-24 15:35:47.378718,57640.66,7.8190856
2013-02-24 16:05:12.864529,57648.19,7.8194323
2013-02-24 16:34:38.359012,57640.9,7.817917
2013-02-24 17:04:03.836244,57661.266,7.8186083
2013-02-24 17:33:29.322146,57647.926,7.818957
2013-02-24 18:02:54.816709,57665.996,7.8198
2013-02-24 18:32:20.302672,57644.38,7.818538
2013-02-24 19:01:45.788655,57650.99,7.819111
2013-02-24 19:31:11.274668,57640.68,7.8182797
2013-02-24 20:00:36.760711,57637.08,7.817233
2013-02-24 20:30:02.246785,57640.094,7.81857
2013-02-24 20:59:27.732878,57650.19,7.8184104
2013-02-24 21:28:53.210372,57640.32,7.818006
2013-02-24 21:58:18.705166,57641.883,7.8177414
2013-02-24 22:27:44.191350,57636.7,7.818187
2013-02-24 22:57:09.677554,57640.473,7.8180547
2013-02-24 23:26:35.163799,57647.17,7.8190484
2013-02-24 23:56:00.650064,57631.074,7.817975
2013-02-25 00:25:26.145008,57635.87,7.8177133
2013-02-25 00:54:51.622693,57639.992,7.8183603
2013-02-25 01:24:17.109048,57635.605,7.817985
2013-02-25 01:53:42.604063,57636.434,7.818261
2013-02-25 02:23:08.081839,57640.117,7.8173923
2013-02-25 02:52:33.576915,57639.918,7.819137
2013-02-25 03:21:59.063380,57641.797,7.818289
2013-02-25 03:51:24.541236,57639.824,7.8192687
2013-02-25 04:20:50.036402,57620.63,7.8179336
2013-02-25 04:50:15.522958,57636.87,7.8187766
2013-02-25 05:19:41.000895,57636.117,7.8192086
2013-02-25 05:49:06.496142,57641.74,7.8192267
2013-02-25 06:18:31.982778,57643.6,7.8195825
2013-02-25 06:47:57.460805,57656.5,7.817868
2013-02-25 07:17:22.956142,57639.973,7.8198943
2013-02-25 07:46:48.442859,57642.31,7.8191347
2013-02-25 08:16:13.938257,57629.582,7.817935
2013-02-25 08:45:39.416395,57631.91,7.818503
2013-02-25 09:15:04.903202,57619.316,7.8189197
2013-02-25 09:44:30.398670,57634.81,7.8209453
2013-02-25 10:13:55.876898,57625.1,7.819138
2013-02-25 10:43:21.363786,57636.266,7.8183904
2013-02-25 11:12:46.859345,57630.938,7.8190393
2013-02-25 11:42:12.346293,57658.387,7.820601
2013-02-25 12:11:37.833272,57640.56,7.818041
2013-02-25 12:41:03.320281,57642.094,7.819841
2013-02-25 13:39:54.294369,57630.91,7.818656
2013-02-25 14:09:19.781458,57647.184,7.819266
2013-02-25 14:38:45.259938,57652.76,7.8189216
2013-02-25 15:08:10.755727,57638.152,7.819203
2013-02-25 15:37:36.242897,57635.465,7.8177896
2013-02-25 16:07:01.738737,57629.777,7.819393
2013-02-25 16:36:27.217327,57638.84,7.820584
2013-02-25 17:05:52.704588,57631.168,7.819248
2013-02-25 17:35:18.200519,57644.324,7.819778
2013-02-25 18:04:43.679189,57638.38,7.8196106
2013-02-25 18:34:09.166540,57646.027,7.8195033
2013-02-25 19:03:34.662551,57644.04,7.820209
2013-02-25 19:33:00.141302,57654.63,7.8208933
2013-02-25 20:02:25.628733,57639.258,7.820493
2013-02-25 20:31:51.124835,57618.867,7.820141
2013-02-25 21:01:16.603676,57635.645,7.820227
2013-02-25 21:30:42.099828,57622.582,7.8194456
2013-02-25 22:00:07.587370,57638.984,7.818994
2013-02-25 22:29:33.066292,57636.395,7.818277
2013-02-25 22:58:58.562535,57637.613,7.8194623
2013-02-25 23:28:24.050157,57642.85,7.8193393
2013-02-25 23:57:49.537810,57640.062,7.8202777
2013-02-26 00:27:15.025493,57641.28,7.8181224
2013-02-26 00:56:40.513205,57611.17,7.8184013
2013-02-26 01:26:06.009579,57633.96,7.820146
2013-02-26 01:55:31.488702,57635.453,7.820301
2013-02-26 02:24:56.976495,57625.875,7.819012
2013-02-26 03:23:47.960813,57635.375,7.8194375
2013-02-26 03:53:13.440046,57632.74,7.8185635
2013-02-26 04:22:38.936601,57634.387,7.8187227
2013-02-26 04:52:04.415895,57634.258,7.818901
2013-02-26 05:21:29.903859,57644.145,7.81836
2013-02-26 05:50:55.400484,57652.848,7.819317
2013-02-26 06:20:20.879869,57628.66,7.8191648
2013-02-26 06:49:46.376553,57616.234,7.818298
2013-02-26 07:19:11.864629,57637.008,7.819496
2013-02-26 07:48:37.344094,57629.92,7.8194747
2013-02-26 08:18:02.840859,57614.234,7.816925
2013-02-26 08:47:28.329025,57629.277,7.8197093
2013-02-26 09:16:53.808571,57629.977,7.819303
2013-02-26 09:46:19.305426,57618.816,7.818499
2013-02-26 10:15:44.793663,57638.254,7.819234
2013-02-26 10:45:10.290579,57636.97,7.819894
2013-02-26 11:14:35.770235,57635.46,7.819421
2013-02-26 11:44:01.258562,57649.52,7.8208494
2013-02-26 12:13:26.755558,57629.43,7.818917
2013-02-26 12:42:52.235305,57626.406,7.8181615
2013-02-26 13:12:17.723722,57631.215,7.8185234
2013-02-26 13:41:43.220800,57635.22,7.8195972
2013-02-26 14:11:08.700627,57645.285,7.8199644
2013-02-26 14:40:34.197764,57613.395,7.818192
2013-02-26 15:09:59.686282,57626.516,7.8178825
2013-02-26 15:39:25.174840,57638.812,7.8186746
2013-02-26 16:08:50.663418,57639.008,7.818161
2013-02-26 16:38:16.152026,57623.24,7.8189015
2013-02-26 17:07:41.640664,57644.453,7.8183665
2013-02-26 17:37:07.129333,57628.46,7.8166227
2013-02-26 18:06:32.618021,57632.64,7.8179116
2013-02-26 18:35:58.106740,57636.848,7.817817
2013-02-26 19:05:23.595489,57639.707,7.818786
2013-02-26 19:34:49.084269,57632.793,7.8179812
2013-02-26 20:04:14.573067,57623.36,7.8175263
2013-02-26 20:33:40.061897,57653.832,7.8182755
2013-02-26 21:03:05.550766,57633.31,7.8165007
2013-02-26 21:32:31.048286,57635.766,7.8173823
2013-02-26 22:01:56.528566,57634.785,7.818629
2013-02-26 22:31:22.017507,57632.598,7.818732
2013-02-26 23:00:47.515127,57643.42,7.8174043
2013-02-26 23:30:12.995487,57637.29,7.816776
2013-02-26 23:59:38.493148,57638.598,7.8173213
2013-02-27 00:29:03.982208,57633.24,7.8179903
2013-02-27 00:58:29.462650,57638.53,7.8172555
2013-02-27 01:27:54.960400,57640.883,7.8180184
2013-02-27 01:57:20.449542,57638.254,7.8174567
2013-02-27 02:26:45.930073,57641.4,7.817158
2013-02-27 02:56:11.427904,57646.254,7.8181577
2013-02-27 03:25:36.917126,57626.965,7.817406
2013-02-27 03:55:02.397738,57641.473,7.817554
2013-02-27 04:24:27.895660,57638.008,7.818131
2013-02-27 04:53:53.384973,57655.492,7.8185644
2013-02-27 05:23:18.882945,57638.32,7.8163805
2013-02-27 05:52:44.363667,57667.832,7.819509
2013-02-27 06:22:09.853060,57649.84,7.8154125
2013-02-27 06:51:35.351123,57644.72,7.8170176
2013-02-27 07:21:00.831926,57663.59,7.818744
2013-02-27 07:50:26.321399,57633.355,7.816706
2013-02-27 08:19:51.819543,57653.434,7.817773
2013-02-27 08:49:17.309076,57645.445,7.818414
2013-02-27 09:18:42.798630,57632.965,7.8163424
2013-02-27 09:48:08.288224,57658.547,7.8174815
2013-02-27 10:17:33.777837,57659.086,7.8160453
2013-02-27 10:46:59.267472,57640.16,7.817632
2013-02-27 11:16:24.757146,57665.88,7.8178444
2013-02-27 11:45:50.238200,57656.027,7.8171372
2013-02-27 12:15:15.736565,57642.684,7.817055
2013-02-27 12:44:41.226320,,
2013-02-27 13:14:06.724745,57669.848,7.818268
2013-02-27 13:43:32.205910,57648.43,7.8167067
2013-02-27 14:12:57.695756,57655.035,7.8176813
2013-02-27 14:42:23.194261,57650.445,7.8177886
2013-02-27 15:11:48.675506,57640.29,7.816266
2013-02-27 15:41:14.165432,57646.01,7.8171396
2013-02-27 16:10:39.664018,57651.355,7.8186636
2013-02-27 16:40:05.145354,57646.473,7.817893
2013-02-27 17:09:30.635361,57646.754,7.816837
2013-02-27 17:38:56.134027,57657.312,7.817821
2013-02-27 18:08:21.615453,57641.938,7.816189
2013-02-27 18:37:47.114180,57633.61,7.8172555
2013-02-27 19:07:12.604297,57672.984,7.8182287
2013-02-27 19:36:38.085794,57663.78,7.8179007
2013-02-27 20:06:03.584611,57648.27,7.815854
2013-02-27 20:35:29.074808,57646.863,7.8160725
2013-02-27 21:04:54.565036,57661.984,7.8183804
2013-02-27 21:34:20.055284,57655.918,7.817613
2013-02-27 22:03:45.545572,57665.11,7.816909
2013-02-27 22:33:11.044520,57657.824,7.8185263
2013-02-27 23:02:36.526218,57653.83,7.8164487
2013-02-27 23:32:02.016586,57660.53,7.818333
2013-02-28 00:01:27.515615,57649.74,7.8175187
2013-02-28 00:30:53.006033,57650.895,7.816276
2013-02-28 01:00:18.487842,57656.113,7.8162613
2013-02-28 01:29:43.986961,57662.145,7.8180223
2013-02-28 01:59:09.477470,57650.85,7.816193
2013-02-28 02:28:34.959360,57654.62,7.81836
2013-02-28 02:58:00.458559,57657.504,7.817517
2013-02-28 03:27:25.940509,57659.453,7.817441
2013-02-28 03:56:51.439758,57655.34,7.8172994
2013-02-28 04:26:16.930399,57660.664,7.8174005
2013-02-28 04:55:42.412428,57654.93,7.8172426
2013-02-28 05:25:07.911769,57669.508,7.816542
2013-02-28 06:23:58.884610,57669.77,7.8175864
2013-02-28 06:53:24.384031,57654.676,7.8153453
2013-02-28 07:22:49.874842,57649.07,7.8160686
2013-02-28 07:52:15.374322,57655.188,7.8170037
2013-02-28 08:21:40.856544,57666.484,7.8175654
2013-02-28 08:51:06.347435,57667.766,7.817542
2013-02-28 09:20:31.846997,57669.582,7.8179674
2013-02-28 09:49:57.329298,57655.773,7.8166738
2013-02-28 10:19:22.820281,57671.79,7.817043
2013-02-28 10:48:48.319922,57656.65,7.81653
2013-02-28 11:18:13.802315,57674.742,7.8174663
2013-02-28 11:47:39.302007,57658.56,7.8178296
2013-02-28 12:17:04.793089,57660.863,7.8171673
2013-02-28 12:46:30.284202,57662.574,7.818132
2013-02-28 13:15:55.775345,57667.88,7.8187466
2013-02-28 13:45:21.266518,57677.812,7.818549
2013-02-28 14:14:46.757711,57658.566,7.817876
2013-02-28 14:44:12.248935,57680.34,7.817724
2013-02-28 15:13:37.740188,57666.945,7.8182354
2013-02-28 15:43:03.231472,57677.598,7.819213
2013-02-28 16:12:28.731415,57655.59,7.8169546
2013-02-28 16:41:54.214109,57680.426,7.8179216
2013-02-28 17:11:19.705473,57675.84,7.818057
2013-02-28 17:40:45.196858,57673.613,7.8190403
2013-02-28 18:10:10.688272,57662.3,7.8180003
2013-02-28 18:39:36.188367,57666.99,7.8180876
2013-02-28 19:09:01.671191,57671.145,7.817852
2013-02-28 19:38:27.162696,57663.777,7.8178687
2013-02-28 20:07:52.662862,57659.414,7.81698
2013-02-28 20:37:18.145777,57658.574,7.817217
2013-02-28 21:06:43.646002,57666.66,7.8180375
2013-02-28 21:36:09.137608,57675.215,7.816366
2013-02-28 22:05:34.620603,57669.723,7.8164024
2013-02-28 22:35:00.120909,57662.1,7.8186007
2013-02-28 23:04:25.612605,57672.05,7.8182845
2013-02-28 23:33:51.095682,57676.332,7.819008
2013-03-01 00:03:16.596078,57682.0,7.818457
2013-03-01 00:32:42.087844,57673.63,7.8191524
2013-03-01 01:02:07.579651,57673.773,7.817747
2013-03-01 01:31:33.071478,57689.457,7.819729
2013-03-01 02:00:58.563345,57672.81,7.8165183
2013-03-01 02:59:49.547139,57677.605,7.818896
2013-03-01 03:29:15.039077,57677.41,7.8186874
2013-03-01 03:58:40.539684,57680.08,7.8199506
2013-03-01 04:28:06.023042,57663.727,7.8186135
2013-03-01 04:57:31.515070,57661.562,7.8182955
2013-03-01 05:26:57.015758,57669.863,7.818586
2013-03-01 05:56:22.507836,57664.844,7.8169394
2013-03-01 06:25:47.999945,57672.523,7.818268
2013-03-01 06:55:13.492073,57669.65,7.817771
2013-03-01 07:24:38.984232,57666.17,7.8185816
2013-03-01 07:54:04.485061,57674.387,7.819259
2013-03-01 08:23:29.968640,57670.633,7.817517
2013-03-01 08:52:55.460879,57658.484,7.817127
2013-03-01 09:22:20.953149,57671.504,7.817771
2013-03-01 09:51:46.445448,57677.184,7.817536
2013-03-01 10:21:11.946418,57664.297,7.817772
2013-03-01 10:50:37.430128,57679.195,7.818281
2013-03-01 11:20:02.922508,57665.39,7.817409
2013-03-01 11:49:28.423558,57671.81,7.8180456
2013-03-01 12:18:53.907349,57682.895,7.818887
2013-03-01 12:48:19.399809,,
2013-03-01 13:17:44.900940,57673.89,7.8172865
2013-03-01 13:47:10.384821,57677.145,7.819326
2013-03-01 14:16:35.877361,57683.23,7.8189015
2013-03-01 14:46:01.378572,57664.016,7.817739
2013-03-01 15:15:26.862534,57674.76,7.81977
2013-03-01 15:44:52.363805,57678.336,7.8190207
2013-03-01 16:14:17.856457,57675.234,7.8188586
2013-03-01 16:43:43.349139,57669.93,7.8188224
2013-03-01 17:13:08.841850,57669.848,7.8197503
2013-03-01 17:42:34.334583,57665.703,7.8185797
2013-03-01 18:11:59.827344,57687.617,7.8189754
2013-03-01 18:41:25.320137,57667.29,7.817337
2013-03-01 19:10:50.812960,57695.137,7.816896
2013-03-01 19:40:16.314442,57675.023,7.8176317
2013-03-01 20:09:41.807315,57688.203,7.8186913
2013-03-01 20:39:07.291578,57681.67,7.8184457
2013-03-01 21:08:32.793141,57698.043,7.8206806
2013-03-01 21:37:58.286105,57672.89,7.818549
2013-03-01 22:07:23.770438,57685.68,7.8191547
2013-03-01 22:36:49.272092,57674.613,7.8183694
2013-03-01 23:06:14.765126,57674.305,7.818347
2013-03-01 23:35:40.249560,57681.125,7.818744
2013-03-02 00:05:05.751284,57676.02,7.818846
2013-03-02 00:34:31.244408,57679.383,7.820292
2013-03-02 01:03:56.737553,57671.332,7.8176584
2013-03-02 01:33:22.230727,57687.86,7.819332
2013-03-02 02:02:47.715292,57677.83,7.817992
2013-03-02 02:32:13.217157,57681.973,7.817238
2013-03-02 03:01:38.710412,57679.02,7.817831
2013-03-02 03:31:04.195057,57673.438,7.817597
2013-03-02 04:00:29.697003,57680.047,7.8176675
2013-03-02 04:29:55.190348,57669.45,7.8165765
2013-03-02 04:59:20.692344,57676.6,7.818062
2013-03-02 05:28:46.177100,57670.914,7.817235
2013-03-02 05:58:11.670516,57677.77,7.819859
2013-03-02 06:27:37.172612,57675.203,7.8180428
2013-03-02 06:57:02.657439,57672.87,7.817106
2013-03-02 07:26:28.150945,57686.23,7.818409
2013-03-02 07:55:53.653112,57686.457,7.81907
2013-03-02 08:25:19.138029,57682.754,7.815556
2013-03-02 08:54:44.640245,57669.484,7.816962
2013-03-02 09:24:10.133863,57676.535,7.815127
2013-03-02 09:53:35.627500,57687.79,7.8175263
2013-03-02 10:23:01.121157,57683.766,7.815223
2013-03-02 10:52:26.614855,57677.49,7.8189106
2013-03-02 11:21:52.108573,57680.12,7.816063
2013-03-02 11:51:17.602321,57689.13,7.8178697
2013-03-02 12:20:43.096089,57697.465,7.8153453
2013-03-02 12:50:08.589897,57669.83,7.8157
2013-03-02 13:19:34.092365,57677.797,7.8147597
2013-03-02 13:48:59.577574,57674.438,7.815258
2013-03-02 14:18:25.080102,57684.21,7.8163986
2013-03-02 14:47:50.574012,57688.605,7.815437
2013-03-02 15:17:16.059301,57689.355,7.8163757
2013-03-02 15:46:41.561910,57695.332,7.815236
2013-03-02 16:16:07.047259,57702.906,7.816491
2013-03-02 16:45:32.541279,57689.355,7.8167915
2013-03-02 17:14:58.043958,57702.83,7.814983
2013-03-02 17:44:23.529398,57681.996,7.8142376
2013-03-02 18:13:49.032138,57694.582,7.815692
2013-03-02 18:43:14.526259,57687.445,7.814634
2013-03-02 19:12:40.011778,57706.68,7.8156133
2013-03-02 19:42:05.514599,57687.742,7.81531
2013-03-02 20:11:31.008809,57671.273,7.814557
2013-03-02 20:40:56.494400,57679.918,7.8137445
2013-03-02 21:10:21.997301,57689.426,7.815337
2013-03-02 21:39:47.491593,57692.215,7.81659
2013-03-02 22:09:12.985903,57694.37,7.8173456
2013-03-02 22:38:38.480255,57706.38,7.8172135
2013-03-02 23:08:03.974626,57690.156,7.816654
2013-03-02 23:37:29.477658,57691.555,7.8153005
2013-03-03 00:06:54.963440,57699.438,7.8158145
2013-03-03 00:36:20.457903,57702.754,7.8160653
2013-03-03 01:05:45.961014,57698.586,7.8153963
2013-03-03 01:35:11.455527,57700.94,7.8178244
2013-03-03 02:04:36.941419,57699.652,7.8151903
2013-03-03 02:34:02.444612,57689.246,7.814809
2013-03-03 03:03:27.939205,57695.25,7.815742
2013-03-03 03:32:53.433817,57696.703,7.8163543
2013-03-03 04:02:18.928461,57699.47,7.814765
2013-03-03 04:31:44.423124,57686.254,7.813785
2013-03-03 05:01:09.926467,57702.074,7.815876
2013-03-03 05:30:35.412551,57702.46,7.814875
2013-03-03 06:00:00.907295,57689.918,7.8152127
2013-03-03 06:29:26.402068,57692.82,7.815981
2013-03-03 06:58:51.896873,57698.65,7.815075
2013-03-03 07:28:17.400347,57704.46,7.814829
2013-03-03 07:57:42.886561,57702.266,7.8160686
2013-03-03 08:27:08.381446,57698.934,7.815114
2013-03-03 08:56:33.885001,57713.004,7.8163056
2013-03-03 09:25:59.371295,57705.23,7.8167615
2013-03-03 09:55:24.866270,57695.438,7.8154936
2013-03-03 10:24:50.369896,57700.43,7.8134346
2013-03-03 10:54:15.856281,57696.723,7.8160844
2013-03-03 11:23:41.351326,57702.082,7.815699
2013-03-03 11:53:06.855042,57723.312,7.815793
2013-03-03 12:22:32.341497,57694.164,7.8160057
2013-03-03 12:51:57.845264,57703.78,7.8142123
2013-03-03 13:21:23.340419,57725.203,7.8162365
2013-03-03 13:50:48.835606,57722.613,7.815906
2013-03-03 14:20:14.330812,57711.477,7.814543
2013-03-03 14:49:39.826049,57697.055,7.8148465
2013-03-03 15:19:05.321305,57697.426,7.8167562
2013-03-03 15:48:30.816603,57709.24,7.8182817
2013-03-03 16:17:56.311909,57704.664,7.8177524
2013-03-03 16:47:21.815897,57689.277,7.815704
2013-03-03 17:16:47.311264,57709.67,7.8181987
2013-03-03 17:46:12.798022,57695.47,7.815684
2013-03-03 18:15:38.302089,57714.508,7.8173857
2013-03-03 18:45:03.797537,57715.34,7.818338
2013-03-03 19:14:29.284375,57716.09,7.8185744
2013-03-03 19:43:54.788523,57713.3,7.8172255
2013-03-03 20:13:20.284051,57719.79,7.8165054
2013-03-03 20:42:45.770970,57697.12,7.816926
2013-03-03 21:12:11.275198,57711.363,7.8172607
2013-03-03 21:41:36.770807,57698.84,7.8175797
2013-03-03 22:11:02.266446,57704.605,7.8164463
2013-03-03 22:40:27.762115,57701.945,7.8174214
2013-03-03 23:09:53.257804,57710.05,7.817584
2013-03-03 23:39:18.753523,57703.625,7.816862
2013-03-04 00:08:44.249273,57694.973,7.8165617
2013-03-04 00:38:09.736403,57708.414,7.817246
2013-03-04 01:07:35.240842,57698.965,7.817369
2013-03-04 01:37:00.736673,57685.344,7.8161564
2013-03-04 02:35:51.728403,57702.89,7.8165097
2013-03-04 03:05:17.224313,57716.79,7.8173914
2013-03-04 03:34:42.728884,57701.145,7.81665
2013-03-04 04:04:08.216205,57701.258,7.8173857
2013-03-04 04:33:33.712196,57708.887,7.81796
2013-03-04 05:02:59.216847,57697.992,7.817173
2013-03-04 05:32:24.704248,57715.094,7.816694
2013-03-04 06:01:50.208960,57704.105,7.8154993
2013-03-04 06:31:15.705051,57700.51,7.8175263
2013-03-04 07:00:41.201173,57701.08,7.817291
2013-03-04 07:30:06.697325,57712.168,7.8175006
2013-03-04 07:59:32.193497,57719.664,7.8174744
2013-03-04 08:28:57.689699,57713.227,7.8173776
2013-03-04 08:58:23.185931,57706.49,7.8167043
2013-03-04 09:27:48.682184,57712.492,7.8174124
2013-03-04 09:57:14.178466,57707.57,7.816912
2013-03-04 10:26:39.683419,57690.953,7.8153696
2013-03-04 10:56:05.171112,57702.582,7.817149
2013-03-04 11:25:30.676115,57725.562,7.8167334
2013-03-04 11:54:56.172508,57706.24,7.816352
2013-03-04 12:24:21.660282,57727.59,7.814998
2013-03-04 12:53:47.165365,57702.8,7.8169813
2013-03-04 13:23:12.661839,57713.883,7.816484
2013-03-04 13:52:38.149693,57714.414,7.8170457
2013-03-04 14:22:03.654857,57720.727,7.815674
2013-03-04 14:51:29.142761,57700.332,7.8154335
2013-03-04 15:20:54.647975,57697.402,7.8154078
2013-03-04 15:50:20.144580,57708.008,7.8170266
2013-03-04 16:19:45.632574,57703.21,7.8151736
2013-03-04 16:49:11.137870,57707.77,7.816782
2013-03-04 17:18:36.634554,57710.81,7.8168883
2013-03-04 17:48:02.122619,57715.586,7.816317
2013-03-04 18:17:27.627994,57712.996,7.8164315
2013-03-04 18:46:53.124760,57700.07,7.815647
2013-03-04 19:16:18.621556,57704.777,7.8164673
2013-03-04 19:45:44.118372,57719.51,7.8161864
2013-03-04 20:15:09.615207,57698.152,7.8168716
2013-03-04 20:44:35.120723,57706.258,7.8143926
2013-03-04 21:14:00.608979,57718.98,7.816524
2013-03-04 21:43:26.105896,57713.99,7.816159
2013-03-04 22:12:51.611492,57698.504,7.8150816
2013-03-04 22:42:17.108469,57700.996,7.8150105
2013-03-04 23:11:42.596825,57714.355,7.816232
2013-03-04 23:41:08.102493,57702.887,7.816524
2013-03-05 00:10:33.599549,57729.41,7.817215
2013-03-05 00:39:59.096637,57715.668,7.8169894
2013-03-05 01:09:24.593745,57700.223,7.8156962
2013-03-05 01:38:50.090882,57718.06,7.8163238
2013-03-05 02:08:15.596680,57717.547,7.8166103
2013-03-05 02:37:41.085228,57708.344,7.816741
2013-03-05 03:07:06.582445,57706.39,7.8161683
2013-03-05 03:36:32.088324,57706.406,7.815967
2013-03-05 04:05:57.576952,57712.87,7.815744
2013-03-05 04:35:23.074250,57721.87,7.816771
2013-03-05 05:04:48.571569,57701.184,7.816481
2013-03-05 05:34:14.068918,57705.293,7.816241
2013-03-05 06:03:39.574937,57695.61,7.814388
2013-03-05 06:33:05.063696,57708.613,7.8156285
2013-03-05 07:02:30.561126,57715.44,7.8161397
2013-03-05 07:31:56.067215,57716.293,7.816759
2013-03-05 08:01:21.556064,57706.77,7.8162384
2013-03-05 08:30:47.053564,57697.305,7.8143744
2013-03-05 09:00:12.559744,57695.566,7.814711
2013-03-05 09:29:38.048664,57705.297,7.816918
2013-03-05 09:59:03.554894,57706.67,7.815787
2013-03-05 10:28:29.052504,57714.566,7.8157883
2013-03-05 10:57:54.550145,57704.098,7.8152914
2013-03-05 11:27:20.047806,57699.83,7.8161807
2013-03-05 11:56:45.545496,57710.938,7.8156176
2013-03-05 12:26:11.043217,57706.594,7.814564
2013-03-05 12:55:36.540969,57719.19,7.815609
2013-03-05 13:25:02.038740,57730.715,7.8164215
2013-03-05 13:54:27.536541,57710.965,7.8157277
2013-03-05 14:23:53.043002,57704.902,7.8148866
2013-03-05 14:53:18.532214,57716.56,7.8166656
2013-03-05 15:22:44.038736,57718.312,7.816516
2013-03-05 15:52:09.536639,57719.938,7.815934
2013-03-05 16:21:35.025930,57699.97,7.814663
2013-03-05 16:51:00.532523,57725.477,7.814527
2013-03-05 17:20:26.030505,57715.613,7.816094
2013-03-05 17:49:51.519878,57722.652,7.815381
2013-03-05 18:19:17.026561,57712.566,7.815276
2013-03-05 18:48:42.524624,57723.082,7.8163843
2013-03-05 19:18:08.022707,57705.062,7.815703
2013-03-05 19:47:33.520820,57710.1,7.814849
2013-03-05 20:16:59.018963,57709.094,7.815509
2013-03-05 20:46:24.517137,57707.59,7.815433
2013-03-05 21:15:50.015331,57710.727,7.815057
2013-03-05 21:45:15.513555,57713.625,7.815715
2013-03-05 22:14:41.011799,57724.242,7.8158255
2013-03-05 22:44:06.510073,57720.387,7.815248
2013-03-05 23:13:32.017017,57728.516,7.815761
2013-03-05 23:42:57.506702,57709.418,7.815006
2013-03-06 00:12:23.005056,57707.508,7.8138337
2013-03-06 00:41:48.512071,57710.97,7.814526
2013-03-06 01:11:14.001836,57714.3,7.815976
2013-03-06 01:40:39.500271,57709.934,7.8142548
2013-03-06 02:10:05.007366,57707.938,7.814715
2013-03-06 02:39:30.505852,57721.594,7.8146925
2013-03-06 03:08:55.995727,57709.516,7.8149714
2013-03-06 03:38:21.502903,57719.71,7.8148413
2013-03-06 04:07:47.001469,57710.652,7.815222
2013-03-06 04:37:12.500055,57714.61,7.8149114
2013-03-06 05:06:37.998671,57702.72,7.8151007
2013-03-06 05:36:03.497317,57705.188,7.8146977
2013-03-06 06:05:28.995984,57708.133,7.8151584
2013-03-06 06:34:54.494680,57717.977,7.813135
2013-03-06 07:04:19.993397,57703.9,7.8133593
2013-03-06 07:33:45.500784,57704.2,7.815103
2013-03-06 08:03:10.990921,57727.7,7.8153796
2013-03-06 08:32:36.498358,57726.53,7.8150973
2013-03-06 09:02:01.997186,57717.043,7.8151298
2013-03-06 09:31:27.487403,57706.883,7.81526
2013-03-06 10:00:52.994921,57723.03,7.8150015
2013-03-06 10:30:18.493828,57701.49,7.8142524
2013-03-06 10:59:43.984116,57714.46,7.8134274
2013-03-07 15:26:23.001398,57686.465,7.7608166
2013-03-07 15:55:48.501865,57685.74,7.7601843
2013-03-07 16:25:13.993722,57687.098,7.75646
2013-03-07 16:54:39.502880,57684.875,7.7589173
2013-03-07 17:24:05.003427,57673.9,7.756539
2013-03-07 17:53:30.504004,57690.72,7.7579546
2013-03-07 18:22:56.004601,57678.758,7.760449
2013-03-07 18:52:21.505219,57687.027,7.7590675
2013-03-07 19:21:47.005878,57682.047,7.7614536
2013-03-07 19:51:12.506556,,
2013-03-07 20:20:38.007254,57674.9,7.761058
2013-03-07 20:50:03.507982,57683.51,7.7639484
2013-03-07 21:19:29.008740,57687.703,7.7657833
2013-03-07 21:48:54.518159,57670.676,7.7657743
2013-03-07 22:18:20.010318,57685.25,7.7670226
2013-03-07 22:47:45.511158,57685.31,7.771259
2013-03-07 23:17:11.020646,57683.016,7.7705216
2013-03-07 23:46:36.521536,57704.1,7.776267
2013-03-08 00:45:27.523375,57684.395,7.77603
2013-03-08 01:14:53.024335,57677.617,7.7773285
2013-03-08 01:44:18.516685,57690.36,7.7757163
2013-03-08 02:13:44.026334,57682.367,7.7798157
2013-03-08 02:43:09.527375,57676.15,7.7820873
2013-03-08 03:12:35.037075,57681.137,7.7810197
2013-03-08 03:42:00.529525,57684.78,7.785238
2013-03-08 04:11:26.030646,57698.324,7.7850065
2013-03-08 04:40:51.540427,57707.04,7.787819
2013-03-08 05:10:17.032948,57700.58,7.7878323
2013-03-08 05:39:42.534139,57700.168,7.7876143
2013-03-08 06:09:08.044000,57689.2,7.7897305
2013-03-08 06:38:33.536601,57677.676,7.79199
2013-03-08 07:07:59.037873,57701.434,7.791551
2013-03-08 07:37:24.547814,57692.84,7.796935
2013-03-08 08:06:50.040496,57689.137,7.7945886
2013-03-08 08:36:15.550479,57692.03,7.7954745
2013-03-08 09:05:41.051850,57704.426,7.7984495
2013-03-08 09:35:06.544613,57685.383,7.7970266
2013-03-08 10:04:32.054675,57682.11,7.7979403
2013-03-08 10:33:57.547488,57683.945,7.799687
2013-03-08 11:03:23.057601,57687.465,7.8001366
2013-03-08 11:32:48.559104,57694.727,7.799333
2013-03-08 12:02:14.060626,57686.613,7.801578
2013-03-08 12:31:39.562180,57693.48,7.8023024
2013-03-08 13:01:05.063763,57683.766,7.8025613
2013-03-08 13:30:30.565366,57692.516,7.7992773
2013-03-08 13:59:56.066990,57696.457,7.800948
2013-03-08 14:29:21.568644,57687.668,7.801176
2013-03-08 14:58:47.070327,57691.082,7.8015966
2013-03-08 15:28:12.580672,57695.28,7.8027077
2013-03-08 15:57:38.073766,57696.7,7.8039103
2013-03-08 16:27:03.575520,57686.86,7.8017073
2013-03-08 16:56:29.085945,57697.26,7.804757
2013-03-08 17:25:54.579119,57687.734,7.8027587
2013-03-08 17:55:20.089594,57697.4,7.8047204
2013-03-08 18:24:45.591449,57691.797,7.801616
2013-03-08 18:54:11.084694,57699.996,7.8044295
2013-03-08 19:23:36.595249,57692.117,7.8015075
2013-03-08 19:53:02.097185,57703.688,7.8059325
2013-03-08 20:22:27.590510,57697.66,7.8065066
2013-03-08 20:51:53.101136,57691.812,7.804187
2013-03-08 21:21:18.603152,57698.16,7.804962
2013-03-08 21:50:44.096548,57696.438,7.805213
2013-03-08 22:20:09.607254,57698.184,7.805358
2013-03-08 22:49:35.109340,57710.227,7.807179
2013-03-08 23:19:00.620096,57711.105,7.805916
2013-03-08 23:48:26.113603,57686.492,7.805037
2013-03-09 00:17:51.615046,57690.97,7.807619
2013-03-09 00:47:17.125872,57702.01,7.806257
2013-03-09 01:16:42.619460,57693.516,7.8081956
2013-03-09 01:46:08.121697,57697.188,7.808595
2013-03-09 02:15:33.623964,57695.848,7.808956
2013-03-09 02:44:59.134902,57700.54,7.806246
2013-03-09 03:14:24.637219,57702.324,7.805826
2013-03-09 03:43:50.139567,57685.035,7.805643
2013-03-09 04:13:15.633295,57692.05,7.8074613
2013-03-09 04:42:41.144333,57686.254,7.8054285
2013-03-09 05:12:06.646751,57694.77,7.8089623
2013-03-09 05:41:32.140559,57686.645,7.8073616
2013-03-09 06:10:57.651668,57688.676,7.8073525
2013-03-09 06:40:23.154166,57699.63,7.808327
2013-03-09 07:09:48.648055,57689.773,7.8087177
2013-03-09 07:39:14.159245,57690.902,7.807151
2013-03-09 08:08:39.661813,57681.176,7.8078685
2013-03-09 08:38:05.173053,57693.496,7.8068194
2013-03-09 09:07:30.667042,57684.24,7.8065886
2013-03-09 09:36:56.169691,57692.824,7.8084116
2013-03-09 10:06:21.681011,57676.01,7.8067217
2013-03-09 11:05:12.677791,57684.41,7.807567
2013-03-09 11:34:38.189191,57678.41,7.8067713
2013-03-09 12:04:03.683322,57677.164,7.80785
2013-03-09 12:33:29.194772,57686.934,7.8089957
2013-03-09 13:02:54.697593,57686.652,7.808199
2013-03-09 13:32:20.191813,57686.605,7.806341
2013-03-09 14:01:45.703324,57683.926,7.8063087
2013-03-09 14:31:11.206235,57678.246,7.807004
2013-03-09 15:00:36.709166,57682.11,7.8069997
2013-03-09 15:30:02.212117,57678.547,7.8071885
2013-03-09 15:59:27.715099,57674.996,7.8060627
2013-03-09 16:28:53.218100,57677.504,7.807192
2013-03-09 16:58:18.721132,57688.39,7.808072
2013-03-09 17:27:44.224194,57682.613,7.8071866
2013-03-09 17:57:09.727276,57693.137,7.807616
2013-03-09 18:26:35.230378,57679.91,7.807392
2013-03-09 18:56:00.733511,57687.633,7.8064165
2013-03-09 19:25:26.236673,57670.062,7.8080916
2013-03-09 19:54:51.739856,57684.184,7.8047347
2013-03-09 20:24:17.243059,57682.52,7.808056
2013-03-09 20:53:42.754941,57679.418,7.806817
2013-03-09 21:23:08.249554,57673.418,7.8077755
2013-03-09 21:52:33.761478,57675.88,7.8076344
2013-03-09 22:21:59.264791,57673.336,7.807951
2013-03-09 22:51:24.759484,57674.855,7.807082
2013-03-09 23:20:50.271488,57677.277,7.808771
2013-03-09 23:50:15.774872,57678.49,7.8083415
2013-03-10 00:19:41.269636,57671.164,7.8071027
2013-03-10 00:49:06.781720,57680.504,7.8078394
2013-03-10 01:18:32.285174,57688.22,7.808455
2013-03-10 01:47:57.780018,57683.133,7.8087707
2013-03-10 02:17:23.292173,57693.465,7.808495
2013-03-10 02:46:48.795707,57675.098,7.8085938
2013-03-10 03:16:14.307912,57680.082,7.8081975
2013-03-10 03:45:39.802858,57679.113,7.8080277
2013-03-10 04:15:05.306472,57670.812,7.807285
2013-03-10 04:44:30.818748,57672.438,7.8073153
2013-03-10 05:13:56.313773,57671.832,7.8071017
2013-03-10 05:43:21.817458,57676.64,7.8074665
2013-03-10 06:12:47.329814,57670.7,7.8071976
2013-03-10 06:42:12.824910,57677.312,7.8077874
2013-03-10 07:11:38.328676,57659.836,7.8066835
2013-03-10 07:41:03.841102,57671.906,7.8082776
2013-03-10 08:10:29.344919,57666.11,7.808288
2013-03-10 08:39:54.848755,57675.883,7.809139
2013-03-10 09:09:20.352622,57694.035,7.8077817
2013-03-10 09:38:45.856508,57673.5,7.807491
2013-03-10 10:08:11.360425,57672.7,7.8073635
2013-03-10 10:37:36.864362,57674.93,7.8067884
2013-03-10 11:07:02.359689,57673.51,7.808184
2013-03-10 11:36:27.872316,57673.93,7.8071337
2013-03-10 12:05:53.376334,57674.836,7.805884
2013-03-10 12:35:18.889011,57684.227,7.808085
2013-03-10 13:04:44.384439,57666.28,7.807477
2013-03-10 13:34:09.888527,57684.77,7.8072414
2013-03-10 14:03:35.401285,57682.203,7.8072996
2013-03-10 14:33:00.896783,57674.95,7.8071127
2013-03-10 15:02:26.400952,57672.902,7.8085213
2013-03-10 15:31:51.913780,57675.195,7.8078156
2013-03-10 16:01:17.409348,57729.27,7.8130665
2013-03-10 16:30:42.913597,57686.316,7.8082438
2013-03-10 17:00:08.426497,57681.11,7.8064637
2013-03-10 17:29:33.922145,57669.49,7.8070846
2013-03-10 17:58:59.435105,57687.29,7.8101487
2013-03-10 18:28:24.939443,57672.617,7.808048
2013-03-10 18:57:50.435173,57678.594,7.808774
2013-03-10 19:27:15.948203,57677.96,7.8077683
2013-03-10 19:56:41.452613,57683.543,7.80858
2013-03-10 20:26:06.957062,57686.38,7.8087444
2013-03-10 20:55:32.461523,57678.074,7.8079786
2013-03-10 21:24:57.966012,57686.484,7.8091288
2013-03-10 21:54:23.479173,57673.047,7.80756
2013-03-10 22:23:48.975074,57683.38,7.8085203
2013-03-10 22:53:14.479635,57675.137,7.8082957
2013-03-10 23:22:39.992865,57683.25,7.807245
2013-03-10 23:52:05.497486,57671.58,7.808534
2013-03-11 00:21:30.993487,57685.355,7.8087244
2013-03-11 00:50:56.506788,57668.93,7.8075867
2013-03-11 01:20:22.011480,57671.902,7.808277
2013-03-11 01:49:47.507551,57667.742,7.8084226
2013-03-11 02:19:13.020933,57681.98,7.809301
2013-03-11 02:48:38.517065,57671.67,7.8082767
2013-03-11 03:18:04.030486,57684.66,7.8095126
2013-03-11 03:47:29.535308,57683.676,7.8071017
2013-03-11 04:16:55.031501,57670.562,7.808903
2013-03-11 04:46:20.545013,57674.332,7.808259
2013-03-11 05:15:46.049895,57686.586,7.808512
2013-03-11 05:45:11.546178,57677.355,7.8094683
2013-03-11 06:14:37.059751,57681.45,7.8091683
2013-03-11 06:44:02.564714,57665.906,7.8076262
2013-03-11 07:13:28.078347,57685.215,7.8088875
2013-03-11 07:42:53.574720,57694.15,7.808446
2013-03-11 08:12:19.079764,57699.324,7.809758
2013-03-11 08:41:44.593467,57703.17,7.809913
2013-03-11 09:11:10.089910,57715.613,7.8108363
2013-03-11 09:40:35.595024,57685.434,7.808348
2013-03-11 10:10:01.108809,57682.805,7.80899
2013-03-11 10:39:26.605322,57693.94,7.809206
2013-03-11 11:08:52.110517,57690.94,7.80979
2013-03-11 11:38:17.624371,57682.3,7.8086863
2013-03-11 12:07:43.129606,57691.55,7.8089705
2013-03-11 12:37:08.634870,57697.22,7.8078094
2013-03-11 13:06:34.140155,57687.535,7.8092756
2013-03-11 13:35:59.645470,57677.582,7.8089347
2013-03-11 14:05:25.150805,57708.316,7.8088794
2013-03-11 14:34:50.656170,57703.93,7.810042
2013-03-11 15:04:16.161556,57697.418,7.8099084
2013-03-11 15:33:41.666961,57687.668,7.809637
2013-03-11 16:03:07.172397,57687.875,7.8079457
2013-03-11 16:32:32.677863,57688.64,7.809666
2013-03-11 17:01:58.183349,57702.574,7.8092065
2013-03-11 17:31:23.688854,57684.156,7.8090687
2013-03-11 18:00:49.203031,57714.574,7.809352
2013-03-11 18:30:14.699948,57700.77,7.8087606
2013-03-11 18:59:40.205534,57678.137,7.808056
2013-03-11 19:29:05.719781,57696.02,7.8098464
2013-03-11 19:58:31.216778,57706.727,7.8090687
2013-03-11 20:27:56.722434,57696.277,7.80949
2013-03-11 20:57:22.236761,57704.613,7.807774
2013-03-11 21:26:47.733829,57710.152,7.808065
2013-03-11 21:56:13.248196,57702.68,7.809497
2013-03-11 22:25:38.753954,57688.71,7.8090734
2013-03-11 22:55:04.251101,57700.203,7.8083615
2013-03-11 23:24:29.765539,57706.09,7.8087807
2013-03-11 23:53:55.271377,57688.332,7.8079095
2013-03-12 00:23:20.777225,57701.96,7.808809
2013-03-12 00:52:46.283113,57703.914,7.8097034
2013-03-12 01:22:11.789012,57703.7,7.8096085
2013-03-12 01:51:37.303591,57710.04,7.808848
2013-03-12 02:21:02.800899,57709.965,7.8093753
2013-03-12 02:50:28.306878,57702.13,7.8076453
2013-03-12 03:19:53.821527,57697.734,7.809294
2013-03-12 03:49:19.318906,57701.92,7.8079257
2013-03-12 04:18:44.824965,57693.688,7.8077254
2013-03-12 04:48:10.339685,57718.62,7.8092017
2013-03-12 05:17:35.845784,57718.617,7.80913
2013-03-12 05:47:01.343274,57698.78,7.809292
2013-03-12 06:16:26.858064,57689.754,7.807908
2013-03-12 06:45:52.364233,57710.098,7.810064
2013-03-12 07:15:17.870434,57703.29,7.8097954
2013-03-12 07:44:43.376664,57701.465,7.808788
2013-03-12 08:14:08.882914,57699.023,7.8093195
2013-03-12 08:43:34.389185,57713.97,7.8094044
2013-03-12 09:12:59.895486,57712.508,7.808288
2013-03-12 09:42:25.393166,57710.43,7.8094535
2013-03-12 10:41:16.414529,57712.09,7.8098383
2013-03-12 11:10:41.912279,57695.52,7.8091416
2013-03-12 11:40:07.427351,57712.133,7.8097987
2013-03-12 12:09:32.933793,57695.94,7.8081226
2013-03-12 12:38:58.448904,57701.094,7.808177
2013-03-12 13:08:23.946756,57703.22,7.808511
2013-03-12 13:37:49.453278,57709.66,7.8078566
2013-03-12 14:07:14.968460,57711.336,7.8096194
2013-03-12 14:36:40.466392,57707.887,7.8087835
2013-03-12 15:06:05.972985,57711.312,7.808966
2013-03-12 15:35:31.488237,57713.945,7.8090835
2013-03-12 16:04:56.994880,57710.51,7.8089814
2013-03-12 16:34:22.501542,57703.426,7.8079047
2013-03-12 17:03:48.008235,57687.688,7.8087087
2013-03-12 17:33:13.514949,57712.562,7.808607
2013-03-12 18:02:39.021692,57705.48,7.8086877
2013-03-12 18:32:04.528455,57712.785,7.808851
2013-03-12 19:01:30.035239,57723.652,7.808912
2013-03-12 19:30:55.550692,57721.305,7.809531
2013-03-12 20:00:21.048896,57710.93,7.8075333
2013-03-12 20:29:46.555750,57712.133,7.807683
2013-03-12 20:59:12.071274,57706.84,7.8073554
2013-03-12 21:28:37.569548,57700.81,7.807052
2013-03-12 21:58:03.085123,57707.188,7.806913
2013-03-12 22:27:28.583437,57705.07,7.806525
2013-03-12 22:56:54.090422,57715.1,7.8084545
2013-03-12 23:26:19.606077,57710.46,7.8074408
2013-03-12 23:55:45.104462,57703.754,7.8062177
2013-03-13 00:25:10.611516,57714.64,7.8085012
2013-03-13 00:54:36.127242,57716.164,7.80886
2013-03-13 01:24:01.625707,57714.137,7.808705
2013-03-13 01:53:27.141472,57707.43,7.80878
2013-03-13 02:22:52.648628,57716.863,7.809649
2013-03-13 02:52:18.147164,57714.23,7.8089767
2013-03-13 03:21:43.663010,57711.375,7.8091555
2013-03-13 03:51:09.170236,57694.145,7.808703
2013-03-13 04:20:34.668852,57702.098,7.808834
2013-03-13 04:50:00.184758,57714.32,7.8083906
2013-03-13 05:19:25.692065,57711.29,7.8103123
2013-03-13 05:48:51.199391,57708.74,7.8083806
2013-03-13 06:18:16.706738,57714.59,7.8106313
2013-03-13 06:47:42.214105,57713.68,7.811143
2013-03-13 07:17:07.730142,57699.39,7.810851
2013-03-13 07:46:33.228919,57699.215,7.8102126
2013-03-13 08:15:58.736367,57703.21,7.8106823
2013-03-13 08:45:24.252474,57697.156,7.810555
2013-03-13 09:14:49.759972,57693.1,7.8096857
2013-03-13 09:44:15.258849,57685.96,7.8095727
2013-03-13 10:13:40.775027,57704.316,7.8100286
2013-03-13 10:43:06.282595,57709.625,7.811294
2013-03-13 11:12:31.790194,57701.113,7.810687
2013-03-13 11:41:57.297801,57718.133,7.811465
2013-03-13 12:11:22.805440,57699.574,7.8095565
2013-03-13 12:40:48.321748,57693.766,7.8095446
2013-03-13 13:10:13.820797,57705.09,7.810528
2013-03-13 13:39:39.328506,57703.574,7.8089256
2013-03-13 14:09:04.836235,57700.914,7.8102207
2013-03-13 14:38:30.343994,57703.047,7.8102336
2013-03-13 15:07:55.851784,57718.68,7.811181
2013-03-13 15:37:21.359593,57697.805,7.8099217
2013-03-13 16:06:46.867422,57704.86,7.810779
2013-03-13 16:36:12.383922,57698.203,7.8102117
2013-03-13 17:05:37.883162,57715.1,7.8111625
2013-03-13 17:35:03.391062,57702.324,7.8098083
2013-03-13 18:04:28.907632,57716.594,7.80962
2013-03-13 18:33:54.406943,57697.535,7.809567
2013-03-13 19:03:19.914923,57694.15,7.8091016
2013-03-13 19:32:45.431563,57694.727,7.8105717
2013-03-13 20:02:10.930954,57698.605,7.8100533
2013-03-13 20:31:36.447635,57697.785,7.8091617
2013-03-13 21:01:01.955716,57705.24,7.8101625
2013-03-13 21:30:27.463807,57687.043,7.809189
2013-03-13 21:59:52.971928,57706.508,7.8093705
2013-03-13 22:29:18.480080,57703.586,7.8091984
2013-03-13 22:58:43.988241,57698.46,7.8092246
2013-03-13 23:28:09.496443,57698.695,7.8089237
2013-03-13 23:57:35.004655,57705.703,7.8092976
2013-03-14 00:27:00.512896,57695.066,7.8092713
2013-03-14 00:56:26.029808,57684.793,7.809042
2013-03-14 01:25:51.529451,57690.39,7.808708
2013-03-14 01:55:17.046403,57706.03,7.809811
2013-03-14 02:24:42.554745,57693.426,7.808834
2013-03-14 02:54:08.054468,57689.562,7.808845
2013-03-14 03:23:33.571491,57693.914,7.809411
2013-03-14 03:52:59.079904,57681.348,7.8086863
2013-03-14 04:22:24.579697,57689.277,7.8093467
2013-03-14 04:51:50.096790,57681.71,7.8082266
2013-03-14 05:21:15.605273,57676.16,7.807545
2013-03-14 05:50:41.105137,57690.207,7.80857
2013-03-14 06:20:06.622310,57691.773,7.808491
2013-03-14 06:49:32.130864,57688.64,7.80736
2013-03-14 07:18:57.639438,57683.26,7.807492
2013-03-14 07:48:23.148042,57678.98,7.807962
2013-03-14 08:47:14.165321,57673.8,7.8075523
2013-03-14 09:16:39.673985,57695.332,7.8083615
2013-03-14 09:46:05.174049,57692.152,7.808491
2013-03-14 10:15:30.691404,57692.344,7.808014
2013-03-14 10:44:56.200149,57691.004,7.808356
2013-03-14 11:14:21.717564,57671.066,7.806959
2013-03-14 11:43:47.217709,57674.703,7.806213
2013-03-14 12:13:12.726534,57684.75,7.807563
2013-03-14 12:42:38.244010,57675.24,7.807806
2013-03-14 13:12:03.752875,57685.066,7.808341
2013-03-14 13:41:29.253121,57664.973,7.8073854
2013-03-14 14:10:54.770677,57669.562,7.8070507
2013-03-14 14:40:20.279612,57677.625,7.80805
2013-03-14 15:09:45.779928,57683.77,7.80717
2013-03-14 15:39:11.297555,57669.098,7.807454
2013-03-14 16:08:36.806562,57676.66,7.807402
2013-03-14 16:38:02.324228,57680.598,7.8078165
2013-03-14 17:07:27.824644,57650.06,7.8046427
2013-03-14 17:36:53.333721,57677.41,7.807249
2013-03-14 18:06:18.851468,57670.46,7.806676
2013-03-14 18:35:44.351955,57675.824,7.8074107
2013-03-14 19:05:09.861103,57676.11,7.8076644
2013-03-14 19:34:35.378920,57680.914,7.806618
2013-03-14 20:04:00.879477,57681.31,7.807424
2013-03-14 20:33:26.397334,57689.05,7.808231
2013-03-14 21:02:51.897942,57681.223,7.8077044
2013-03-14 21:32:17.407210,57678.742,7.8072352
2013-03-14 22:01:42.925148,57672.574,7.807725
2013-03-14 22:31:08.425816,57677.52,7.8055177
2013-03-14 23:00:33.935165,57668.76,7.8076344
2013-03-14 23:29:59.453163,57684.344,7.8054442
2013-03-14 23:59:24.953912,57670.273,7.8058743
2013-03-15 00:28:50.471961,57663.957,7.8085685
2013-03-15 00:58:15.981399,57666.207,7.8041315
2013-03-15 01:27:41.490858,57657.918,7.8060827
2013-03-15 01:57:07.000338,57662.85,7.8061943
2013-03-15 02:26:32.509846,57660.703,7.8054924
2013-03-15 02:55:58.019376,57661.7,7.806214
2013-03-15 03:54:49.038505,57658.33,7.804027
2013-03-15 04:24:14.548105,57680.613,7.8060493
2013-03-15 04:53:40.057735,57668.086,7.8050933
2013-03-15 05:23:05.567385,57675.1,7.805372
2013-03-15 05:52:31.085695,57676.47,7.8046985
2013-03-15 06:21:56.595386,57676.453,7.805052
2013-03-15 06:51:22.096466,57653.246,7.8038197
2013-03-15 07:20:47.614847,57665.23,7.8030577
2013-03-15 07:50:13.124618,57662.496,7.8038855
2013-03-15 08:19:38.625768,57662.914,7.8044024
2013-03-15 08:49:04.144219,57669.24,7.804413
2013-03-15 09:18:29.654061,57670.668,7.803626
2013-03-15 10:17:20.673803,57680.082,7.8039093
2013-03-15 10:46:46.183705,57667.945,7.8033257
2013-03-15 11:16:11.702277,57677.734,7.8035455
2013-03-15 11:45:37.203599,57655.33,7.8028555
2013-03-15 12:15:02.713571,57677.96,7.8035526
2013-03-15 12:44:28.223572,57672.87,7.8037157
2013-03-15 13:13:53.733605,57659.605,7.803443
2013-03-15 13:43:19.243648,57664.062,7.803046
2013-03-15 14:12:44.753720,57668.438,7.803221
2013-03-15 14:42:10.263823,57660.383,7.803224
2013-03-15 15:11:35.782576,57675.47,7.8040075
2013-03-15 15:41:01.284078,57667.18,7.8030186
2013-03-15 16:10:26.794251,57674.598,7.803644
2013-03-15 16:39:52.313074,57671.285,7.8037953
2013-03-15 17:09:17.814648,57660.523,7.8037667
2013-03-15 17:38:43.324891,57658.84,7.8026595
2013-03-15 18:08:08.843795,57664.31,7.8035655
2013-03-15 18:37:34.354079,57661.26,7.8022623
2013-03-15 19:06:59.864383,57658.184,7.8025556
2013-03-15 19:36:25.374716,57670.582,7.8033214
2013-03-15 20:05:50.885071,57659.098,7.801903
2013-03-15 20:35:16.395445,57640.844,7.8021846
2013-03-15 21:04:41.905850,57668.89,7.803193
2013-03-15 21:34:07.416274,57654.848,7.8021216
2013-03-15 22:03:32.935359,57653.293,7.802731
2013-03-15 23:02:23.947689,57650.047,7.8027496
2013-03-15 23:31:49.466844,57660.24,7.8024497
2013-03-16 00:01:14.968749,57657.125,7.801942
2013-03-16 00:30:40.487955,57656.473,7.8025584
2013-03-16 01:00:05.998540,57657.285,7.8014445
2013-03-16 01:29:31.500515,57648.65,7.802302
2013-03-16 01:58:57.019792,57654.223,7.802067
2013-03-16 02:28:22.530448,57656.566,7.8024454
2013-03-16 02:57:48.032484,57646.14,7.8021955
2013-03-16 03:27:13.551830,57671.824,7.8028398
2013-03-16 03:56:39.053926,57662.953,7.8030596
2013-03-16 04:26:04.573312,57658.676,7.8015237
2013-03-16 04:55:30.084089,57661.914,7.8027644
2013-03-16 05:24:55.594886,57654.93,7.802417
2013-03-16 05:54:21.105713,57651.312,7.802551
2013-03-16 06:23:46.616560,57659.582,7.8011
2013-03-16 06:53:12.127427,57654.617,7.800736
2013-03-16 07:22:37.638314,57655.95,7.8011365
2013-03-16 07:52:03.149232,57656.844,7.801463
2013-03-16 08:21:28.660169,57657.348,7.8013253
2013-03-16 08:50:54.171127,57658.9,7.8019824
2013-03-16 09:20:19.682115,57643.86,7.800196
2013-03-16 09:49:45.201763,57652.207,7.8031063
2013-03-16 10:19:10.712801,57663.22,7.8020544
2013-03-16 10:48:36.215209,57660.85,7.8015437
2013-03-16 11:18:01.734928,57665.785,7.8011117
2013-03-16 11:47:27.246036,57679.754,7.802685
2013-03-16 12:16:52.748514,57674.75,7.8019414
2013-03-16 12:46:18.268303,57654.984,7.8001685
2013-03-16 13:15:43.779472,57649.266,7.7996845
2013-03-16 13:45:09.299311,57659.887,7.800262
2013-03-16 14:14:34.801881,57663.223,7.799492
2013-03-16 14:44:00.313129,57675.145,7.8004513
2013-03-16 15:13:25.833029,57654.61,7.798598
2013-03-16 15:42:51.335678,57654.63,7.799593
2013-03-16 16:12:16.846988,57653.254,7.799532
2013-03-16 16:41:42.366958,57662.31,7.7994256
2013-03-16 17:11:07.869678,57635.617,7.798469
2013-03-16 17:40:33.381058,57638.453,7.798584
2013-03-16 18:09:58.901099,57655.812,7.7998314
2013-03-16 18:39:24.403878,57661.242,7.7985816
2013-03-16 19:08:49.923969,57645.703,7.798432
2013-03-16 19:38:15.426800,57666.76,7.7999697
2013-03-16 20:07:40.938301,57649.023,7.7986827
2013-03-16 20:37:06.458462,57634.953,7.79861
2013-03-16 21:06:31.961363,57645.78,7.799069
2013-03-16 21:35:57.472924,57629.67,7.7981935
2013-03-16 22:05:22.993155,57653.12,7.798698
2013-03-16 22:34:48.504757,57637.492,7.7989264
2013-03-16 23:04:14.016398,57646.58,7.798378
2013-03-16 23:33:39.528050,57657.94,7.7989492
2013-03-17 00:03:05.039732,57661.91,7.7979517
2013-03-17 00:32:30.551434,57664.42,7.799301
2013-03-17 01:01:56.063156,57652.395,7.797457
2013-03-17 01:31:21.574908,57658.375,7.798205
2013-03-17 02:00:47.095320,57646.3,7.798326
2013-03-17 02:30:12.598473,57654.086,7.79867
2013-03-17 02:59:38.110296,57648.49,7.7974434
2013-03-17 03:29:03.630778,57675.117,7.801132
2013-03-17 03:58:29.134001,57662.367,7.7992964
2013-03-17 04:27:54.654525,57651.91,7.797789
2013-03-17 04:57:20.166437,57655.344,7.798589
2013-03-17 05:26:45.669731,57644.87,7.7977266
2013-03-17 05:56:11.190325,57648.75,7.7983546
2013-03-17 06:25:36.702308,57657.62,7.7986145
2013-03-17 06:55:02.205662,57656.465,7.798633
2013-03-17 07:24:27.726326,57659.24,7.800204
2013-03-17 07:53:53.238379,57658.258,7.7989755
2013-03-17 08:23:18.759094,57670.934,7.799955
2013-03-17 08:52:44.262538,57662.97,7.8000717
2013-03-17 09:22:09.774662,57646.254,7.7994523
2013-03-17 09:51:35.295437,57653.473,7.798547
2013-03-17 10:21:00.798962,57653.38,7.798559
2013-03-17 10:50:26.311146,57644.547,7.799162
2013-03-17 11:19:51.823351,57671.734,7.80034
2013-03-17 11:49:17.335586,57646.56,7.79845
2013-03-17 12:18:42.847841,57654.176,7.798288
2013-03-17 12:48:08.360117,57653.18,7.798331
2013-03-17 13:17:33.872412,57646.145,7.7979145
2013-03-17 13:46:59.393378,57645.29,7.797789
2013-03-17 14:16:24.897083,57662.844,7.797912
2013-03-17 14:45:50.409449,57654.25,7.7986956
2013-03-17 15:15:15.930485,57641.17,7.798963
2013-03-17 15:44:41.442901,57644.082,7.7981176
2013-03-17 16:14:06.946698,57652.94,7.797974
2013-03-17 16:43:32.467794,57663.223,7.7982745
2013-03-17 17:12:57.980281,57656.156,7.7978916
2013-03-17 17:42:23.501427,57647.336,7.7989154
2013-03-17 18:11:49.005314,57651.92,7.7987213
2013-03-17 18:41:14.517861,57649.07,7.798217
2013-03-17 19:10:40.039077,57645.6,7.7989616
2013-03-17 19:40:05.543035,57642.93,7.7978697
2013-03-17 20:09:31.055652,57639.65,7.797619
2013-03-17 20:38:56.576929,57651.293,7.797649
2013-03-17 21:08:22.080957,57653.598,7.797889
2013-03-17 21:37:47.593645,57652.805,7.7967525
2013-03-17 22:07:13.114992,57638.773,7.7968326
2013-03-17 22:36:38.619091,57641.0,7.7975883
2013-03-17 23:06:04.140489,57656.35,7.7981367
2013-03-17 23:35:29.653267,57652.473,7.7977877
2013-03-18 00:04:55.157425,57647.93,7.797717
2013-03-18 00:34:20.678884,57656.766,7.797508
2013-03-18 01:03:46.191732,57669.09,7.7982984
2013-03-18 01:33:11.695961,57668.043,7.7985015
2013-03-18 02:02:37.217500,57669.637,7.798501
2013-03-18 02:32:02.730409,57648.742,7.7966957
2013-03-18 03:01:28.243348,57670.773,7.7969813
2013-03-18 03:30:53.756308,57650.67,7.797304
2013-03-18 04:00:19.269287,57647.664,7.796366
2013-03-18 04:29:44.782296,57655.47,7.797372
2013-03-18 04:59:10.295326,57665.52,7.798295
2013-03-18 05:28:35.808376,57657.746,7.7976556
2013-03-18 05:58:01.321446,57655.3,7.7955475
2013-03-18 06:27:26.834546,57641.28,7.7970614
2013-03-18 06:56:52.347666,57660.984,7.7960033
2013-03-18 07:26:17.869446,57646.887,7.7961717
2013-03-18 07:55:43.373967,57641.863,7.7965875
2013-03-18 08:25:08.895797,57656.195,7.7977686
2013-03-18 08:54:34.409008,57655.12,7.797354
2013-03-18 09:53:25.435490,57646.73,7.796943
2013-03-18 10:22:50.948771,57662.043,7.797205
2013-03-18 10:52:16.453422,57631.11,7.795813
2013-03-18 11:21:41.975383,57657.848,7.796017
2013-03-18 11:51:07.488735,57656.19,7.797145
2013-03-18 12:20:33.010737,57654.668,7.795454
2013-03-18 12:49:58.515488,57653.684,7.797761
2013-03-18 13:19:24.028900,57654.27,7.7962303
2013-03-18 13:48:49.550972,57652.617,7.796239
2013-03-18 14:18:15.055794,57646.074,7.796176
2013-03-18 14:47:40.569277,57662.176,7.7972026
2013-03-18 15:17:06.091419,57659.37,7.7965837
2013-03-18 15:46:31.596302,57666.125,7.7974477
2013-03-18 16:15:57.109844,57655.926,7.7954473
2013-03-18 16:45:22.632057,57662.477,7.7968054
2013-03-18 17:14:48.145650,57661.293,7.796496
2013-03-18 17:44:13.659263,57662.39,7.79671
2013-03-18 18:13:39.164257,57645.48,7.7955947
2013-03-18 18:43:04.686560,57654.043,7.796865
2013-03-18 19:12:30.200243,57670.844,7.797358
2013-03-18 19:41:55.713946,57658.832,7.7966104
2013-03-18 20:11:21.219030,57655.895,7.795417
2013-03-18 20:40:46.741424,57658.78,7.7959013
2013-03-18 21:10:12.255188,57661.53,7.7955027
2013-03-18 21:39:37.768982,57663.63,7.7969947
2013-03-18 22:09:03.282807,57661.133,7.795657
2013-03-18 22:38:28.796641,57667.27,7.7966113
2013-03-18 23:07:54.319145,57678.258,7.797382
2013-03-18 23:37:19.824390,57663.69,7.796784
2013-03-19 00:06:45.338295,57686.973,7.7977433
2013-03-19 00:36:10.860860,57636.996,7.7942586
2013-03-19 01:05:36.366175,57662.24,7.795624
2013-03-19 01:35:01.888790,57655.57,7.7966037
2013-03-19 02:04:27.402785,57651.348,7.7968326
2013-03-19 02:33:52.908161,57656.133,7.7951283
2013-03-19 03:03:18.430836,57656.586,7.79662
2013-03-19 03:32:43.944902,57652.945,7.7954946
2013-03-19 04:02:09.450347,57648.453,7.794384
2013-03-19 04:31:34.973093,57660.543,7.7955546
2013-03-19 05:01:00.487219,57663.01,7.7965627
2013-03-19 05:30:25.992736,57659.95,7.795508
2013-03-19 05:59:51.515552,57674.836,7.795605
2013-03-19 06:29:17.029738,57678.44,7.79549
2013-03-19 06:58:42.552605,57668.48,7.7961783
2013-03-19 07:28:08.058201,57661.34,7.795601
2013-03-19 07:57:33.572468,57653.387,7.796057
2013-03-19 08:26:59.095396,57657.723,7.7945676
2013-03-19 08:56:24.601052,57666.965,7.79477
2013-03-19 09:25:50.115389,57661.004,7.795508
2013-03-19 09:55:15.629737,57671.074,7.7953057
2013-03-19 10:24:41.144114,57661.32,7.7950077
2013-03-19 10:54:06.667152,57662.48,7.7945065
2013-03-19 11:23:32.172930,57662.16,7.795054
2013-03-19 11:52:57.687367,57663.953,7.795417
2013-03-19 12:22:23.210475,57680.43,7.7949433
2013-03-19 12:51:48.724953,57661.63,7.795165
2013-03-19 13:21:14.230822,57663.992,7.79293
2013-03-19 13:50:39.753990,57669.83,7.7951975
2013-03-19 14:20:05.268549,57671.664,7.7955437
2013-03-19 14:49:30.774477,57656.21,7.7941904
2013-03-19 15:18:56.297716,57680.53,7.7955246
2013-03-19 15:48:21.812334,57659.902,7.794081
2013-03-19 16:17:47.335614,57662.22,7.7937016
2013-03-19 16:47:12.841633,57661.363,7.7953386
2013-03-19 17:16:38.356323,57659.637,7.7941957
2013-03-19 17:46:03.879672,57654.906,7.793839
2013-03-19 18:15:29.385761,57666.25,7.794917
2013-03-19 18:44:54.900510,57681.023,7.794398
2013-03-19 19:14:20.423920,57672.277,7.795985
2013-03-19 19:43:45.930081,57658.234,7.7955475
2013-03-19 20:13:11.453530,57651.73,7.793378
2013-03-19 20:42:36.968371,57670.668,7.794821
2013-03-19 21:12:02.474591,57679.242,7.795521
2013-03-19 21:41:27.998121,57656.42,7.7938313
2013-03-19 22:10:53.513022,57676.32,7.7950253
2013-03-19 22:40:19.027953,57662.27,7.7954283
2013-03-19 23:09:44.542903,57665.375,7.793956
2013-03-19 23:39:10.057874,57670.617,7.794211
2013-03-20 00:08:35.572865,57678.125,7.7948956
2013-03-20 00:38:01.087876,57678.707,7.794911
2013-03-20 01:07:26.602918,57686.02,7.7955947
2013-03-20 01:36:52.117979,57683.203,7.7942452
2013-03-20 02:06:17.633061,57662.42,7.7930393
2013-03-20 02:35:43.148162,57666.37,7.7949605
2013-03-20 03:05:08.671924,57670.633,7.795261
2013-03-20 03:34:34.178436,57677.504,7.79492
2013-03-20 04:03:59.693608,57672.355,7.7944665
2013-03-20 04:33:25.217441,57696.36,7.795438
2013-03-20 05:02:50.724013,57677.883,7.794466
2013-03-20 05:32:16.247885,57667.836,7.7942944
2013-03-20 06:01:41.763138,57678.42,7.7953534
2013-03-20 06:31:07.269780,57687.105,7.795181
2013-03-20 07:00:32.793723,57672.92,7.7933106
2013-03-20 07:29:58.309047,57668.387,7.793697
2013-03-20 07:59:23.815749,57658.406,7.793825
2013-03-20 08:28:49.339753,57662.17,7.793478
2013-03-20 08:58:14.855146,57666.395,7.7941155
2013-03-20 09:27:40.361919,57663.285,7.793958
2013-03-20 09:57:05.885993,57673.438,7.792293
2013-03-20 10:26:31.401447,57675.52,7.7951384
2013-03-20 10:55:56.925561,57668.305,7.793307
2013-03-20 11:25:22.432415,57677.54,7.7940526
2013-03-20 11:54:47.947939,57670.45,7.793387
2013-03-20 12:24:13.472123,57673.207,7.794242
2013-03-20 12:53:38.979037,57669.695,7.7947564
2013-03-20 13:23:04.494632,57669.652,7.793631
2013-03-20 13:52:30.018876,57682.453,7.7948055
2013-03-20 14:21:55.534501,57675.805,7.7954507
2013-03-20 14:51:21.050156,57675.44,7.791964
2013-03-20 15:20:46.565831,57672.617,7.794637
2013-03-20 15:50:12.072886,57675.24,7.795186
2013-03-20 16:19:37.597242,57655.6,7.7936172
2013-03-20 16:49:03.112977,57666.082,7.794107
2013-03-20 17:18:28.628732,57674.32,7.7931876
2013-03-20 17:47:54.144517,57670.562,7.794642
2013-03-20 18:17:19.660323,57678.508,7.7941003
2013-03-20 18:46:45.167509,57674.35,7.79289
2013-03-20 19:16:10.691996,57663.58,7.793332
2013-03-20 19:45:36.207861,57678.62,7.79348
2013-03-20 20:15:01.732388,57673.28,7.792267
2013-03-20 20:44:27.239664,57663.363,7.792801
2013-03-20 21:13:52.755601,57664.348,7.792413
2013-03-20 21:43:18.280187,57670.406,7.79247
2013-03-20 22:12:43.787524,57676.402,7.7940674
2013-03-20 22:42:09.303531,57674.918,7.7930593
2013-03-20 23:11:34.828188,57678.383,7.793415
2013-03-20 23:41:00.335585,57673.266,7.793147
2013-03-21 00:10:25.860292,57676.867,7.7926803
2013-03-21 00:39:51.376380,57666.477,7.7938285
2013-03-21 01:09:16.883847,57657.684,7.792859
2013-03-21 01:38:42.408615,57666.742,7.792034
2013-03-21 02:08:07.924763,57677.773,7.7923427
2013-03-21 02:37:33.432300,57668.74,7.792617
2013-03-21 03:06:58.957128,57654.137,7.7936234
2013-03-21 03:36:24.473347,57660.63,7.7922688
2013-03-21 04:05:49.989585,57661.95,7.79292
2013-03-21 04:35:15.505843,57656.19,7.793335
2013-03-21 05:04:41.022122,57666.68,7.7948856
2013-03-21 05:34:06.547060,57670.48,7.792492
2013-03-21 06:03:32.054749,57673.26,7.793839
2013-03-21 06:32:57.571088,57675.652,7.7930803
2013-03-21 07:02:23.096097,57662.88,7.7933707
2013-03-21 07:31:48.603846,57667.734,7.7929263
2013-03-21 08:01:14.120255,57653.453,7.7910595
2013-03-21 08:30:39.645325,57667.055,7.7921257
2013-03-21 09:29:30.678254,57660.76,7.7925406
2013-03-21 09:58:56.194743,57680.2,7.793961
2013-03-21 10:28:21.702623,57657.348,7.7925906
2013-03-21 10:57:47.227804,57655.246,7.793834
2013-03-21 11:27:12.744363,57668.0,7.7936397
2013-03-21 11:56:38.252304,57663.992,7.79284
2013-03-21 12:26:03.777544,57669.82,7.7925267
2013-03-21 12:55:29.294175,57665.305,7.7932587
2013-03-21 13:24:54.802175,57670.11,7.792233
2013-03-21 13:54:20.327486,57667.652,7.792672
2013-03-21 14:23:45.844177,57676.902,7.794347
2013-03-21 14:53:11.369528,57651.082,7.7918377
2013-03-21 15:22:36.877619,57671.16,7.7925935
2013-03-21 15:52:02.394370,57665.79,7.7933025
2013-03-21 16:21:27.919782,57672.336,7.79224
2013-03-21 16:50:53.427943,57663.14,7.792557
2013-03-21 17:20:18.944755,57659.89,7.7929273
2013-03-21 17:49:44.470237,57655.9,7.792918
2013-03-21 18:19:09.978459,57656.117,7.7918005
2013-03-21 18:48:35.503980,57653.902,7.7897596
2013-03-21 19:18:01.020883,57664.188,7.7915554
2013-03-21 19:47:26.537804,57686.332,7.793191
2013-03-21 20:16:52.054747,57684.887,7.792378
2013-03-21 20:46:17.571720,57676.26,7.793223
2013-03-21 21:15:43.088702,57681.918,7.792364
2013-03-21 21:45:08.605715,57679.04,7.791637
2013-03-21 22:14:34.122748,57677.56,7.7924905
2013-03-21 22:43:59.639801,57675.56,7.793401
2013-03-21 23:13:25.156874,57679.492,7.792792
2013-03-21 23:42:50.673967,57671.375,7.792757
2013-03-22 00:12:16.199720,57678.168,7.793639
2013-03-22 00:41:41.708224,57672.21,7.79225
2013-03-22 01:11:07.225378,57680.438,7.7907715
2013-03-22 01:40:32.751201,57685.016,7.792745
2013-03-22 02:09:58.259765,57679.855,7.7924957
2013-03-22 02:39:23.776989,57695.04,7.7920647
2013-03-22 03:08:49.302873,57679.68,7.793686
2013-03-22 03:38:14.811497,57679.832,7.7912693
2013-03-22 04:07:40.337422,57674.293,7.7927737
2013-03-22 04:37:05.854726,57670.773,7.791878
2013-03-22 05:06:31.363421,57676.863,7.7920313
2013-03-22 05:35:56.889406,57684.7,7.791852
2013-03-22 06:05:22.406780,57669.066,7.791551
2013-03-22 06:34:47.915535,57679.13,7.793145
2013-03-22 07:04:13.441591,57675.59,7.792424
2013-03-22 07:33:38.959025,57665.246,7.791266
2013-03-22 08:03:04.476481,57676.094,7.7908444
2013-03-22 08:32:29.993957,57684.496,7.793032
2013-03-22 09:01:55.511452,57687.742,7.7916923
2013-03-22 09:31:21.037618,57684.215,7.7922363
2013-03-22 10:00:46.546514,57697.9,7.7922583
2013-03-22 10:30:12.064079,57687.14,7.792276
2013-03-22 10:59:37.590295,57672.453,7.7932625
2013-03-22 11:29:03.107902,57690.33,7.7910686
2013-03-22 11:58:28.616888,57683.848,7.7925115
2013-03-22 12:27:54.143174,57678.566,7.790888
2013-03-22 12:57:19.660840,57668.01,7.7922225
2013-03-22 13:26:45.178527,57696.574,7.7947664
2013-03-22 13:56:10.696244,57692.03,7.7921753
2013-03-22 14:25:36.213971,57679.055,7.7931194
2013-03-22 14:55:01.731728,57690.625,7.7936134
2013-03-22 15:24:27.249495,57682.062,7.7929826
2013-03-22 15:53:52.767292,57683.11,7.793794
2013-03-22 16:23:18.285110,57687.844,7.793418
2013-03-22 16:52:43.802948,57681.6,7.790783
2013-03-22 17:22:09.312155,57682.668,7.793683
2013-03-22 17:51:34.838673,57675.098,7.791459
2013-03-22 18:21:00.356581,57693.844,7.792706
2013-03-22 18:50:25.883139,57686.16,7.7927046
2013-03-22 19:19:51.392437,57678.01,7.7915316
2013-03-22 19:49:16.910405,57695.754,7.794174
2013-03-22 20:18:42.437023,57680.99,7.7901793
2013-03-22 20:48:07.946392,57690.348,7.792545
2013-03-22 21:17:33.464411,57701.586,7.7933207
2013-03-22 21:46:58.991099,57691.52,7.7921276
2013-03-22 22:16:24.500528,57684.926,7.7913175
2013-03-22 22:45:50.027257,57679.582,7.7929716
2013-03-22 23:15:15.545366,57676.176,7.79186
2013-03-22 23:44:41.063496,57697.914,7.7922626
2013-03-23 00:14:06.581645,57702.08,7.793702
2013-03-23 00:43:32.099814,57684.43,7.792401
2013-03-23 01:12:57.618014,57694.5,7.792741
2013-03-23 01:42:23.136224,57704.02,7.7937274
2013-03-23 02:11:48.654463,57692.77,7.7931843
2013-03-23 02:41:14.172713,57699.008,7.7911377
2013-03-23 03:10:39.690994,57705.996,7.793529
2013-03-23 03:40:05.209284,57696.32,7.792009
2013-03-23 04:09:30.736244,57694.68,7.7918277
2013-03-23 04:38:56.254585,57697.074,7.7912617
2013-03-23 05:08:21.764305,57689.2,7.791322
2013-03-23 05:37:47.291326,57686.875,7.7933674
2013-03-23 06:07:12.801087,57694.652,7.7928767
2013-03-23 06:36:38.319507,57701.16,7.7936473
2013-03-23 07:06:03.846589,57703.95,7.7932177
2013-03-23 07:35:29.356420,57691.18,7.7916017
2013-03-23 08:04:54.883541,57683.492,7.7924614
2013-03-23 08:34:20.402052,57695.863,7.7928834
2013-03-23 09:03:45.911934,57697.625,7.7942777
2013-03-23 09:33:11.439125,57704.65,7.792965
2013-03-23 10:02:36.957687,57703.234,7.792292
2013-03-23 10:32:02.467639,57695.164,7.79146
2013-03-23 11:01:27.994891,57695.75,7.793672
2013-03-23 11:30:53.513523,57691.285,7.7916937
2013-03-23 12:00:19.023526,57712.086,7.793136
2013-03-23 12:29:44.550838,57697.836,7.792503
2013-03-23 12:59:10.069530,57701.93,7.7934575
2013-03-23 13:28:35.596893,57713.19,7.7935905
2013-03-23 14:27:26.625739,57713.2,7.7946053
2013-03-23 14:56:52.153151,57692.21,7.7931376
2013-03-23 15:26:17.671945,57700.484,7.79364
2013-03-23 15:55:43.182128,57709.734,7.794375
2013-03-23 16:25:08.709602,57703.95,7.792133
2013-03-23 16:54:34.228465,57716.973,7.791817
2013-03-23 17:23:59.747338,57708.477,7.7936087
2013-03-23 17:53:25.266242,57703.027,7.7937512
2013-03-23 18:22:50.785156,57720.17,7.7934184
2013-03-23 18:52:16.312740,57710.336,7.792334
2013-03-23 19:21:41.823064,57711.215,7.792423
2013-03-23 19:51:07.342048,57705.203,7.791394
2013-03-23 20:20:32.869692,57718.1,7.7940907
2013-03-23 20:49:58.380066,57724.348,7.7939143
2013-03-23 21:19:23.899111,57718.18,7.7937927
2013-03-23 21:48:49.418176,57705.312,7.7945137
2013-03-23 22:18:14.937261,57715.97,7.7935143
2013-03-23 22:47:40.465005,57719.71,7.792579
2013-03-23 23:17:05.975500,57721.465,7.79379
2013-03-23 23:46:31.494645,57708.082,7.790869
2013-03-24 00:15:57.022451,57729.01,7.7936006
2013-03-24 00:45:22.532996,57700.887,7.7908444
2013-03-24 01:14:48.052212,57719.277,7.794083
2013-03-24 01:44:13.580077,57735.688,7.793995
2013-03-24 02:13:39.090683,57715.54,7.793824
2013-03-24 02:43:04.618598,57706.832,7.7936654
2013-03-24 03:12:30.137885,57721.8,7.7936864
2013-03-24 03:41:55.648561,57707.363,7.7923756
2013-03-24 04:11:21.176527,57722.742,7.793319
2013-03-24 04:40:46.695883,57709.84,7.7938237
2013-03-24 05:10:12.215260,57716.266,7.7920785
2013-03-24 05:39:37.734646,57729.41,7.79349
2013-03-24 06:09:03.254063,57705.348,7.791171
2013-03-24 06:38:28.773500,57706.54,7.7909484
2013-03-24 07:07:54.292946,57722.664,7.793564
2013-03-24 07:37:19.812423,57724.89,7.7938423
2013-03-24 08:06:45.340561,57708.76,7.7922716
2013-03-24 09:05:36.370975,57719.453,7.7945223
2013-03-24 09:35:01.899173,57705.066,7.7921267
2013-03-24 10:04:27.418750,57718.55,7.7947235
2013-03-24 10:33:52.929708,57736.965,7.7939124
2013-03-24 11:03:18.457966,57712.633,7.7925544
2013-03-24 11:32:43.977604,57711.42,7.7938313
2013-03-24 12:02:09.505902,57721.36,7.792577
2013-03-24 12:31:35.016940,57713.188,7.7936254
2013-03-24 13:01:00.536638,57728.39,7.7937016
2013-03-24 13:30:26.056357,57709.29,7.793505
2013-03-24 13:59:51.576095,57724.207,7.793966
2013-03-24 14:29:17.095854,57701.98,7.792366
2013-03-24 14:58:42.615633,57709.594,7.792905
2013-03-24 15:28:08.135442,57715.664,7.7935395
2013-03-24 15:57:33.646621,57722.16,7.7933803
2013-03-24 16:26:59.175100,57715.84,7.793089
2013-03-24 16:56:24.694959,57715.016,7.793905
2013-03-24 17:25:50.223489,57738.375,7.7929144
2013-03-24 17:55:15.734748,57724.066,7.7924666
2013-03-24 18:24:41.254668,57726.08,7.7931685
2013-03-24 18:54:06.783257,57715.855,7.7936435
2013-03-24 19:23:32.294577,57716.97,7.794337
2013-03-24 19:52:57.814557,57719.81,7.794474
2013-03-24 20:22:23.343207,57716.57,7.7940965
2013-03-24 20:51:48.863228,57708.613,7.793496
2013-03-24 21:21:14.383278,57715.094,7.7936573
2013-03-24 21:50:39.903338,57728.297,7.7930684
2013-03-24 22:20:05.423419,57714.45,7.7929835
2013-03-24 22:49:30.943529,57720.32,7.793224
2013-03-24 23:18:56.463650,57716.633,7.79217
2013-03-24 23:48:21.983801,57718.266,7.7934923
2013-03-25 00:17:47.512602,57725.285,7.793729
2013-03-25 00:47:13.024153,57716.42,7.7943583
2013-03-25 01:16:38.544355,57722.426,7.7936263
2013-03-25 01:46:04.073226,57716.93,7.792731
2013-03-25 02:15:29.584827,57716.84,7.7921467
2013-03-25 02:44:55.113739,57727.48,7.792984
2013-03-25 03:14:20.634021,57723.65,7.79273
2013-03-25 03:43:46.145683,57720.367,7.793655
2013-03-25 04:13:11.674655,57722.797,7.792915
2013-03-25 04:42:37.186356,57732.34,7.7929907
2013-03-25 05:12:02.706729,57727.0,7.794361
2013-03-25 05:41:28.235751,57720.555,7.7916875
2013-03-25 06:10:53.747523,57715.465,7.7927356
2013-03-25 06:40:19.276586,57704.727,7.792336
2013-03-25 07:09:44.797039,57720.79,7.7921877
2013-03-25 07:39:10.308861,57713.18,7.793686
2013-03-25 08:08:35.837995,57730.316,7.7928886
2013-03-25 08:38:01.358498,57713.19,7.791697
2013-03-25 09:07:26.870380,57724.312,7.793364
2013-03-25 09:36:52.399574,57716.523,7.7923245
2013-03-25 10:06:17.920137,57729.496,7.792944
2013-03-25 10:35:43.440730,57714.05,7.792911
2013-03-25 11:05:08.961334,57715.72,7.7936635
2013-03-25 11:34:34.481968,57712.03,7.7923265
2013-03-25 12:04:00.011252,57721.0,7.7939568
2013-03-25 12:33:25.531916,57714.418,7.792221
2013-03-25 13:02:51.043970,57717.668,7.793179
2013-03-25 13:32:16.573314,57712.67,7.793429
2013-03-25 14:01:42.094038,57712.02,7.793133
2013-03-25 14:31:07.606153,57720.074,7.7919617
2013-03-25 15:00:33.135557,57715.8,7.7936873
2013-03-25 15:29:58.656342,57727.004,7.7926545
2013-03-25 15:59:24.185796,57718.473,7.7934937
2013-03-25 16:28:49.697981,57720.953,7.794115
2013-03-25 16:58:15.218826,57712.1,7.7932096
2013-03-25 17:27:40.748331,57712.89,7.793616
2013-03-25 17:57:06.260576,57711.867,7.7906337
2013-03-25 18:26:31.781482,57732.305,7.7952504
2013-03-25 18:55:57.311057,57715.797,7.7928495
2013-03-25 19:25:22.823363,57732.66,7.7942147
2013-03-25 19:54:48.344329,57735.242,7.79456
2013-03-25 20:24:13.865315,57716.57,7.794449
2013-03-25 20:53:39.386320,57719.516,7.7930946
2013-03-25 21:23:04.915986,57718.008,7.793563
2013-03-25 21:52:30.428392,57715.54,7.7937846
2013-03-25 22:21:55.949458,57723.258,7.791879
2013-03-25 22:51:21.479185,57717.13,7.79393
2013-03-25 23:20:46.991652,57729.297,7.794236
2013-03-25 23:50:12.512768,57720.31,7.7920613
2013-03-26 00:19:38.042555,57715.305,7.793339
2013-03-26 00:49:03.563721,57720.92,7.7945843
2013-03-26 01:18:29.084908,57706.613,7.7927494
2013-03-26 01:47:54.606105,57707.703,7.792667
2013-03-26 02:17:20.127332,57716.176,7.793826
2013-03-26 02:46:45.648580,57710.836,7.7917514
2013-03-26 03:16:11.169837,57711.375,7.7926373
2013-03-26 03:45:36.691124,57720.21,7.7923994
2013-03-26 04:15:02.212422,57711.01,7.7923403
2013-03-26 04:44:27.733750,57723.67,7.7936926
2013-03-26 05:13:53.255098,57717.25,7.792086
2013-03-26 05:43:18.785096,57724.41,7.7932234
2013-03-26 06:12:44.297834,57720.902,7.7934656
2013-03-26 06:42:09.827882,57716.95,7.7919617
2013-03-26 07:11:35.349300,57714.812,7.7934036
2013-03-26 07:41:00.862099,57719.38,7.7930846
2013-03-26 08:10:26.392197,57708.72,7.7921624
2013-03-26 08:39:51.913686,57713.61,7.794887
2013-03-26 09:09:17.426545,57712.418,7.7927885
2013-03-26 09:38:42.956703,57715.26,7.7935004
2013-03-26 10:08:08.478243,57705.824,7.7914677
2013-03-26 10:37:34.008442,57708.297,7.7946606
2013-03-26 11:06:59.521381,57700.758,7.7924504
2013-03-26 11:36:25.042980,57715.152,7.794746
2013-03-26 12:05:50.564590,57711.176,7.792971
2013-03-26 12:35:16.086229,57706.15,7.7942133
2013-03-26 13:04:41.599249,57680.977,7.7908463
2013-03-26 13:34:07.129569,57694.035,7.7924075
2013-03-26 14:03:32.651258,57711.906,7.794561
2013-03-26 14:32:58.172979,57723.355,7.7945433
2013-03-26 15:02:23.694709,57708.734,7.7906275
2013-03-26 15:31:49.216469,57704.617,7.790058
2013-03-26 16:01:14.746879,57719.47,7.792179
2013-03-26 16:30:40.260030,57697.55,7.7910995
2013-03-26 17:00:05.781850,57721.758,7.7922616
2013-03-26 17:29:31.312321,57717.277,7.790989
2013-03-26 17:58:56.834171,57705.297,7.790625
2013-03-26 18:28:22.347402,57718.89,7.790373
2013-03-26 18:57:47.877934,57713.883,7.790639
2013-03-26 19:27:13.399845,57710.38,7.7909155
2013-03-26 19:56:38.921776,57716.53,7.791569
2013-03-26 20:26:04.443727,57702.473,7.7918053
2013-03-26 20:55:29.965698,57705.633,7.792032
2013-03-26 21:24:55.496330,57712.195,7.791576
2013-03-26 21:54:21.009692,57696.797,7.7906575
2013-03-26 22:23:46.531724,57708.97,7.790314
2013-03-26 22:53:12.062406,57701.625,7.790431
2013-03-26 23:22:37.575838,57705.63,7.7886715
2013-03-26 23:52:03.097920,57704.535,7.790227
2013-03-27 00:21:28.628662,57704.79,7.7898116
2013-03-27 00:50:54.142155,57691.22,7.790848
2013-03-27 01:20:19.672937,57693.242,7.790329
2013-03-27 01:49:45.195100,57704.19,7.789603
2013-03-27 02:19:10.708643,57703.875,7.791041
2013-03-27 02:48:36.239485,57701.906,7.790618
2013-03-27 03:18:01.753068,57682.426,7.789141
2013-03-27 03:47:27.275311,57678.55,7.790375
2013-03-27 04:16:52.806204,57688.85,7.789058
2013-03-27 04:46:18.319848,57688.184,7.7901998
2013-03-27 05:15:43.850791,57668.504,7.7897086
2013-03-27 05:45:09.373104,57702.777,7.79126
2013-03-27 06:14:34.895438,57700.734,7.790522
2013-03-27 06:44:00.417802,57687.58,7.789448
2013-03-27 07:13:25.940175,57699.14,7.7906404
2013-03-27 07:42:51.462570,57702.016,7.7905507
2013-03-27 08:41:42.507418,57697.176,7.791225
2013-03-27 09:11:08.029872,57682.54,7.790202
2013-03-27 09:40:33.560987,57693.215,7.790458
2013-03-27 10:09:59.074841,57710.562,7.79147
2013-03-27 10:39:24.605986,57690.562,7.790117
2013-03-27 11:08:50.128520,57700.152,7.790133
2013-03-27 11:38:15.642425,57695.64,7.7907014
2013-03-27 12:07:41.173640,57693.203,7.790108
2013-03-27 12:37:06.696225,57691.895,7.7891912
2013-03-27 13:06:32.210190,57688.492,7.7897177
2013-03-27 13:35:57.741466,57676.348,7.788795
2013-03-27 14:05:23.264111,57699.027,7.7897677
2013-03-27 14:34:48.795406,57688.207,7.7899017
2013-03-27 15:04:14.309452,57695.504,7.7896686
2013-03-27 15:33:39.832158,57682.96,7.7887177
2013-03-27 16:03:05.363524,57678.395,7.7896743
2013-03-27 16:32:30.877620,57680.27,7.7888074
2013-03-27 17:01:56.400385,57694.426,7.7901974
2013-03-27 17:31:21.931802,57691.33,7.7894187
2013-03-27 18:00:47.445958,57689.15,7.789328
2013-03-27 18:30:12.968775,57671.094,7.7892036
2013-03-27 18:59:38.491611,57694.41,7.789954
2013-03-27 19:29:04.014468,57688.582,7.7896347
2013-03-27 19:58:29.545984,57663.176,7.789218
2013-03-27 20:27:55.060241,57672.61,7.7887826
2013-03-27 20:57:20.583158,57676.348,7.7889724
2013-03-27 21:26:46.114725,57693.004,7.7897186
2013-03-27 21:56:11.637682,57675.61,7.7883167
2013-03-27 22:25:37.152010,57676.81,7.7886057
2013-03-27 22:55:02.683637,57680.56,7.789542
2013-03-27 23:24:28.206644,57673.887,7.788543
2013-03-28 00:23:19.252720,57677.74,7.7888784
2013-03-28 00:52:44.775788,57666.23,7.788415
2013-03-28 01:22:10.307516,57672.695,7.788294
2013-03-28 01:51:35.821973,57680.22,7.78855
2013-03-28 02:21:01.345102,57672.83,7.788666
2013-03-28 02:50:26.876880,57674.637,7.7889185
2013-03-28 03:19:52.391398,57685.305,7.7886667
2013-03-28 03:49:17.914587,57680.76,7.7886305
2013-03-28 04:18:43.446416,57659.773,7.7882338
2013-03-28 04:48:08.960994,57671.91,7.7874513
2013-03-28 05:17:34.492873,57663.19,7.787513
2013-03-28 05:47:00.016132,57669.23,7.7882304
2013-03-28 06:16:25.530761,57682.113,7.788438
2013-03-28 06:45:51.062700,57697.094,7.7886214
2013-03-28 07:15:16.586010,57675.223,7.788492
2013-03-28 07:44:42.100698,57684.945,7.7886515
2013-03-28 08:14:07.632688,57681.2,7.7886977
2013-03-28 08:43:33.156058,57664.445,7.78742
2013-03-28 09:12:58.688087,57665.473,7.7879786
2013-03-28 09:42:24.202857,57664.45,7.7874537
2013-03-28 10:11:49.726277,57676.8,7.7880177
2013-03-28 10:41:15.249727,57661.777,7.7878404
2013-03-28 11:10:40.773187,57668.254,7.7879953
2013-03-28 11:40:06.296668,57674.44,7.787611
2013-03-28 12:09:31.820168,57661.418,7.78726
2013-03-28 12:38:57.343688,57677.18,7.788557
2013-03-28 13:08:22.867229,57691.26,7.7886004
2013-03-28 13:37:48.390779,57672.61,7.7877965
2013-03-28 14:07:13.914360,57654.543,7.7874227
2013-03-28 14:36:39.446592,57666.47,7.7878914
2013-03-28 15:06:04.970212,57658.79,7.7873545
2013-03-28 15:35:30.485203,57673.17,7.787894
2013-03-28 16:04:56.017494,57679.367,7.7880187
2013-03-28 16:34:21.541166,57668.902,7.787776
2013-03-28 17:03:47.056207,57676.3,7.787047
2013-03-28 17:33:12.588559,57677.4,7.7882323
2013-03-28 18:02:38.112280,,
2013-03-28 18:32:03.644673,57662.36,7.7871947
2013-03-28 19:01:29.159794,57657.49,7.7869673
2013-03-28 19:30:54.683576,57665.316,7.7867746
2013-03-28 20:00:20.216018,57670.508,7.7868047
2013-03-28 20:29:45.731191,57671.434,7.787328
2013-03-28 20:59:11.255033,57651.676,7.7866654
2013-03-28 21:28:36.787525,57657.023,7.786807
2013-03-28 21:58:02.302767,57648.23,7.7864094
2013-03-28 22:27:27.826660,57667.61,7.7873464
2013-03-28 22:56:53.359213,57664.965,7.787605
2013-03-28 23:26:18.874506,57660.574,7.7868867
2013-03-28 23:55:44.407089,57660.137,7.7870913
2013-03-29 00:25:09.931062,57654.125,7.786687
2013-03-29 00:54:35.446405,57659.637,7.7869153
2013-03-29 01:24:00.979058,57642.938,7.78591
2013-03-29 01:53:26.503082,57667.168,7.786592
2013-03-29 02:22:52.027125,57667.004,7.7868156
2013-03-29 02:52:17.551189,57660.188,7.7867775
2013-03-29 03:21:43.075263,57655.758,7.7862034
2013-03-29 03:51:08.599366,57659.305,7.786438
2013-03-29 04:20:34.123480,57666.207,7.7868905
2013-03-29 04:49:59.647614,57662.504,7.7860675
2013-03-29 05:19:25.171768,57669.15,7.7862663
2013-03-29 05:48:50.695943,57671.848,7.785933
2013-03-29 06:18:16.220137,57669.41,7.786921
2013-03-29 06:47:41.752981,57673.62,7.786747
2013-03-29 07:17:07.268576,57674.113,7.786289
2013-03-29 07:46:32.801461,57676.977,7.7864823
2013-03-29 08:15:58.325725,57683.79,7.787286
2013-03-29 08:45:23.841370,57666.133,7.786255
2013-03-29 09:14:49.374316,57656.426,7.785917
2013-03-29 09:44:14.898630,57673.21,7.786641
2013-03-29 10:13:40.414336,57669.61,7.7866764
2013-03-29 10:43:05.947331,57661.82,7.7853265
2013-03-29 11:12:31.471706,57667.074,7.78649
2013-03-29 11:41:56.987462,57674.46,7.7863665
2013-03-29 12:11:22.520518,57668.996,7.786405
2013-03-29 12:40:48.044943,57657.48,7.785859
2013-03-29 13:10:13.578039,57671.324,7.7867117
2013-03-29 13:39:39.093865,57670.086,7.7864285
2013-03-29 14:09:04.618351,57666.023,7.786292
2013-03-29 14:38:30.151497,57662.434,7.785884
2013-03-29 15:07:55.667384,57658.54,7.785929
2013-03-29 15:37:21.191925,57665.793,7.7859874
2013-03-29 16:06:46.725127,57679.395,7.786801
2013-03-29 16:36:12.241063,57660.773,7.785657
2013-03-29 17:05:37.774300,57670.87,7.786206
2013-03-29 17:35:03.290277,57668.062,7.7855854
2013-03-29 18:04:28.814908,57662.445,7.7856793
2013-03-29 18:33:54.348200,57663.723,7.785968
2013-03-29 19:03:19.872873,57651.312,7.7854714
2013-03-29 19:32:45.388920,57644.16,7.785044
2013-03-29 20:02:10.922267,57661.23,7.7854366
2013-03-29 20:31:36.446995,57661.066,7.7857957
2013-03-29 21:01:01.963097,57658.113,7.7853184
2013-03-29 21:30:27.496495,57665.45,7.785885
2013-03-29 21:59:53.021278,57663.047,7.7854557
2013-03-29 22:29:18.554715,57659.297,7.7854395
2013-03-29 22:58:44.070893,57650.37,7.7851605
2013-03-29 23:28:09.595727,57664.203,7.7858024
2013-03-29 23:57:35.129219,57658.12,7.785551
2013-03-30 00:27:00.645453,57654.848,7.7852607
2013-03-30 00:56:26.170342,57665.18,7.785567
2013-03-30 01:25:51.703890,57670.074,7.785881
2013-03-30 01:55:17.220173,57662.438,7.785588
2013-03-30 02:24:42.753757,57648.01,7.7851543
2013-03-30 02:54:08.278721,57661.68,7.7852693
2013-03-30 03:23:33.795060,57660.57,7.7853103
2013-03-30 03:52:59.328699,57662.41,7.78497
2013-03-30 04:22:24.853713,57662.72,7.785149
2013-03-30 04:51:50.370112,57661.29,7.7848363
2013-03-30 05:21:15.903802,57678.723,7.7853894
2013-03-30 05:50:41.428871,57664.535,7.7851405
2013-03-30 06:20:06.953961,57662.348,7.7846103
2013-03-30 06:49:32.479070,57678.125,7.7855325
2013-03-30 07:18:58.004195,57659.3,7.784801
2013-03-30 08:17:49.054500,57648.59,7.7841506
2013-03-30 08:47:14.579680,57660.57,7.78487
2013-03-30 09:16:40.104880,57669.65,7.7847857
2013-03-30 09:46:05.630096,57655.98,7.78465
2013-03-30 10:15:31.155326,57649.195,7.784129
2013-03-30 10:44:56.680581,57659.258,7.784686
2013-03-30 11:14:22.205847,57677.11,7.7855806
2013-03-30 11:43:47.739777,57675.54,7.78518
2013-03-30 12:13:13.265083,57667.223,7.7846484
2013-03-30 12:42:38.781765,57661.53,7.7844715
2013-03-30 13:12:04.315750,57656.324,7.784453
2013-03-30 13:41:29.841107,57667.42,7.7847548
2013-03-30 14:10:55.357848,57651.09,7.7839255
2013-03-30 14:40:20.891884,57662.44,7.7845054
2013-03-30 15:09:46.417296,57665.188,7.7844386
2013-03-30 15:39:11.934087,57665.473,7.7848625
2013-03-30 16:08:37.468178,57695.797,7.785611
2013-03-30 16:38:02.993645,57662.54,7.7844577
2013-03-30 17:07:28.527772,57653.453,7.7840414
2013-03-30 17:36:54.044634,57653.08,7.783993
2013-03-30 18:06:19.570156,57663.84,7.7842717
2013-03-30 18:35:45.104338,57665.582,7.7844505
2013-03-30 19:05:10.621256,57679.04,7.7848563
2013-03-30 19:34:36.146828,57668.95,7.7839746
2013-03-30 20:04:01.681060,57687.84,7.7848034
2013-03-30 21:02:52.732301,57680.86,7.784797
2013-03-30 21:32:18.257948,57673.63,7.7838483
2013-03-30 22:01:43.783611,57669.96,7.784138
2013-03-30 22:31:09.309295,57663.016,7.783742
2013-03-30 23:00:34.834997,57674.617,7.7844243
2013-03-30 23:30:00.360716,57654.08,7.7835836
2013-03-30 23:59:25.886449,57672.797,7.784265
2013-03-31 00:28:51.412207,57677.57,7.7843537
2013-03-31 00:58:16.937976,57663.184,7.7835307
2013-03-31 01:27:42.463765,57663.344,7.7835126
2013-03-31 01:57:07.989573,57662.37,7.7834463
2013-03-31 02:26:33.524037,57669.42,7.7833824
2013-03-31 02:55:59.041241,57669.023,7.783862
2013-03-31 03:25:24.567100,57666.04,7.783535
2013-03-31 03:54:50.101619,57663.33,7.7830663
2013-03-31 04:24:15.618873,57661.836,7.7832327
2013-03-31 04:53:41.144787,57673.383,7.7836814
2013-03-31 05:23:06.679362,57673.453,7.783431
2013-03-31 05:52:32.196672,57682.047,7.7840047
2013-03-31 06:21:57.731276,57671.11,7.7835407
2013-03-31 06:51:23.257261,57673.492,7.78325
2013-03-31 07:20:48.774626,57663.785,7.7827806
2013-03-31 07:50:14.309281,57660.79,7.782918
2013-03-31 08:19:39.835321,57675.918,7.783626
2013-03-31 08:49:05.352736,57663.766,7.782595
2013-03-31 09:18:30.887451,57656.156,7.782455
2013-03-31 09:47:56.413542,57682.52,7.783718
2013-03-31 10:17:21.948287,57664.336,7.782466
2013-03-31 10:46:47.465772,57660.22,7.78269
2013-03-31 11:16:12.991918,57670.453,7.7826962
2013-03-31 11:45:38.526719,57680.465,7.783635
2013-03-31 12:15:04.044260,57662.727,7.7822933
2013-03-31 12:44:29.570456,57667.066,7.7829947
2013-03-31 13:13:55.105312,57675.176,7.7830453
2013-03-31 13:43:20.631538,57658.773,7.782302
2013-03-31 14:12:46.149149,57674.234,7.782227
2013-03-31 14:42:11.684056,57666.797,7.7823825
2013-03-31 15:11:37.201702,57681.5,7.7824016
2013-03-31 15:41:02.736644,57669.53,7.782217
2013-03-31 16:10:28.262960,57671.242,7.782373
2013-03-31 16:39:53.780657,57663.895,7.7825904
2013-03-31 17:09:19.315654,57672.754,7.782311
2013-03-31 17:38:44.842026,57694.11,7.7829833
2013-03-31 18:08:10.359778,57687.97,7.7825813
2013-03-31 18:37:35.894825,57674.875,7.781684
2013-03-31 19:07:01.421247,57681.195,7.782575
2013-03-31 19:36:26.956330,57690.707,7.781951
2013-03-31 20:05:52.474148,57678.92,7.782066
2013-03-31 20:35:18.000625,57682.35,7.782281
2013-03-31 21:04:43.535763,57683.094,7.782568
2013-03-31 21:34:09.053631,57666.715,7.781653
2013-03-31 22:03:34.580163,57672.703,7.781655
2013-03-31 22:33:00.115346,57673.33,7.7816477
2013-03-31 23:02:25.633275,57681.797,7.7818413
2013-03-31 23:31:51.168493,57673.867,7.78171
2013-04-01 00:01:16.695091,57672.81,7.781387
2013-04-01 00:30:42.213070,57667.195,7.7807384
2013-04-01 01:00:07.748343,57660.656,7.7811856
2013-04-01 01:29:33.274997,57681.582,7.7812057
2013-04-01 01:58:58.793025,57685.68,7.7823234
2013-04-01 02:28:24.328349,57679.89,7.78149
2013-04-01 02:57:49.855053,57669.727,7.781621
2013-04-01 03:27:15.381772,57668.38,7.781151
2013-04-01 03:56:40.908511,57673.984,7.7817087
2013-04-01 04:26:06.435265,57666.19,7.7812138
2013-04-01 04:55:31.970680,57675.684,7.781274
2013-04-01 05:24:57.488829,57682.445,7.781466
2013-04-01 05:54:23.015639,57680.215,7.7816377
2013-04-01 06:23:48.551103,57671.68,7.781208
2013-04-01 06:53:14.069303,57676.367,7.780397
2013-04-01 07:22:39.596163,57668.996,7.779684
2013-04-01 07:52:05.131678,57668.76,7.780368
2013-04-01 08:21:30.649932,57668.56,7.7806525
2013-04-01 08:50:56.185488,57686.703,7.781103
2013-04-01 09:20:21.712413,57678.79,7.7809734
2013-04-01 09:49:47.230718,57685.074,7.780342
2013-04-01 10:19:12.766324,,
2013-04-01 10:48:38.293299,57701.21,7.7812023
2013-04-01 11:18:03.811660,57678.184,7.780226
2013-04-01 11:47:29.347316,57696.29,7.7812176
2013-04-01 12:16:54.874346,57667.95,7.779795
2013-04-01 12:46:20.392752,57697.004,7.7804303
2013-04-01 13:15:45.928458,57673.55,7.78028
2013-04-01 13:45:11.455545,57677.58,7.780193
2013-04-01 14:14:36.991285,57670.13,7.780187
2013-04-01 14:44:02.509762,57668.145,7.780012
2013-04-01 15:13:28.036898,57679.574,7.780285
2013-04-01 15:42:53.572690,57683.23,7.780583
2013-04-01 16:12:19.091216,57668.406,7.778972
2013-04-01 16:41:44.618403,57675.55,7.7801013
2013-04-01 17:11:10.154245,57684.113,7.7807236
2013-04-01 17:40:35.672827,57678.207,7.7803855
2013-04-01 18:10:01.208703,57678.43,7.78017
2013-04-01 18:39:26.735961,57679.273,7.7804317
2013-04-01 19:08:52.263233,57680.27,7.7796993
2013-04-01 19:38:17.790520,57692.645,7.7808833
2013-04-01 20:07:43.317828,57687.977,7.780604
2013-04-01 20:37:08.845150,57680.246,7.780389
2013-04-01 21:06:34.372487,57670.715,7.778318
2013-04-01 21:35:59.899845,57676.52,7.7802176
2013-04-01 22:05:25.435858,57681.79,7.780396
2013-04-01 22:34:50.954611,57679.832,7.7795386
2013-04-01 23:04:16.482019,57744.742,7.7877393
2013-04-01 23:33:42.018082,57681.594,7.7803836
2013-04-02 00:03:07.536885,57683.03,7.7797093
2013-04-02 00:32:33.064344,57679.383,7.7789507
2013-04-02 01:01:58.600457,57689.07,7.7802644
2013-04-02 01:31:24.119310,57682.82,7.7801466
2013-04-02 02:00:49.646824,57686.348,7.779207
2013-04-02 02:30:15.182988,57682.508,7.7795544
2013-04-02 02:59:40.701891,57683.977,7.7798967
2013-04-02 03:29:06.238095,57671.355,7.778838
2013-04-02 03:58:31.765670,57663.67,7.779227
2013-04-02 04:27:57.284623,57685.273,7.779737
2013-04-02 04:57:22.820878,57673.97,7.7793965
2013-04-02 05:26:48.348507,57669.01,7.7791276
2013-04-02 05:56:13.867511,57712.664,7.7810082
2013-04-02 06:25:39.403816,57676.125,7.7797694
2013-04-02 07:24:30.467830,57688.387,7.779624
2013-04-02 07:53:55.986900,,
2013-04-02 08:23:21.514630,57677.07,7.7794433
2013-04-02 08:52:47.051019,57679.56,7.778034
2013-04-02 09:22:12.570140,57671.312,7.7787657
2013-04-02 09:51:38.097920,57678.395,7.7794204
2013-04-02 10:21:03.634360,57690.164,7.779924
2013-04-02 10:50:29.162175,57696.402,7.779998
2013-04-02 11:19:54.681361,57672.984,7.7789426
2013-04-02 11:49:20.217851,57676.88,7.7787275
2013-04-02 12:18:45.745717,57671.32,7.777838
2013-04-02 12:48:11.273598,57671.43,7.7780714
2013-04-02 13:17:36.801493,57690.742,7.7796636
2013-04-02 13:47:02.329409,57679.83,7.7788286
2013-04-02 14:16:27.857340,57683.01,7.7786818
2013-04-02 14:45:53.385286,57683.477,7.7789307
2013-04-02 15:15:18.904613,57673.684,7.778194
2013-04-02 15:44:44.441234,57683.69,7.778783
2013-04-02 16:14:09.969230,57674.402,7.778887
2013-04-02 16:43:35.505887,57682.727,7.7789216
2013-04-02 17:13:01.025278,57694.223,7.77913
2013-04-02 17:42:26.553330,57683.07,7.779329
2013-04-02 18:11:52.090032,57671.793,7.7776756
2013-04-02 18:41:17.609474,57681.465,7.778813
2013-04-02 19:10:43.137571,57675.08,7.7789903
2013-04-02 19:40:08.674328,57685.242,7.779134
2013-04-02 20:09:34.193820,57693.504,7.7790046
2013-04-02 20:38:59.730607,57685.055,7.780676
2013-04-02 21:08:25.258775,57681.242,7.779797
2013-04-02 21:37:50.778318,57674.234,7.7793803
2013-04-02 22:07:16.315155,57699.867,7.7842603
2013-04-02 22:36:41.843368,57679.094,7.779688
2013-04-02 23:06:07.371600,57693.293,7.7826567
2013-04-02 23:35:32.899848,57686.637,7.7802386
2013-04-03 00:04:58.428111,57698.555,7.7811055
2013-04-03 00:34:23.956394,57682.58,7.7800236
2013-04-03 01:03:49.484692,57682.863,7.779219
2013-04-03 01:33:15.013006,57679.29,7.779286
2013-04-03 02:02:40.549979,57684.848,7.7802525
2013-04-03 02:32:06.069682,57685.15,7.78047
2013-04-03 03:01:31.598046,57673.535,7.7791805
2013-04-03 03:30:57.135069,57680.18,7.779846
2013-04-03 04:00:22.663463,57677.414,7.778962
2013-04-03 04:29:48.183237,57689.465,7.7803216
2013-04-03 04:59:13.720311,57684.484,7.7799926
2013-04-03 05:28:39.240115,57684.27,7.77833
2013-04-03 05:58:04.777219,57681.88,7.77939
2013-04-03 06:27:30.305698,57684.383,7.7794895
2013-04-03 06:56:55.825552,57677.36,7.7784433
2013-04-03 07:26:21.362707,57688.79,7.779658
2013-04-03 07:55:46.891236,57676.67,7.7773247
2013-04-03 08:25:12.411141,57680.465,7.779316
2013-04-03 08:54:37.948341,57692.06,7.779807
2013-04-03 09:24:03.476920,57691.15,7.7800097
2013-04-03 09:53:28.996875,57694.79,7.7796392
2013-04-03 10:22:54.534125,57702.984,7.779104
2013-04-03 10:52:20.062750,57691.246,7.778866
2013-04-03 11:21:45.600035,57693.26,7.7787323
2013-04-03 11:51:11.120056,57683.855,7.7788167
2013-04-03 12:20:36.648731,57707.37,7.779285
2013-04-03 12:50:02.186066,57688.145,7.778838
2013-04-03 13:19:27.706132,57686.273,7.7782297
2013-04-03 13:48:53.234857,57687.766,7.7790713
2013-04-03 14:18:18.772243,57682.88,7.778689
2013-04-03 14:47:44.300999,57670.957,7.7781777
2013-04-03 15:17:09.829775,57685.707,7.778394
2013-04-03 15:46:35.358566,57683.52,7.7789493
2013-04-03 16:16:00.887372,57688.848,7.7783456
2013-04-03 16:45:26.416193,57699.973,7.7790847
2013-04-03 17:14:51.945035,57711.312,7.779562
2013-04-03 17:44:17.473891,57692.805,7.778178
2013-04-03 18:13:43.011402,57687.66,7.778235
2013-04-03 18:43:08.531649,57691.355,7.7782574
2013-04-03 19:12:34.069195,57694.793,7.778185
2013-04-03 19:41:59.598117,57700.887,7.778148
2013-04-03 20:11:25.118414,57703.652,7.7787156
2013-04-03 20:40:50.656006,57692.938,7.7783575
2013-04-03 21:10:16.176338,57710.44,7.778712
2013-04-03 21:39:41.705325,57677.457,7.777127
2013-04-03 22:09:07.242967,57689.355,7.777566
2013-04-03 22:38:32.763345,57689.496,7.777491
2013-04-03 23:07:58.292377,57702.98,7.777613
2013-04-03 23:37:23.830070,57689.37,7.7776484
2013-04-04 00:06:49.350492,57711.01,7.777589
2013-04-04 00:36:14.888220,57693.9,7.777105
2013-04-04 01:05:40.417318,57691.836,7.776432
2013-04-04 01:35:05.937791,57689.15,7.776521
2013-04-04 02:04:31.475564,57697.5,7.7769785
2013-04-04 02:33:57.004712,57708.87,7.777615
2013-04-04 03:03:22.525235,57696.33,7.775959
2013-04-04 03:32:48.063053,57702.375,7.776941
2013-04-04 04:02:13.592251,57688.195,7.776271
2013-04-04 04:31:39.130100,57682.594,7.777294
2013-04-04 05:01:04.650689,57684.793,7.777331
2013-04-04 05:30:30.179932,57698.695,7.776117
2013-04-04 05:59:55.717836,57705.918,7.7774568
2013-04-04 06:29:21.238470,57706.273,7.7778378
2013-04-04 06:58:46.767763,57697.9,7.7772827
2013-04-04 07:28:12.305713,57699.375,7.775931
2013-04-04 07:57:37.835037,57695.58,7.776112
2013-04-04 08:27:03.364376,57700.33,7.776476
2013-04-04 08:56:28.893730,57704.977,7.776279
2013-04-04 09:25:54.423104,57715.15,7.7769504
2013-04-04 09:55:19.952489,57697.13,7.7757125
2013-04-04 10:24:45.481894,57693.31,7.7767873
2013-04-04 10:54:11.011313,57691.758,7.775663
2013-04-04 11:23:36.549393,57690.37,7.776045
2013-04-04 11:53:02.070203,57686.266,7.774987
2013-04-04 12:22:27.599672,57700.914,7.7764544
2013-04-04 12:51:53.129152,57692.23,7.775597
2013-04-04 13:21:18.658658,57704.92,7.775717
2013-04-04 13:50:44.196813,57697.906,7.7768364
2013-04-04 14:49:35.247249,57688.953,7.774932
2013-04-04 15:19:00.785454,57697.027,7.775494
2013-04-04 15:48:26.306395,57695.305,7.776474
2013-04-04 16:17:51.835990,57695.242,7.7758994
2013-04-04 16:47:17.374241,57709.273,7.776838
2013-04-04 17:16:42.895227,57694.625,7.776168
2013-04-04 17:46:08.433508,57688.83,7.77613
2013-04-04 18:15:33.963169,57686.88,7.775945
2013-04-04 18:44:59.484200,57676.832,7.774587
2013-04-04 19:14:25.022536,57700.805,7.7759624
2013-04-04 19:43:50.552237,57696.285,7.7758484
2013-04-04 20:13:16.081959,57709.438,7.776379
2013-04-04 20:42:41.611701,57685.703,7.7750854
2013-04-04 21:12:07.141452,57685.74,7.775307
2013-04-04 21:41:32.671224,57686.67,7.7755766
2013-04-04 22:10:58.201006,57703.06,7.775156
2013-04-04 22:40:23.730807,57698.633,7.7755256
2013-04-04 23:09:49.269264,57699.504,7.775238
2013-04-04 23:39:14.799096,57694.812,7.7752614
2013-04-05 00:08:40.320303,57687.65,7.7747345
2013-04-05 00:38:05.858811,57689.68,7.7749896
2013-04-05 01:07:31.388688,57674.48,7.7755346
2013-04-05 01:36:56.909945,57676.695,7.7740755
2013-04-05 02:06:22.448493,57676.055,7.774309
2013-04-05 02:35:47.978421,57689.453,7.774021
2013-04-05 03:05:13.517003,57684.34,7.7754116
2013-04-05 03:34:39.038321,57701.695,7.774503
2013-04-05 04:04:04.559654,57683.43,7.774444
2013-04-05 04:33:30.098286,57679.652,7.7738814
2013-04-05 05:02:55.628290,57694.36,7.774431
2013-04-05 05:32:21.149673,57698.234,7.7751675
2013-04-05 06:01:46.688346,57678.81,7.772951
2013-04-05 07:00:37.757108,57679.633,7.773982
2013-04-05 07:30:03.278551,57690.85,7.7740183
2013-04-05 07:59:28.808650,57688.8,7.774205
2013-04-05 08:28:54.347403,57690.914,7.774312
2013-04-05 08:58:19.868892,57693.836,7.775021
2013-04-05 09:27:45.399041,57678.113,7.77268
2013-04-05 09:57:10.937840,57676.562,7.774018
2013-04-05 10:26:36.459379,57674.61,7.7730556
2013-04-05 10:56:01.989568,57685.85,7.7751365
2013-04-05 11:25:27.528417,57673.566,7.774206
2013-04-05 11:54:53.058642,57669.504,7.7731333
2013-04-05 12:24:18.588881,57677.805,7.773074
2013-04-05 12:53:44.119136,57685.836,7.774335
2013-04-05 13:23:09.649405,57682.996,7.7732563
2013-04-05 13:52:35.179690,57676.195,7.77329
2013-04-05 14:22:00.709989,57685.85,7.773845
2013-04-05 14:51:26.240304,57678.914,7.772585
2013-04-05 15:20:51.779279,57675.58,7.773752
2013-04-05 15:50:17.300985,57681.83,7.773286
2013-04-05 16:19:42.839989,57673.094,7.7728114
2013-04-05 16:49:08.370365,57675.79,7.772881
2013-04-05 17:18:33.892120,57661.785,7.7733064
2013-04-05 17:47:59.431170,57684.094,7.772196
2013-04-05 18:17:24.961591,57678.773,7.7719774
2013-04-05 18:46:50.483392,57681.92,7.77346
2013-04-05 19:16:16.022487,57678.53,7.7731056
2013-04-05 19:45:41.544318,57690.215,7.7729216
2013-04-05 20:15:07.083443,57693.324,7.7722807
2013-04-05 20:44:32.613944,57681.875,7.772484
2013-04-05 21:13:58.135826,57671.363,7.7724404
2013-04-05 21:43:23.674996,57665.906,7.7722144
2013-04-05 22:12:49.205543,57672.688,7.7715507
2013-04-05 22:42:14.727464,57649.61,7.7706857
2013-04-05 23:11:40.266685,57668.88,7.77174
2013-04-05 23:41:05.797277,57666.383,7.7727513
2013-04-06 00:10:31.336524,57664.73,7.77132
2013-04-06 00:39:56.858510,57685.87,7.771949
2013-04-06 01:09:22.389147,57672.01,7.7709136
2013-04-06 01:38:47.928444,57673.586,7.7715673
2013-04-06 02:08:13.450475,57668.68,7.771642
2013-04-06 02:37:38.981157,57659.125,7.771904
2013-04-06 03:07:04.520500,57660.7,7.771052
2013-04-06 03:36:30.042576,57661.887,7.772972
2013-04-06 04:05:55.573309,57660.285,7.7706976
2013-04-06 04:35:21.112691,57657.59,7.7718573
2013-04-06 05:04:46.643453,57671.43,7.7724905
2013-04-06 05:34:12.174231,57661.81,7.771144
2013-04-06 06:03:37.705024,57667.574,7.7713895
2013-04-06 06:33:03.235831,57657.277,7.7714853
2013-04-06 07:02:28.766654,57664.09,7.7718673
2013-04-06 07:31:54.297487,57670.82,7.771547
2013-04-06 08:01:19.828340,57665.58,7.7705865
2013-04-06 08:30:45.367848,57661.574,7.7702007
2013-04-06 09:00:10.890091,57669.535,7.7700105
2013-04-06 09:29:36.429629,57663.65,7.7702837
2013-04-06 09:59:01.960543,57674.496,7.7704563
2013-04-06 10:28:27.482831,57675.31,7.771831
2013-04-06 10:57:53.022414,57664.812,7.770777
2013-04-06 11:27:18.544733,57660.227,7.770122
2013-04-06 11:56:44.075707,57669.508,7.7706122
2013-04-06 12:26:09.615335,57655.94,7.770287
2013-04-06 12:55:35.137699,57644.56,7.76885
2013-04-06 13:25:00.677358,57654.383,7.770797
2013-04-06 13:54:26.208392,57655.555,7.769803
2013-04-06 14:23:51.730801,57662.535,7.7697086
2013-04-06 14:53:17.270506,57660.492,7.7694
2013-04-06 15:22:42.801585,57660.863,7.769333
2013-04-06 15:52:08.324039,57651.14,7.7690544
2013-04-06 16:21:33.863788,57655.855,7.769965
2013-04-06 16:50:59.394913,57659.805,7.7695193
2013-04-06 17:20:24.926053,57674.293,7.7690973
2013-04-06 17:49:50.457207,57662.746,7.7687116
2013-04-06 18:19:15.988377,57662.67,7.768951
2013-04-06 18:48:41.528202,57660.07,7.768998
2013-04-06 19:18:07.050757,57645.445,7.768718
2013-04-06 19:47:32.581972,57662.73,7.76849
2013-04-06 20:16:58.121842,57663.992,7.7695365
2013-04-06 20:46:23.653087,57675.938,7.7697163
2013-04-06 21:15:49.175702,57667.805,7.7687225
2013-04-06 21:45:14.715618,57649.27,7.7677503
2013-04-06 22:14:40.246908,57669.652,7.7675657
2013-04-06 22:44:05.778209,57669.254,7.7690187
2013-04-06 23:13:31.309530,57658.72,7.767699
2013-04-06 23:42:56.840865,57677.652,7.768722
2013-04-07 00:12:22.380736,57681.83,7.7690825
2013-04-07 00:41:47.903457,57667.785,7.767066
2013-04-07 01:11:13.434837,57671.58,7.7684894
2013-04-07 01:40:38.974869,57668.777,7.767537
2013-04-07 02:10:04.497635,57664.242,7.7685843
2013-04-07 02:39:30.037701,57649.45,7.767493
2013-04-07 03:08:55.560497,57664.62,7.768839
2013-04-07 03:38:21.091949,57652.707,7.7684035
2013-04-07 04:07:46.632055,57667.973,7.7684913
2013-04-07 04:37:12.154897,57670.867,7.768258
2013-04-07 05:06:37.686394,57666.09,7.768415
2013-04-07 05:36:03.226545,57667.098,7.768905
2013-04-07 06:05:28.749432,57664.977,7.766475
2013-04-07 06:34:54.280974,57657.703,7.7665524
2013-04-07 07:04:19.821171,57658.164,7.766232
2013-04-07 07:33:45.344098,57668.777,7.7663126
2013-04-07 08:03:10.884326,57665.9,7.766599
2013-04-07 08:32:36.415927,57683.79,7.7669115
2013-04-07 09:02:01.947540,57675.58,7.7685733
2013-04-07 09:31:27.479167,57684.184,7.768835
2013-04-07 10:00:53.010815,57661.85,7.766608
2013-04-07 10:30:18.542473,57673.99,7.7668886
2013-04-07 10:59:44.074146,57669.016,7.7643633
2013-04-07 11:29:09.605833,57649.836,7.7651258
2013-04-07 11:58:35.146176,57672.773,7.767027
2013-04-07 12:28:00.677894,57684.04,7.7679896
2013-04-07 12:57:26.200987,57676.086,7.7666254
2013-04-07 13:26:51.741375,57668.297,7.7663054
2013-04-07 13:56:17.273133,57684.586,7.7673955
2013-04-07 14:25:42.796271,57675.52,7.766174
2013-04-07 14:55:08.336700,57679.336,7.7681108
2013-04-07 15:24:33.868508,57693.22,7.7668657
2013-04-07 15:53:59.400327,57687.816,7.7666297
2013-04-07 16:23:24.932161,57679.688,7.7660484
2013-04-07 16:52:50.464009,57687.484,7.766395
2013-04-07 17:22:15.995873,57675.066,7.7660484
2013-04-07 17:51:41.527752,57684.94,7.765651
2013-04-07 18:21:07.051006,57671.863,7.766395
2013-04-07 18:50:32.591555,57685.824,7.7661757
2013-04-07 19:19:58.123474,57677.21,7.765635
2013-04-07 19:49:23.646774,57675.676,7.765026
2013-04-07 20:18:49.187363,57685.69,7.7650447
2013-04-07 20:48:14.719327,57689.684,7.765885
2013-04-07 21:17:40.259946,57670.83,7.764093
2013-04-07 21:47:05.783301,57676.5,7.76595
2013-04-07 22:16:31.315311,57675.6,7.7669487
2013-04-07 22:45:56.855975,57681.77,7.765753
2013-04-07 23:15:22.379375,57670.676,7.765808
2013-04-07 23:44:47.911425,57684.023,7.766714
2013-04-08 00:14:13.452135,57691.367,7.766378
2013-04-08 00:43:38.984215,57695.332,7.767008
2013-04-08 01:13:04.516311,57681.195,7.766955
2013-04-08 01:42:30.048421,57681.824,7.7637115
2013-04-08 02:11:55.580546,57688.348,7.766096
2013-04-08 02:41:21.112687,57686.305,7.766797
2013-04-08 03:10:46.644837,57687.402,7.765982
2013-04-08 03:40:12.177008,57693.8,7.765271
2013-04-08 04:09:37.709188,57691.21,7.765162
2013-04-08 04:39:03.241384,57677.996,7.763899
2013-04-08 05:08:28.782235,57678.395,7.7635126
2013-04-08 05:37:54.314460,57698.824,7.7654424
2013-04-08 06:36:45.378953,57692.586,7.766208
2013-04-08 07:06:10.911224,57690.297,7.7659774
2013-04-08 07:35:36.434865,57703.984,7.7662663
2013-04-08 08:05:01.975801,57698.066,7.7640963
2013-04-08 08:34:27.508112,57701.723,7.767219
2013-04-08 09:03:53.040439,57696.99,7.7633667
2013-04-08 09:33:18.572776,57694.9,7.765319
2013-04-08 10:02:44.096493,57699.09,7.767056
2013-04-08 10:32:09.637499,57688.094,7.7646613
2013-04-08 11:01:35.169881,57689.785,7.7656426
