time,flux,flux_err
2013-04-09 17:54:23.670442,9899.536,4.048715
2013-04-09 18:23:49.195672,9908.3,4.0523725
2013-04-09 18:53:14.729572,9899.003,4.056984
2013-04-09 19:22:40.246203,9900.226,4.057146
2013-04-09 19:52:05.771504,9898.394,4.056236
2013-04-09 20:21:31.305455,9903.907,4.0554943
2013-04-09 20:50:56.822156,9898.694,4.0570774
2013-04-09 21:20:22.356147,9901.847,4.0557017
2013-04-09 21:49:47.881528,9894.971,4.0589967
2013-04-09 22:19:13.406930,9896.322,4.057479
2013-04-09 22:48:38.932351,9914.571,4.0637937
2013-04-09 23:18:04.457782,9899.837,4.060725
2013-04-09 23:47:29.983244,9901.898,4.063565
2013-04-10 00:16:55.508726,9897.024,4.0603223
2013-04-10 00:46:21.034228,9903.32,4.0643473
2013-04-10 01:15:46.559750,9891.536,4.0620685
2013-04-10 01:45:12.085292,9902.24,4.0644574
2013-04-10 02:14:37.610854,9891.578,4.065105
2013-04-10 02:44:03.136437,9897.613,4.0658627
2013-04-10 03:13:28.662040,9891.862,4.06279
2013-04-10 03:42:54.187662,9894.152,4.066396
2013-04-10 04:12:19.721945,9899.95,4.0636306
2013-04-10 04:41:45.238978,9901.922,4.0694165
2013-04-10 05:11:10.764661,9894.964,4.0680647
2013-04-10 05:40:36.299004,9893.8,4.0694704
2013-04-10 06:10:01.816087,9891.495,4.0680656
2013-04-10 06:39:27.350480,9894.628,4.0694766
2013-04-10 07:08:52.876244,9893.409,4.0689335
2013-04-10 07:38:18.393388,9898.478,4.070551
2013-04-10 08:07:43.927841,9893.431,4.0710044
2013-04-10 08:37:09.453665,9896.403,4.070966
2013-04-10 09:06:34.970879,9884.56,4.072084
2013-04-10 09:36:00.505383,9895.53,4.070684
2013-04-10 10:05:26.031277,9892.849,4.07043
2013-04-10 10:34:51.565821,9893.859,4.072536
2013-04-10 11:04:17.083116,9889.905,4.0718203
2013-04-10 11:33:42.609061,9891.616,4.0714903
2013-04-10 12:03:08.143675,9892.554,4.072509
2013-04-10 12:32:33.661030,9890.8545,4.0737915
2013-04-10 13:01:59.187035,9890.648,4.072853
2013-04-10 13:31:24.721710,9887.67,4.0722976
2013-04-10 14:00:50.239125,9892.6875,4.0743694
2013-04-10 14:30:15.773830,9887.853,4.0759416
2013-04-10 14:59:41.299925,9896.34,4.074912
2013-04-10 15:29:06.817401,9896.732,4.0745606
2013-04-10 15:58:32.352167,9894.772,4.0766406
2013-04-10 16:27:57.878322,9899.8,4.0757637
2013-04-10 16:57:23.395858,9886.357,4.0748973
2013-04-10 17:26:48.930694,9895.674,4.0775456
2013-04-10 17:56:14.456900,9900.631,4.076952
2013-04-10 18:25:39.974496,9888.588,4.077433
2013-04-10 18:55:05.509393,9890.319,4.0776205
2013-04-10 19:24:31.035669,9892.293,4.0754147
2013-04-10 19:53:56.561966,9889.755,4.0775776
2013-04-10 20:23:22.088273,9890.792,4.078578
2013-04-10 20:52:47.614609,9891.567,4.0776033
2013-04-10 21:22:13.149606,9893.656,4.079941
2013-04-10 21:51:38.667343,9898.019,4.077391
2013-04-10 22:21:04.193740,9890.44,4.076451
2013-04-10 22:50:29.728797,9893.706,4.0797772
2013-04-10 23:19:55.246585,9895.928,4.079184
2013-04-10 23:49:20.781682,9890.503,4.078728
2013-04-11 00:18:46.308160,9891.588,4.079686
2013-04-11 00:48:11.826018,9889.845,4.0795913
2013-04-11 01:17:37.361175,9886.884,4.0795918
2013-04-11 01:47:02.887713,9885.524,4.078448
2013-04-11 02:16:28.405621,9891.897,4.078832
2013-04-11 02:45:53.940839,9885.081,4.0795493
2013-04-11 03:15:19.467438,9894.536,4.0802946
2013-04-11 03:44:44.994056,9897.325,4.079985
2013-04-11 04:14:10.520695,9895.7,4.081375
2013-04-11 04:43:36.047343,9891.428,4.0800543
2013-04-11 05:42:27.100721,9899.066,4.0807295
2013-04-11 06:11:52.627440,9889.9375,4.0803533
2013-04-11 06:41:18.162809,9890.414,4.080144
2013-04-11 07:10:43.680928,9898.392,4.081199
2013-04-11 07:40:09.207708,9889.264,4.079896
2013-04-11 08:09:34.743147,9884.137,4.082554
2013-04-11 11:06:07.904346,9889.637,4.0217347
2013-04-11 11:35:33.422636,9891.858,4.0815287
2013-04-11 12:04:58.958237,9915.225,4.0826855
2013-04-11 12:34:24.485207,9885.218,4.08107
2013-04-11 13:03:50.020848,9887.833,4.0846086
2013-04-11 13:33:15.539219,9877.773,4.084367
2013-04-11 14:02:41.066259,9890.606,4.0830226
2013-04-11 14:32:06.601950,9925.632,4.0872383
2013-04-11 15:01:32.120392,9935.797,4.0882416
2013-04-11 15:30:57.647482,9892.373,4.0847836
2013-04-11 16:00:23.183234,9899.17,4.0847635
2013-04-11 16:29:48.701735,9884.341,4.084068
2013-04-11 16:59:14.228886,9893.465,4.083378
2013-04-11 17:28:39.764698,9898.415,4.0845804
2013-04-11 17:58:05.283260,9895.108,4.08455
2013-04-11 18:27:30.819112,9902.934,4.0847917
2013-04-11 18:56:56.346344,9895.416,4.08333
2013-04-11 19:26:21.873596,9888.313,4.0827208
2013-04-11 19:55:47.400868,9894.799,4.0842004
2013-04-11 20:25:12.928161,9891.965,4.0844173
2013-04-11 20:54:38.455483,9892.414,4.0830464
2013-04-11 21:24:03.982815,9884.483,4.0834055
2013-04-11 21:53:29.510168,9893.712,4.084994
2013-04-11 22:22:55.046181,9894.371,4.084259
2013-04-11 22:52:20.564924,9883.163,4.084362
2013-04-11 23:21:46.092337,9888.774,4.0852933
2013-04-11 23:51:11.619770,9884.1045,4.084223
2013-04-12 00:20:37.147223,9889.747,4.084585
2013-04-12 00:50:02.674697,9894.475,4.084051
2013-04-12 01:19:28.210820,9882.285,4.0825357
2013-04-12 01:48:53.729693,9891.213,4.0839176
2013-04-12 02:18:19.257227,9882.524,4.084086
2013-04-12 02:47:44.793411,9886.647,4.083705
2013-04-12 03:17:10.312345,9887.857,4.082977
2013-04-12 03:46:35.848569,9884.785,4.0837445
2013-04-12 04:16:01.376183,9883.542,4.0839076
2013-04-12 04:45:26.895167,9886.241,4.084323
2013-04-12 05:14:52.431452,9889.219,4.085147
2013-04-12 05:44:17.959127,9892.15,4.085257
2013-04-12 06:13:43.478171,9890.703,4.0844345
2013-04-12 06:43:09.014516,9889.894,4.083898
2013-04-12 07:12:34.542240,9890.41,4.085136
2013-04-12 07:42:00.078625,9888.256,4.0848937
2013-04-12 08:11:25.597751,9892.623,4.084807
2013-04-12 08:40:51.125536,9882.687,4.0843244
2013-04-12 09:10:16.661981,9893.6455,4.0846167
2013-04-12 09:39:42.181167,9887.582,4.0845714
2013-04-12 10:09:07.709012,9889.61,4.0867457
2013-04-12 10:38:33.245507,9888.665,4.085135
2013-04-12 11:07:58.764753,9892.837,4.0844097
2013-04-12 11:37:24.292659,9893.159,4.084612
2013-04-12 12:06:49.829215,9890.521,4.083555
2013-04-12 12:36:15.357161,9891.5625,4.0853596
2013-04-12 13:05:40.885117,9893.083,4.0834856
2013-04-12 13:35:06.413104,9895.634,4.0846415
2013-04-12 14:04:31.932460,9887.716,4.084123
2013-04-12 14:33:57.469116,9887.459,4.0839896
2013-04-12 15:03:22.997153,9887.719,4.0843983
2013-04-12 15:32:48.516570,9886.912,4.0837708
2013-04-12 16:02:14.053287,9890.776,4.083841
2013-04-12 16:31:39.581384,9881.782,4.0842996
2013-04-12 17:01:05.118141,9892.849,4.084557
2013-04-12 17:30:30.637638,9887.2705,4.084106
2013-04-12 17:59:56.165795,9887.119,4.0832167
2013-04-12 18:29:21.702603,9886.871,4.082494
2013-04-12 18:58:47.222160,9885.9375,4.084607
2013-04-12 19:28:12.750368,9887.969,4.084144
2013-04-12 19:57:38.287246,9892.331,4.0874443
2013-04-12 20:27:03.806853,9889.237,4.0838413
2013-04-12 20:56:29.343772,9894.334,4.084183
2013-04-12 21:25:54.872060,9890.698,4.083847
2013-04-12 21:55:20.391728,9883.381,4.0836186
2013-04-12 22:24:45.928696,9891.54,4.084647
2013-04-12 22:54:11.457045,9895.071,4.08452
2013-04-12 23:23:36.976773,9884.518,4.084169
2013-04-12 23:53:02.513802,9884.029,4.0822597
2013-04-13 00:22:28.042211,9885.149,4.082026
2013-04-13 00:51:53.570629,9892.042,4.083508
2013-04-13 01:21:19.099079,9890.044,4.083789
2013-04-13 01:50:44.627538,9882.71,4.083537
2013-04-13 02:20:10.164667,9878.035,4.081357
2013-04-13 02:49:35.684526,9893.76,4.0826573
2013-04-13 03:19:01.213046,9887.59,4.080106
2013-04-13 03:48:26.750225,9891.261,4.082427
2013-04-13 04:17:52.278785,9890.803,4.083203
2013-04-13 04:47:17.798725,9885.7705,4.083181
2013-04-13 05:16:43.335964,9892.044,4.0808105
2013-04-13 05:46:08.855945,9892.504,4.0836306
2013-04-13 06:15:34.393224,9883.633,4.08233
2013-04-13 06:44:59.921875,9889.509,4.081175
2013-04-13 07:14:25.441915,9880.758,4.0815253
2013-04-13 07:43:50.979246,9884.206,4.081303
2013-04-13 08:13:16.507956,9890.36,4.0785685
2013-04-13 08:42:42.028047,9889.203,4.0794015
2013-04-13 09:12:07.565447,9891.794,4.0827436
2013-04-13 09:41:33.094218,9887.094,4.080345
2013-04-13 10:10:58.614370,9882.971,4.0797167
2013-04-13 10:40:24.151811,9890.875,4.079526
2013-04-13 11:09:49.680642,9885.792,4.079294
2013-04-13 11:39:15.218133,9891.342,4.0792365
2013-04-13 12:08:40.738354,9888.732,4.079688
2013-04-13 12:38:06.267246,9889.743,4.0786986
2013-04-13 13:07:31.804788,9888.584,4.0779467
2013-04-13 13:36:57.325070,9883.582,4.078669
2013-04-13 14:06:22.854011,9882.861,4.079286
2013-04-13 14:35:48.391614,9881.935,4.0777516
2013-04-13 15:05:13.911955,9890.409,4.0793333
2013-04-13 15:34:39.449598,9883.199,4.0775714
2013-04-13 16:04:04.978610,9894.609,4.0805583
2013-04-13 16:33:30.507652,9889.859,4.079726
2013-04-13 17:02:56.036705,9886.599,4.0782614
2013-04-13 17:32:21.565788,9886.524,4.0750537
2013-04-13 18:01:47.094880,9889.551,4.080618
2013-04-13 18:31:12.623993,9889.386,4.0811496
2013-04-13 19:00:38.153127,9893.299,4.0788584
2013-04-13 19:30:03.682279,9885.822,4.0789094
2013-04-13 19:59:29.220083,9888.48,4.0792494
2013-04-13 20:28:54.740636,9892.949,4.079707
2013-04-13 20:58:20.269839,9884.753,4.079932
2013-04-13 21:27:45.799073,9880.224,4.079556
2013-04-13 21:57:11.328317,9886.284,4.0796924
2013-04-13 22:26:36.866220,9888.061,4.07794
2013-04-13 22:56:02.386864,9889.338,4.0789003
2013-04-13 23:25:27.916168,9886.827,4.079422
2013-04-13 23:54:53.454132,9883.313,4.0795317
2013-04-14 00:24:18.974836,9883.14,4.077703
2013-04-14 00:53:44.512831,9891.434,4.078428
2013-04-14 01:23:10.042215,9883.032,4.0783687
2013-04-14 01:52:35.562970,9882.418,4.077931
2013-04-14 02:22:01.101024,9884.982,4.07735
2013-04-14 02:51:26.630459,9883.754,4.07978
2013-04-14 03:20:52.151274,9883.068,4.078318
2013-04-14 03:50:17.689389,9881.173,4.077016
2013-04-14 04:19:43.218874,9882.586,4.078312
2013-04-14 05:18:34.277914,9657.391,4.0559897
2013-04-14 05:47:59.807459,9367.53,4.027893
2013-04-14 06:17:25.345665,8998.594,3.9938397
2013-04-14 06:46:50.866611,8604.523,3.9553783
2013-04-14 07:16:16.396216,8222.177,3.9156256
2013-04-14 07:45:41.934482,7963.296,3.887538
2013-04-14 08:15:07.464118,7859.492,3.8787675
2013-04-14 08:44:32.985144,7811.2354,3.8744526
2013-04-14 09:13:58.523461,7786.4077,3.871303
2013-04-14 09:43:24.053156,7791.026,3.872917
2013-04-14 10:12:49.582873,7830.735,3.875652
2013-04-14 10:42:15.112610,7903.7783,3.8825283
2013-04-14 11:11:40.642366,8066.389,3.901934
2013-04-14 11:41:06.172133,8416.89,3.9349718
2013-04-14 12:10:31.701930,8809.211,3.974301
2013-04-14 12:39:57.231736,9196.277,4.0167546
2013-04-14 13:09:22.761563,9530.038,4.0443845
2013-04-14 13:38:48.291411,9776.358,4.070105
2013-04-14 14:08:13.829918,9886.522,4.0784016
2013-04-14 14:37:39.351155,9886.738,4.080121
2013-04-14 15:07:04.881063,9887.08,4.0788307
2013-04-14 15:36:30.419620,9882.127,4.080089
2013-04-14 16:05:55.940928,9886.714,4.0772543
2013-04-14 16:35:21.470886,9884.38,4.078626
2013-04-14 17:04:47.009503,9882.4,4.0777135
2013-04-14 17:34:12.530851,9888.119,4.080108
2013-04-14 18:03:38.060870,9884.819,4.079335
2013-04-14 18:33:03.599537,9880.817,4.0784354
2013-04-14 19:02:29.120956,9900.102,4.078347
2013-04-14 19:31:54.659665,9884.236,4.0802965
2013-04-14 20:01:20.189753,9880.928,4.0801187
2013-04-14 20:30:45.711211,9882.808,4.076538
2013-04-14 21:00:11.249980,9880.002,4.0769596
2013-04-14 21:29:36.780129,9882.256,4.079161
2013-04-14 21:59:02.310288,9883.764,4.0784874
2013-04-14 22:28:27.840467,9891.658,4.08026
2013-04-14 22:57:53.370666,9878.946,4.079331
2013-04-14 23:27:18.909526,9880.699,4.0788145
2013-04-14 23:56:44.439765,9875.602,4.076243
2013-04-15 00:26:09.961374,9885.409,4.078562
2013-04-15 00:55:35.500294,9879.777,4.079941
2013-04-15 01:25:01.030583,9877.039,4.078774
2013-04-15 01:54:26.552253,9882.379,4.077732
2013-04-15 02:23:52.091223,9883.75,4.078801
2013-04-15 02:53:17.621564,9888.277,4.0782547
2013-04-15 03:22:43.143293,9889.639,4.079728
2013-04-15 03:52:08.682314,9882.264,4.0782065
2013-04-15 04:21:34.204074,9889.662,4.0772524
2013-04-15 04:50:59.743134,9885.018,4.0798774
2013-04-15 05:20:25.273575,9888.444,4.0782
2013-04-15 05:49:50.795396,9881.09,4.080065
2013-04-15 06:19:16.334506,9880.503,4.078234
2013-04-15 06:48:41.864997,9883.198,4.079652
2013-04-15 07:18:07.386869,9883.136,4.0795956
2013-04-15 07:47:32.926039,9885.919,4.0805
2013-04-15 08:16:58.456591,9883.906,4.0789075
2013-04-15 08:46:23.995792,9888.647,4.078176
2013-04-15 09:15:49.517743,9880.967,4.078685
2013-04-15 09:45:15.048345,9881.196,4.07884
2013-04-15 10:14:40.587606,9883.634,4.0799685
2013-04-15 10:44:06.109608,9881.471,4.0789986
2013-04-15 11:13:31.640260,9879.777,4.0783005
2013-04-15 11:42:57.179582,9885.459,4.079447
2013-04-15 12:12:22.701634,9876.718,4.078444
2013-04-15 12:41:48.232346,9879.576,4.0783086
2013-04-15 13:11:13.771718,9886.634,4.07901
2013-04-15 13:40:39.302471,9887.124,4.0807786
2013-04-15 14:10:04.833233,9887.314,4.079981
2013-04-15 14:39:30.364025,9881.602,4.077812
2013-04-15 15:08:55.894828,9892.695,4.0806108
2013-04-15 15:38:21.425651,9886.6875,4.079682
2013-04-15 16:07:46.956484,9889.178,4.08006
2013-04-15 16:37:12.487347,9884.211,4.0811067
2013-04-15 17:06:38.026860,9874.491,4.0794086
2013-04-15 17:36:03.549113,9884.85,4.079915
2013-04-15 18:05:29.088666,9887.753,4.080514
2013-04-15 18:34:54.619600,9881.168,4.079344
2013-04-15 19:04:20.141913,9886.777,4.0803356
2013-04-15 19:33:45.681517,9876.366,4.080103
2013-04-15 20:03:11.203861,9889.447,4.079642
2013-04-15 20:32:36.734864,9879.734,4.0803127
2013-04-15 21:02:02.274529,9885.076,4.0794325
2013-04-15 21:31:27.796923,9885.21,4.079953
2013-04-15 22:00:53.327986,9887.704,4.0803328
2013-04-15 22:30:18.867701,9879.986,4.0801306
2013-04-15 22:59:44.390155,9880.122,4.080663
2013-04-15 23:29:09.929899,9881.507,4.080343
2013-04-15 23:58:35.461034,9874.679,4.0803103
2013-04-16 00:28:00.983539,9878.917,4.080678
2013-04-16 00:57:26.523343,9885.616,4.080175
2013-04-16 01:26:52.054529,9876.755,4.079964
2013-04-16 01:56:17.585734,9884.305,4.0795393
2013-04-16 02:25:43.116948,9876.136,4.078997
2013-04-16 02:55:08.648184,9882.917,4.0801888
2013-04-16 03:24:34.188079,9885.375,4.0803695
2013-04-16 03:53:59.710714,9885.957,4.080969
2013-04-16 04:23:25.242010,9881.04,4.081252
2013-04-16 04:52:50.781956,9881.287,4.079822
2013-04-16 05:22:16.313281,9878.469,4.080126
2013-04-16 05:51:41.835987,9875.88,4.079688
2013-04-16 06:21:07.375993,9879.714,4.0807123
2013-04-16 06:50:32.907379,9884.21,4.0809464
2013-04-16 07:19:58.438775,9875.16,4.079972
2013-04-16 07:49:23.970192,9877.312,4.0806503
2013-04-16 08:18:49.501627,9876.446,4.0794606
2013-04-16 08:48:15.041714,9879.529,4.080276
2013-04-16 09:17:40.564550,9871.935,4.0795608
2013-04-16 09:47:06.096037,9884.166,4.0807633
2013-04-16 10:16:31.636184,9877.336,4.080522
2013-04-16 10:45:57.159060,9876.36,4.079745
2013-04-16 11:15:22.690608,9880.602,4.081249
2013-04-16 11:44:48.222165,9886.155,4.0802917
2013-04-16 12:14:13.753742,9872.302,4.0803204
2013-04-16 12:43:39.293979,9875.945,4.0802703
2013-04-16 13:13:04.816957,9879.867,4.080005
2013-04-16 13:42:30.348584,9873.961,4.0808544
2013-04-16 14:11:55.888871,9883.52,4.0798635
2013-04-16 14:41:21.411899,9887.68,4.0796986
2013-04-16 15:10:46.943582,9884.654,4.0806456
2013-04-16 15:40:12.483925,9887.108,4.0815053
2013-04-16 16:09:38.007003,9880.865,4.0803022
2013-04-16 16:39:03.547381,9882.519,4.0816073
2013-04-16 17:08:29.079134,9886.283,4.08065
2013-04-16 17:37:54.602267,9890.5,4.082038
2013-04-16 18:07:20.142695,9947.445,4.1074324
2013-04-16 18:36:45.674504,9879.71,4.0811634
2013-04-16 19:06:11.206333,9883.559,4.081256
2013-04-16 19:35:36.738176,9880.679,4.0796995
2013-04-16 20:05:02.270035,9882.438,4.079522
2013-04-16 20:34:27.801914,9877.901,4.0800757
2013-04-16 21:03:53.342448,9879.98,4.078709
2013-04-16 21:33:18.865727,9878.293,4.080029
2013-04-16 22:02:44.406297,9890.825,4.0820365
2013-04-16 22:32:09.938245,9874.602,4.0796137
2013-04-16 23:01:35.461570,9880.868,4.0805807
2013-04-16 23:31:01.002194,9886.886,4.0815315
2013-04-17 00:00:26.534199,9883.156,4.079854
2013-04-17 00:29:52.057579,9875.569,4.0800705
2013-04-17 00:59:17.598254,9885.166,4.0810575
2013-04-17 01:28:43.130308,9882.15,4.0817037
2013-04-17 01:58:08.662384,9877.171,4.080057
2013-04-17 02:27:34.194473,9873.987,4.0807996
2013-04-17 02:56:59.717939,9881.265,4.08208
2013-04-17 03:26:25.258704,9881.9,4.0814834
2013-04-17 03:55:50.790845,9875.747,4.080076
2013-04-17 04:54:41.855186,9880.503,4.0807805
2013-04-17 05:24:07.387381,9876.673,4.081263
2013-04-17 05:53:32.919592,9878.355,4.079994
2013-04-17 06:22:58.451823,9881.617,4.081303
2013-04-17 06:52:23.984070,9878.287,4.0810986
2013-04-17 07:21:49.524975,9880.777,4.080097
2013-04-17 07:51:15.048617,9887.978,4.0820265
2013-04-17 08:20:40.580918,9889.7,4.081318
2013-04-17 08:50:06.121874,9875.723,4.0811014
2013-04-17 09:19:31.654206,9879.763,4.0813236
2013-04-17 09:48:57.177923,9877.173,4.080626
2013-04-17 10:18:22.718929,9881.874,4.081371
2013-04-17 10:47:48.251316,9878.049,4.079694
2013-04-17 11:17:13.783723,9876.093,4.080359
2013-04-17 11:46:39.316145,9879.831,4.0788226
2013-04-17 12:16:04.848582,9887.025,4.0812187
2013-04-17 12:45:30.381039,9880.837,4.080619
2013-04-17 13:14:55.913512,9876.06,4.07988
2013-04-17 13:44:21.446005,9877.67,4.080901
2013-04-17 14:13:46.987152,9880.413,4.081547
2013-04-17 14:43:12.511034,9886.769,4.0822344
2013-04-17 15:12:38.052223,9881.428,4.0808353
2013-04-17 15:42:03.584780,9877.127,4.079036
2013-04-17 16:11:29.108718,9881.97,4.079585
2013-04-17 16:40:54.649951,9881.672,4.079345
2013-04-17 17:10:20.182564,9879.771,4.0810905
2013-04-17 17:39:45.706552,9886.23,4.080448
2013-04-17 18:09:11.247841,9882.116,4.08082
2013-04-17 18:38:36.771864,9868.098,4.0790615
2013-04-17 19:08:02.304548,9874.4,4.0797644
2013-04-17 19:37:27.845887,9881.842,4.0811586
2013-04-17 20:06:53.369960,9878.887,4.0812387
2013-04-17 20:36:18.911334,9889.531,4.0817194
2013-04-17 21:05:44.444083,9880.494,4.0795093
2013-04-17 21:35:09.968212,9876.121,4.0807753
2013-04-17 22:04:35.509636,9875.684,4.0799637
2013-04-17 22:34:01.042441,9885.52,4.080407
2013-04-17 23:03:26.575260,9883.86,4.0812864
2013-04-17 23:32:52.108094,9873.383,4.0803576
2013-04-18 00:02:17.640949,9878.366,4.0794687
2013-04-18 00:31:43.182458,9878.053,4.080529
2013-04-18 01:01:08.706703,9875.125,4.0794063
2013-04-18 01:30:34.239608,9877.895,4.0794826
2013-04-18 01:59:59.781173,9877.6455,4.080911
2013-04-18 02:29:25.314113,9880.43,4.0802574
2013-04-18 02:58:50.838428,9881.939,4.079076
2013-04-18 03:28:16.380038,9868.316,4.08007
2013-04-18 03:57:41.913029,9875.153,4.0795636
2013-04-18 04:27:07.437399,9878.8545,4.07937
2013-04-18 04:56:32.979060,9878.8125,4.0809035
2013-04-18 05:25:58.512105,9879.841,4.078515
2013-04-18 05:55:24.053801,9877.16,4.079704
2013-04-18 06:24:49.578237,9881.507,4.078999
2013-04-18 06:54:15.111328,9876.161,4.077465
2013-04-18 07:23:40.653079,9880.364,4.079888
2013-04-18 07:53:06.177565,9878.926,4.0798078
2013-04-18 08:22:31.710711,9876.101,4.07892
2013-04-18 08:51:57.252512,9878.144,4.0799994
2013-04-18 09:21:22.777049,9879.827,4.076463
2013-04-18 09:50:48.318886,9870.841,4.078637
2013-04-18 10:20:13.843452,9875.521,4.077805
2013-04-18 10:49:39.376684,9874.507,4.0777617
2013-04-18 11:19:04.918571,9877.404,4.076624
2013-04-18 11:48:30.443193,9877.283,4.0800443
2013-04-18 12:17:55.976469,9873.635,4.0792646
2013-04-18 12:47:21.518407,9885.76,4.0798335
2013-04-18 13:16:47.043078,9874.243,4.077022
2013-04-18 13:46:12.576411,9874.2705,4.0770955
2013-04-18 14:15:38.118399,9880.182,4.079274
2013-04-18 14:45:03.651761,9880.957,4.0781713
2013-04-18 15:14:29.185144,9872.838,4.0755916
2013-04-18 15:43:54.718541,9882.26,4.080089
2013-04-18 16:13:20.251954,9873.247,4.076355
2013-04-18 16:42:45.785387,9874.278,4.0781074
2013-04-18 17:12:11.318835,9875.139,4.0790033
2013-04-18 17:41:36.852298,9879.287,4.0782037
2013-04-18 18:11:02.394421,9881.495,4.0789576
2013-04-18 18:40:27.919280,9880.24,4.0772815
2013-04-18 19:09:53.461438,9879.835,4.0765615
2013-04-18 19:39:18.994971,9882.538,4.0780144
2013-04-18 20:08:44.519880,9879.424,4.077107
2013-04-18 20:38:10.062083,9871.468,4.0766006
2013-04-18 21:07:35.595667,9877.348,4.0780444
2013-04-18 21:37:01.120626,9871.021,4.0738597
2013-04-18 22:06:26.662885,9881.805,4.0794535
2013-04-18 22:35:52.196514,9872.943,4.0780873
2013-04-18 23:05:17.721524,9875.572,4.078873
2013-04-18 23:34:43.263832,9877.229,4.0781894
2013-04-19 00:04:08.797517,9867.175,4.0777206
2013-04-19 00:33:34.339856,9874.94,4.0768595
2013-04-19 01:02:59.864931,9873.601,4.080218
2013-04-19 01:32:25.390026,9882.0625,4.0789156
2013-04-19 02:01:50.932416,9876.432,4.0776663
2013-04-19 02:31:16.466180,9886.343,4.079735
2013-04-19 03:00:41.999965,9882.817,4.0792117
2013-04-19 03:30:07.533765,9874.224,4.078186
2013-04-19 03:59:33.067580,9876.322,4.0781727
2013-04-19 04:28:58.610056,9876.803,4.0788903
2013-04-19 04:58:24.135266,9873.363,4.0782437
2013-04-19 05:27:49.669131,9880.965,4.077556
2013-04-19 05:57:15.211657,9876.419,4.078499
2013-04-19 06:26:40.745552,9877.777,4.078929
2013-04-19 06:56:06.270833,9876.947,4.078567
2013-04-19 07:25:31.813404,9869.456,4.0760856
2013-04-19 07:54:57.347354,9868.39,4.077399
2013-04-19 08:24:22.881321,9875.988,4.0772862
2013-04-19 08:53:48.415302,9874.783,4.0778227
2013-04-19 09:23:13.949303,9866.443,4.0740657
2013-04-19 09:52:39.491959,9867.549,4.076323
2013-04-19 10:22:05.017351,9877.374,4.0775733
2013-04-19 10:51:30.551397,9874.461,4.076299
2013-04-19 11:20:56.094104,9875.677,4.076698
2013-04-19 11:50:21.619545,9880.957,4.07931
2013-04-19 12:19:47.153647,9880.729,4.0762835
2013-04-19 12:49:12.696399,9878.035,4.077472
2013-04-19 13:18:38.221891,9876.621,4.078104
2013-04-19 13:48:03.764678,9870.939,4.0769606
2013-04-19 14:17:29.298845,9873.235,4.075218
2013-04-19 14:46:54.824382,9876.62,4.0771627
2013-04-19 15:16:20.367219,9871.849,4.077461
2013-04-19 15:45:45.901437,9877.813,4.0763836
2013-04-19 16:15:11.427025,9870.629,4.077167
2013-04-19 16:44:36.969912,9880.599,4.0774245
2013-04-19 17:14:02.495535,9872.434,4.0770154
2013-04-19 17:43:28.038453,9869.484,4.0754166
2013-04-19 18:12:53.572750,9877.792,4.076455
2013-04-19 18:42:19.098419,9870.772,4.078892
2013-04-19 19:11:44.641392,9866.446,4.0742803
2013-04-19 19:41:10.175735,9877.0205,4.0783997
2013-04-19 20:10:35.710098,9872.322,4.077682
2013-04-19 20:40:01.244472,9868.503,4.074306
2013-04-19 21:09:26.778865,9877.63,4.0766306
2013-04-19 21:38:52.313279,9872.226,4.078581
2013-04-19 22:08:17.847702,9871.428,4.0737014
2013-04-19 22:37:43.382146,9879.323,4.075948
2013-04-19 23:07:08.925245,9877.023,4.07745
2013-04-19 23:36:34.459723,9876.274,4.0758934
2013-04-20 00:05:59.985573,9870.252,4.0760837
2013-04-20 00:35:25.528722,9871.292,4.0754066
2013-04-20 01:04:51.063246,9877.415,4.0767226
2013-04-20 01:34:16.589145,9871.9795,4.0741014
2013-04-20 02:03:42.132345,9873.799,4.0760016
2013-04-20 02:33:07.666914,9871.636,4.0786405
2013-04-20 03:02:33.210144,9879.146,4.077082
2013-04-20 03:31:58.736109,9873.403,4.0763745
2013-04-20 04:30:49.814008,9876.891,4.077803
2013-04-20 05:00:15.340023,9875.05,4.0770135
2013-04-20 05:29:40.874693,9876.772,4.076653
2013-04-20 05:59:06.418018,9872.459,4.076654
2013-04-20 06:28:31.944084,9869.53,4.075081
2013-04-20 06:57:57.478799,9883.724,4.0777884
2013-04-20 07:27:23.022174,9869.158,4.0765133
2013-04-20 07:56:48.548285,9875.171,4.0775623
2013-04-20 08:26:14.091695,9871.356,4.0772963
2013-04-20 08:55:39.617836,9872.996,4.076346
2013-04-20 09:25:05.152637,9873.237,4.0745206
2013-04-20 09:54:30.696093,9876.064,4.0768094
2013-04-20 10:23:56.222284,9877.5,4.0772142
2013-04-20 10:53:21.757130,9872.151,4.0752654
2013-04-20 11:22:47.300636,9871.049,4.0779266
2013-04-20 11:52:12.835513,9875.143,4.078463
2013-04-20 12:21:38.370409,9871.8125,4.074591
2013-04-20 12:51:03.905320,9872.87,4.077044
2013-04-20 13:20:29.440252,9873.176,4.0772076
2013-04-20 13:49:54.975194,9873.741,4.077318
2013-04-20 14:19:20.510155,9871.94,4.0771475
2013-04-20 14:48:46.045132,9869.822,4.0752783
2013-04-20 15:18:11.588765,9879.6,4.078853
2013-04-20 15:47:37.115131,9867.595,4.0771437
2013-04-20 16:17:02.658794,9867.427,4.0756555
2013-04-20 16:46:28.193836,9874.391,4.075997
2013-04-20 17:15:53.720248,9873.612,4.0781827
2013-04-20 17:45:19.263960,9867.333,4.0757637
2013-04-20 18:14:44.799048,9873.897,4.0785003
2013-04-20 18:44:10.325510,9880.869,4.078635
2013-04-20 19:13:35.869273,9867.919,4.0774016
2013-04-20 19:43:01.404406,9873.318,4.079494
2013-04-20 20:12:26.930919,9874.615,4.077882
2013-04-20 20:41:52.474727,9874.17,4.075865
2013-04-20 21:11:18.009910,9878.684,4.079914
2013-04-20 21:40:43.545108,9876.488,4.078765
2013-04-20 22:10:09.080326,9869.043,4.0764656
2013-04-20 22:39:34.615555,9877.22,4.0779476
2013-04-20 23:09:00.150803,9882.166,4.078671
2013-04-20 23:38:25.686066,9872.71,4.0779696
2013-04-21 00:07:51.221345,9873.053,4.077151
2013-04-21 00:37:16.756638,9872.131,4.0788984
2013-04-21 01:06:42.291947,9874.706,4.076373
2013-04-21 01:36:07.835916,9875.057,4.0790334
2013-04-21 02:05:33.362615,9879.681,4.0793447
2013-04-21 02:34:58.897974,9872.807,4.078764
2013-04-21 03:04:24.441989,9871.191,4.079041
2013-04-21 03:33:49.977378,9867.663,4.076642
2013-04-21 04:03:15.504142,9870.823,4.076325
2013-04-21 04:32:41.048201,9871.214,4.0769153
2013-04-21 05:02:06.583636,9866.52,4.076876
2013-04-21 05:31:32.110451,9871.965,4.07908
2013-04-21 06:00:57.654561,9871.392,4.07848
2013-04-21 06:30:23.190040,9869.194,4.0794215
2013-04-21 06:59:48.734180,9874.415,4.077167
2013-04-21 07:29:14.261055,9866.554,4.076146
2013-04-21 07:58:39.796585,9869.824,4.0778766
2013-04-21 08:28:05.340770,9872.832,4.0785346
2013-04-21 08:57:30.867696,9873.958,4.0790415
2013-04-21 09:26:56.403270,9877.679,4.079516
2013-04-21 09:56:21.947506,9865.326,4.0763817
2013-04-21 10:25:47.474471,9873.149,4.07701
2013-04-21 10:55:13.018737,9876.862,4.0799108
2013-04-21 11:24:38.554378,9870.718,4.0781364
2013-04-21 11:54:04.081394,9870.281,4.0777807
2013-04-21 12:23:29.625704,9870.452,4.0780015
2013-04-21 12:52:55.161396,9882.927,4.079588
2013-04-21 13:22:20.688456,9872.574,4.0782146
2013-04-21 13:51:46.232813,9870.63,4.078825
2013-04-21 14:21:11.768549,9870.148,4.078338
2013-04-21 14:50:37.295660,9876.641,4.078945
2013-04-21 15:20:02.840062,9870.077,4.079318
2013-04-21 15:49:28.375843,9882.501,4.081653
2013-04-21 16:18:53.911639,9872.083,4.078302
2013-04-21 16:48:19.447451,9876.335,4.0792627
2013-04-21 17:17:44.983278,9864.255,4.079033
2013-04-21 17:47:10.519120,9868.13,4.0785613
2013-04-21 18:16:36.054977,9870.404,4.0788407
2013-04-21 18:46:01.590854,9876.876,4.0796013
2013-04-21 19:15:27.126741,9863.46,4.078062
2013-04-21 19:44:52.662648,9866.956,4.078329
2013-04-21 20:14:18.207206,9878.736,4.0801673
2013-04-21 20:43:43.743143,9861.097,4.0766354
2013-04-21 21:13:09.270451,9873.216,4.0787516
2013-04-21 21:42:34.815058,9875.685,4.078078
2013-04-21 22:12:00.351041,9871.331,4.078573
2013-04-21 22:41:25.878399,9875.33,4.0796375
2013-04-21 23:10:51.423052,9879.792,4.07835
2013-04-21 23:40:16.959079,9877.668,4.079212
2013-04-22 00:09:42.486482,9877.855,4.080304
2013-04-22 00:39:08.031180,9874.767,4.079276
2013-04-22 01:08:33.567254,9867.818,4.0787644
2013-04-22 01:37:59.111987,9873.399,4.0800047
2013-04-22 02:07:24.639451,9868.719,4.0785084
2013-04-22 02:36:50.175569,9875.504,4.079835
2013-04-22 03:06:15.720348,9869.328,4.0790477
2013-04-22 03:35:41.247856,9867.954,4.0789924
2013-04-22 04:05:06.784025,9870.015,4.0797725
2013-04-22 04:34:32.328844,9868.854,4.0784283
2013-04-22 05:03:57.856403,9861.818,4.076918
2013-04-22 05:33:23.401251,9868.193,4.0784564
2013-04-22 06:02:48.937481,9867.512,4.079535
2013-04-22 06:32:14.465084,9867.988,4.079317
2013-04-22 07:01:40.009984,9868.787,4.0796976
2013-04-22 07:31:05.546254,9877.411,4.078709
2013-04-22 08:00:31.073903,9869.577,4.0793853
2013-04-22 08:29:56.618847,9872.299,4.0784874
2013-04-22 08:59:22.155167,9868.809,4.0797124
2013-04-22 09:28:47.682861,9870.302,4.0798683
2013-04-22 09:58:13.227851,9881.254,4.0806084
2013-04-22 10:27:38.764217,9868.971,4.0778008
2013-04-22 10:57:04.309236,9873.968,4.0784435
2013-04-22 11:26:29.836991,9877.09,4.077582
2013-04-22 11:55:55.373402,9873.083,4.079726
2013-04-22 12:25:20.918467,9875.896,4.078195
2013-04-22 12:54:46.446267,9870.028,4.0779953
2013-04-22 13:24:11.982723,9868.498,4.0792975
2013-04-22 13:53:37.527833,9872.339,4.0789447
2013-04-22 14:23:03.055679,9871.313,4.077725
2013-04-22 14:52:28.600820,9873.152,4.0796
2013-04-22 15:21:54.137335,9870.635,4.0795236
2013-04-22 15:51:19.665226,9878.295,4.078827
2013-04-22 16:20:45.210412,9868.082,4.078514
2013-04-22 16:50:10.746973,9874.298,4.0786805
2013-04-22 17:19:36.274909,9870.26,4.077642
2013-04-22 17:49:01.820140,9877.851,4.078304
2013-04-22 18:18:27.356746,9869.784,4.076199
2013-04-22 18:47:52.893368,9865.987,4.077879
2013-04-22 19:17:18.430005,9866.854,4.0776525
2013-04-22 19:46:43.966656,9878.83,4.077529
2013-04-22 20:16:09.503323,9869.915,4.076486
2013-04-22 20:45:35.040005,9863.452,4.0767
2013-04-22 21:15:00.576701,9866.698,4.0776396
2013-04-22 21:44:26.113413,9871.375,4.07683
2013-04-22 22:13:51.650140,9869.4795,4.0773587
2013-04-22 22:43:17.186882,9871.416,4.0783606
2013-04-22 23:12:42.723639,9873.448,4.0783815
2013-04-22 23:42:08.260412,9872.589,4.0766726
2013-04-23 00:11:33.805839,9874.629,4.077026
2013-04-23 00:40:59.342641,9869.153,4.0761642
2013-04-23 01:10:24.870814,9876.892,4.0771613
2013-04-23 01:39:50.416286,9870.83,4.077458
2013-04-23 02:09:15.953134,9863.941,4.077694
2013-04-23 02:38:41.481357,9866.232,4.076942
2013-04-23 03:08:07.026869,9863.081,4.0775003
2013-04-23 04:06:58.092026,9870.105,4.0768156
2013-04-23 04:36:23.637589,9867.888,4.078471
2013-04-23 05:05:49.174522,9866.991,4.078088
2013-04-23 05:35:14.720115,9861.484,4.0771337
2013-04-23 06:04:40.248438,9864.6,4.0768037
2013-04-23 06:34:05.785417,9869.839,4.078311
2013-04-23 07:03:31.331055,9866.491,4.077971
2013-04-23 07:32:56.859424,9871.593,4.077801
2013-04-23 08:02:22.396448,9870.001,4.0788918
2013-04-23 08:31:47.942126,9868.967,4.079657
2013-04-23 09:01:13.470540,9871.676,4.0793066
2013-04-23 09:30:39.016250,9867.209,4.0800667
2013-04-23 10:00:04.553333,9870.299,4.0790544
2013-04-23 10:29:30.081793,9865.623,4.079001
2013-04-23 10:58:55.627542,9871.025,4.079884
2013-04-23 11:28:21.164671,9866.668,4.0793242
2013-04-23 11:57:46.701816,9868.536,4.0769033
2013-04-23 12:27:12.238970,9871.349,4.0777693
2013-04-23 12:56:37.776139,9866.315,4.0783505
2013-04-23 13:26:03.304689,9871.75,4.077915
2013-04-23 13:55:28.850529,9871.226,4.0787187
2013-04-23 14:24:54.387744,9865.417,4.077477
2013-04-23 14:54:19.924979,9865.292,4.077607
2013-04-23 15:23:45.462224,9866.163,4.077893
2013-04-23 15:53:10.999479,9862.431,4.076412
2013-04-23 16:22:36.545399,9870.597,4.0774508
2013-04-23 16:52:02.074044,9870.571,4.07753
2013-04-23 17:21:27.611349,9862.73,4.077722
2013-04-23 17:50:53.157310,9860.785,4.0766263
2013-04-23 18:20:18.686001,9867.197,4.076937
2013-04-23 18:49:44.231986,9873.116,4.07613
2013-04-23 19:19:09.769352,9866.346,4.0773544
2013-04-23 19:48:35.298088,9866.617,4.0764647
2013-04-23 20:18:00.844118,9868.855,4.075464
2013-04-23 20:47:26.381524,9865.333,4.075597
2013-04-23 21:16:51.910305,9872.317,4.075165
2013-04-23 21:46:17.456381,9866.366,4.0770855
2013-04-23 22:15:42.993828,9859.563,4.0745144
2013-04-23 22:45:08.522654,9865.868,4.076221
2013-04-23 23:14:34.068770,9867.882,4.076114
2013-04-23 23:43:59.606262,9869.862,4.0769877
2013-04-24 00:13:25.152413,9860.924,4.075718
2013-04-24 00:42:50.681294,9873.44,4.0737576
2013-04-24 01:12:16.218831,9873.055,4.0759306
2013-04-24 01:41:41.765023,9866.133,4.0751295
2013-04-24 02:11:07.293945,9867.545,4.074604
2013-04-24 02:40:32.831527,9869.695,4.0775547
2013-04-24 03:09:58.377759,9864.932,4.07453
2013-04-24 03:39:23.915371,9866.51,4.0755477
2013-04-24 04:08:49.452993,9868.986,4.077173
2013-04-24 04:38:14.990630,9867.526,4.0750103
2013-04-24 05:07:40.519643,9863.433,4.075323
2013-04-24 05:37:06.065950,9868.276,4.0759187
2013-04-24 06:06:31.603628,9863.407,4.077129
2013-04-24 06:35:57.132685,9868.096,4.0757866
2013-04-24 07:05:22.679033,9877.345,4.078204
2013-04-24 07:34:48.216755,9870.0625,4.0764647
2013-04-24 08:04:13.745853,9873.048,4.0768623
2013-04-24 08:33:39.292247,9865.529,4.0734854
2013-04-24 09:03:04.830014,9864.858,4.076719
2013-04-24 09:32:30.376438,9868.416,4.0774465
2013-04-24 10:01:55.905591,9868.025,4.076956
2013-04-24 10:31:21.443399,9861.58,4.07594
2013-04-24 11:00:46.989867,9864.82,4.0739064
2013-04-24 11:30:12.519061,9871.974,4.0757475
2013-04-24 11:59:38.056914,9862.104,4.0753555
2013-04-24 12:29:03.603423,9861.55,4.0743923
2013-04-24 12:58:29.132662,9863.049,4.075869
2013-04-24 13:27:54.679200,9870.503,4.0732837
2013-04-24 13:57:20.217109,9875.021,4.075799
2013-04-24 14:26:45.746393,9868.132,4.074205
2013-04-24 14:56:11.292972,9865.45,4.0758095
2013-04-24 15:25:36.830921,9867.09,4.0739717
2013-04-24 15:55:02.368891,9866.585,4.074807
2013-04-24 16:24:27.906869,9863.935,4.075339
2013-04-24 16:53:53.444864,9869.153,4.074935
2013-04-24 17:23:18.982874,9875.118,4.0756617
2013-04-24 17:52:44.520898,9861.609,4.072525
2013-04-24 18:22:10.058932,9867.668,4.0757565
2013-04-24 18:51:35.596987,9872.141,4.075808
2013-04-24 19:21:01.143692,9866.196,4.0737395
2013-04-24 19:50:26.673132,9866.444,4.075618
2013-04-24 20:19:52.211227,9863.113,4.0730176
2013-04-24 20:49:17.749331,9866.249,4.0762706
2013-04-24 21:18:43.287452,9864.605,4.07462
2013-04-24 21:48:08.834231,9872.653,4.0758524
2013-04-24 22:17:34.363742,9862.842,4.074407
2013-04-24 22:46:59.910542,9872.163,4.074167
2013-04-24 23:16:25.448723,9865.788,4.076907
2013-04-24 23:45:50.978273,9866.858,4.0755897
2013-04-25 00:15:16.525119,9870.812,4.073932
2013-04-25 00:44:42.063339,9865.399,4.077017
2013-04-25 01:14:07.592935,9864.301,4.0734844
2013-04-25 01:43:33.139826,9866.902,4.0768313
2013-04-25 02:12:58.678087,9862.711,4.0737357
2013-04-25 02:42:24.225003,9868.074,4.074182
2013-04-25 03:11:49.754654,9867.837,4.0716395
2013-04-25 03:41:15.292960,9870.859,4.074413
2013-04-25 04:10:40.839916,9865.399,4.0750093
2013-04-25 04:40:06.369608,9859.673,4.0762033
2013-04-25 05:09:31.907954,9870.924,4.0756583
2013-04-25 05:38:57.454955,9866.153,4.0725417
2013-04-25 06:08:22.984687,9863.9795,4.072148
2013-04-25 06:37:48.523078,9867.829,4.0752816
2013-04-25 07:07:14.070120,9861.159,4.0736055
2013-04-25 07:36:39.608532,9867.46,4.0740447
2013-04-25 08:06:05.146964,9872.633,4.07156
2013-04-25 08:35:30.685406,9862.327,4.075733
2013-04-25 09:04:56.223863,9864.555,4.0739822
2013-04-25 09:34:21.762335,9869.4,4.075131
2013-04-25 10:03:47.300822,9869.503,4.075751
2013-04-25 10:33:12.839319,9872.326,4.0756607
2013-04-25 11:02:38.377831,9862.692,4.074933
2013-04-25 11:32:03.916359,9866.862,4.074785
2013-04-25 12:01:29.454902,9868.103,4.0754595
2013-04-25 12:30:54.993454,9860.468,4.075379
2013-04-25 13:00:20.532022,9861.735,4.074438
2013-04-25 13:29:46.079245,9865.277,4.0746226
2013-04-25 13:59:11.609202,9860.954,4.0726223
2013-04-25 14:28:37.147810,9864.794,4.0741873
2013-04-25 14:58:02.695073,9872.415,4.075075
2013-04-25 15:27:28.225071,9864.727,4.076007
2013-04-25 15:56:53.763719,9861.205,4.07685
2013-04-25 16:26:19.311028,9869.381,4.07572
2013-04-25 16:55:44.841061,9863.696,4.0728774
2013-04-25 17:25:10.388394,9865.402,4.073173
2013-04-25 17:54:35.927103,9864.412,4.0735636
2013-04-25 18:24:01.457181,9869.574,4.0755835
2013-04-25 18:53:27.004555,9869.984,4.0746903
2013-04-25 19:22:52.543299,9868.731,4.0751114
2013-04-25 19:52:18.073417,9870.573,4.0748267
2013-04-25 20:21:43.620836,9860.634,4.0726743
2013-04-25 20:51:09.159620,9866.312,4.073446
2013-04-25 21:20:34.707064,9866.729,4.0736694
2013-04-25 21:50:00.237238,9864.09,4.074702
2013-04-25 22:19:25.776063,9866.238,4.074635
2013-04-25 22:48:51.323546,9866.961,4.0739384
2013-04-25 23:18:16.862401,9869.574,4.074614
2013-04-25 23:47:42.392630,9863.512,4.0747766
2013-04-26 00:17:07.940155,9864.637,4.073513
2013-04-26 00:46:33.479049,9865.85,4.075981
2013-04-26 01:15:59.009319,9859.07,4.07527
2013-04-26 01:45:24.556884,9863.963,4.0760083
2013-04-26 02:14:50.095824,9860.37,4.075181
2013-04-26 02:44:15.634773,9865.172,4.075885
2013-04-26 03:43:06.704073,9870.192,4.077121
2013-04-26 04:12:32.251709,9864.306,4.074956
2013-04-26 04:41:57.790708,9863.905,4.075663
2013-04-26 05:11:23.321089,9873.9,4.074265
2013-04-26 05:40:48.868759,9856.437,4.075802
2013-04-26 06:10:14.407805,9863.584,4.0754204
2013-04-26 06:39:39.955505,9872.975,4.077331
2013-04-26 07:09:05.485936,9868.375,4.0766125
2013-04-26 07:38:31.025021,9868.099,4.077011
2013-04-26 08:07:56.572762,9866.541,4.0774713
2013-04-26 08:37:22.103233,9860.039,4.076545
2013-04-26 09:06:47.642359,9872.169,4.0757747
2013-04-26 09:36:13.190135,9865.031,4.076962
2013-04-26 10:05:38.720651,9864.171,4.0764174
2013-04-26 10:35:04.259817,9868.022,4.076095
2013-04-26 11:04:29.807633,9866.368,4.076312
2013-04-26 11:33:55.338189,9874.913,4.076521
2013-04-26 12:03:20.886036,9874.954,4.076347
2013-04-26 12:32:46.425252,9863.407,4.075505
2013-04-26 13:02:11.964483,9870.127,4.077569
2013-04-26 13:31:37.503730,9865.479,4.076092
2013-04-26 14:01:03.042992,9870.149,4.078475
2013-04-26 14:30:28.582263,9868.205,4.0759277
2013-04-26 14:59:54.121550,9868.012,4.075959
2013-04-26 15:29:19.660848,9868.366,4.076883
2013-04-26 15:58:45.200164,9861.724,4.075729
2013-04-26 16:28:10.748126,9871.011,4.0772905
2013-04-26 16:57:36.278829,9869.548,4.0774474
2013-04-26 17:27:01.826821,9864.522,4.076787
2013-04-26 17:56:27.366183,9865.543,4.075684
2013-04-26 18:25:52.896926,9866.393,4.077316
2013-04-26 18:55:18.444958,9863.252,4.073564
2013-04-26 19:24:43.975720,9861.828,4.0761824
2013-04-26 19:54:09.515138,9869.476,4.077611
2013-04-26 20:23:35.063210,9865.407,4.0768547
2013-04-26 20:53:00.594018,,
2013-04-26 21:22:26.142116,9873.993,4.077781
2013-04-26 21:51:51.681584,9869.74,4.077409
2013-04-26 22:21:17.212427,9864.058,4.076138
2013-04-26 22:50:42.760570,9862.872,4.0768867
2013-04-26 23:20:08.300078,9871.556,4.077926
2013-04-26 23:49:33.830961,9864.831,4.075161
2013-04-27 00:18:59.379140,9867.8,4.077138
2013-04-27 00:48:24.918688,9874.224,4.077414
2013-04-27 01:17:50.458251,9863.516,4.075366
2013-04-27 01:47:15.997829,9867.317,4.0780625
2013-04-27 02:16:41.537418,9871.043,4.078088
2013-04-27 02:46:07.085662,9870.0,4.0783906
2013-04-27 03:15:32.616636,9870.279,4.0771627
2013-04-27 03:44:58.156264,9865.981,4.0767274
2013-04-27 04:14:23.704549,9863.623,4.076886
2013-04-27 04:43:49.244202,9865.127,4.077016
2013-04-27 05:13:14.775226,9873.028,4.0803
2013-04-27 05:42:40.323551,9874.452,4.078279
2013-04-27 06:12:05.863244,9861.885,4.0762763
2013-04-27 06:41:31.402949,9864.47,4.0773735
2013-04-27 07:10:56.942668,9867.195,4.0767846
2013-04-27 07:40:22.482402,9865.004,4.0769777
2013-04-27 08:09:48.030787,9863.807,4.076704
2013-04-27 08:39:13.561907,9867.94,4.0763645
2013-04-27 09:08:39.101676,9870.514,4.077945
2013-04-27 09:38:04.650101,9865.965,4.077425
2013-04-27 10:07:30.181261,9869.076,4.0769434
2013-04-27 10:36:55.721070,9866.453,4.077343
2013-04-27 11:06:21.260891,9861.597,4.077546
2013-04-27 11:35:46.800731,9867.849,4.0779963
2013-04-27 12:05:12.349220,9863.135,4.077147
2013-04-27 12:34:37.880441,9865.684,4.0777583
2013-04-27 13:04:03.420316,9869.62,4.078012
2013-04-27 13:33:28.968841,9872.028,4.0780187
2013-04-27 14:02:54.500102,9865.518,4.0769033
2013-04-27 14:32:20.040017,9866.578,4.077315
2013-04-27 15:01:45.588582,9872.207,4.0773377
2013-04-27 15:31:11.119883,9863.821,4.0778484
2013-04-27 16:00:36.668474,9862.002,4.0767574
2013-04-27 16:30:02.208440,9863.799,4.0771008
2013-04-27 16:59:27.739775,9865.381,4.0765543
2013-04-27 17:28:53.288407,9856.864,4.07617
2013-04-27 17:58:18.828412,9865.903,4.0773044
2013-04-27 18:27:44.368423,9868.934,4.0776486
2013-04-27 18:57:09.908455,9859.941,4.0762076
2013-04-27 19:26:35.448496,9869.718,4.076928
2013-04-27 19:56:00.988552,9864.918,4.07699
2013-04-27 20:25:26.537259,9866.554,4.0766954
2013-04-27 20:54:52.068695,9863.407,4.0774245
2013-04-27 21:24:17.617431,9864.544,4.076582
2013-04-27 21:53:43.157538,9864.779,4.077035
2013-04-27 22:23:08.689014,9868.682,4.076846
2013-04-27 22:52:34.237781,9867.557,4.0770383
2013-04-27 23:21:59.777928,9871.046,4.0774927
2013-04-27 23:51:25.309445,9866.038,4.0768
2013-04-28 00:20:50.858252,9874.243,4.077419
2013-04-28 00:50:16.398433,9863.066,4.076969
2013-04-28 01:19:41.938626,9867.95,4.076351
2013-04-28 01:49:07.478833,9861.452,4.077064
2013-04-28 02:18:33.010410,9862.261,4.076662
2013-04-28 02:47:58.559282,9861.08,4.0761538
2013-04-28 03:17:24.099525,9861.853,4.07608
2013-04-28 03:46:49.631143,9878.743,4.0788527
2013-04-28 04:16:15.180055,9854.649,4.0754166
2013-04-28 04:45:40.720338,9864.76,4.076387
2013-04-28 05:15:06.260630,9860.774,4.0768743
2013-04-28 05:44:31.800938,9868.61,4.0775733
2013-04-28 06:13:57.341256,9872.246,4.0765066
2013-04-28 06:43:22.890228,9866.224,4.0771165
2013-04-28 07:12:48.421936,9869.938,4.0767665
2013-04-28 07:42:13.962295,9866.993,4.0761003
2013-04-28 08:11:39.511302,9861.868,4.076217
2013-04-28 08:41:05.051686,9861.336,4.07604
2013-04-28 09:10:30.583439,9866.76,4.075375
2013-04-28 09:39:56.132487,9862.89,4.0758233
2013-04-28 10:09:21.672906,9876.055,4.0767417
2013-04-28 10:38:47.213339,9865.331,4.0757957
2013-04-28 11:08:12.753782,9866.414,4.0755024
2013-04-28 11:37:38.294241,9861.252,4.0763025
2013-04-28 12:07:03.834710,9863.033,4.0752826
2013-04-28 12:36:29.375193,9863.396,4.0771446
2013-04-28 13:05:54.915687,9862.394,4.0763655
2013-04-28 13:35:20.464837,9860.461,4.076491
2013-04-28 14:04:45.996713,9854.057,4.075085
2013-04-28 14:34:11.537244,9872.247,4.0764737
2013-04-28 15:03:37.086429,9865.779,4.076425
2013-04-28 15:33:02.618345,9858.685,4.0753236
2013-04-28 16:02:28.167554,9865.39,4.075134
2013-04-28 16:31:53.708137,9855.331,4.0751047
2013-04-28 17:01:19.240090,9866.536,4.075725
2013-04-28 17:30:44.789335,9868.581,4.0757613
2013-04-28 18:00:10.321315,9875.031,4.076013
2013-04-28 18:29:35.861944,9869.801,4.074967
2013-04-28 18:59:01.411226,9862.499,4.0755115
2013-04-28 19:28:26.943241,9861.281,4.073899
2013-04-28 19:57:52.492548,9867.918,4.074996
2013-04-28 20:27:18.033228,9861.779,4.0756125
2013-04-28 20:56:43.565281,9865.475,4.075057
2013-04-28 21:26:09.114626,9865.144,4.075485
2013-04-28 21:55:34.655341,9864.891,4.0761795
2013-04-28 22:25:00.196071,9868.588,4.075536
2013-04-28 22:54:25.736811,9857.1045,4.0736146
2013-04-28 23:23:51.277564,9870.078,4.076978
2013-04-28 23:53:16.818330,9867.983,4.074678
2013-04-29 00:22:42.359107,9870.574,4.075819
2013-04-29 00:52:07.899896,9870.646,4.07477
2013-04-29 01:21:33.449339,9863.309,4.073685
2013-04-29 01:50:58.990152,9867.343,4.075344
2013-04-29 02:20:24.522340,9863.721,4.0744057
2013-04-29 03:19:15.612669,9871.101,4.074059
2013-04-29 03:48:41.144890,9859.855,4.0745363
2013-04-29 04:18:06.694407,9860.794,4.0735035
2013-04-29 04:47:32.235292,9870.056,4.0748434
2013-04-29 05:16:57.767551,9862.303,4.0758734
2013-04-29 05:46:23.317102,9856.785,4.0730333
2013-04-29 06:15:48.858026,9862.605,4.0727744
2013-04-29 06:45:14.407603,9860.647,4.073704
2013-04-29 07:14:39.939909,9863.828,4.071884
2013-04-29 07:44:05.480868,9863.04,4.07189
2013-04-29 08:13:31.030480,9863.283,4.0736203
2013-04-29 08:42:56.562823,9858.271,4.0708985
2013-04-29 09:12:22.103818,9861.109,4.0728035
2013-04-29 09:41:47.644827,9860.376,4.072636
2013-04-29 10:11:13.185847,9862.744,4.0728917
2013-04-29 10:40:38.735518,9864.048,4.072605
2013-04-29 11:10:04.267921,9863.339,4.072885
2013-04-29 11:39:29.808975,9867.88,4.071268
2013-04-29 12:08:55.358685,9863.991,4.072931
2013-04-29 12:38:20.891125,9868.832,4.072832
2013-04-29 13:07:46.432216,9864.114,4.0716567
2013-04-29 13:37:11.981959,9896.289,4.081311
2013-04-29 14:06:37.523074,9862.041,4.0714555
2013-04-29 14:36:03.055561,9853.488,4.0707173
2013-04-29 15:05:28.605341,9855.529,4.071161
2013-04-29 15:34:54.146492,9868.069,4.0731673
2013-04-29 16:04:19.687654,9860.527,4.0724435
2013-04-29 16:33:45.228830,9866.882,4.0728316
2013-04-29 17:03:10.770018,9860.26,4.0725956
2013-04-29 17:32:36.319855,9869.341,4.0716267
2013-04-29 18:02:01.852426,9867.102,4.073613
2013-04-29 18:31:27.393649,9862.439,4.0720077
2013-04-29 19:00:52.943522,9873.187,4.07217
2013-04-29 19:30:18.476128,9881.663,4.0749664
2013-04-29 19:59:44.026025,9868.4795,4.073022
2013-04-29 20:29:09.567296,9865.129,4.070582
2013-04-29 20:58:35.099937,9864.904,4.07183
2013-04-29 21:28:00.649871,9864.712,4.07126
2013-04-29 21:57:26.191174,9863.447,4.071901
2013-04-29 22:26:51.723853,9864.279,4.0725126
2013-04-29 22:56:17.273821,9867.581,4.0706897
2013-04-29 23:25:42.815160,9876.134,4.0708647
2013-04-29 23:55:08.347874,9864.65,4.0732865
2013-04-30 00:24:33.897878,9863.795,4.0710254
2013-04-30 00:53:59.430612,9870.623,4.0703926
2013-04-30 01:23:24.980641,9862.72,4.0696926
2013-04-30 01:52:50.522040,9867.931,4.070383
2013-04-30 02:22:16.063449,9865.697,4.072528
2013-04-30 02:51:41.604873,9862.458,4.0716267
2013-04-30 03:21:07.146308,9862.507,4.06976
2013-04-30 03:50:32.687752,9861.623,4.070539
2013-04-30 04:19:58.229211,9861.262,4.0711975
2013-04-30 04:49:23.770678,9865.862,4.0715384
2013-04-30 05:18:49.320800,9868.931,4.071585
2013-04-30 05:48:14.862293,9865.337,4.069868
2013-04-30 06:17:40.395155,9861.426,4.071246
2013-04-30 06:47:05.945312,9867.047,4.073058
2013-04-30 07:16:31.486839,9866.355,4.0710187
2013-04-30 07:45:57.019736,9856.924,4.071322
2013-04-30 08:15:22.569929,9868.641,4.071126
2013-04-30 08:44:48.111489,9865.206,4.070065
2013-04-30 09:14:13.644424,9863.325,4.0708065
2013-04-30 09:43:39.194649,9864.349,4.0719323
2013-04-30 10:13:04.736244,9861.043,4.06975
2013-04-30 10:42:30.286494,9861.685,4.07151
2013-04-30 11:11:55.819472,9867.09,4.069908
2013-04-30 11:41:21.361106,9871.619,4.071644
2013-04-30 12:10:46.911386,9865.43,4.07067
2013-04-30 12:40:12.444401,9864.825,4.0703645
2013-04-30 13:09:37.986067,9864.187,4.0702643
2013-04-30 13:39:03.536385,9861.734,4.069756
2013-04-30 14:08:29.069433,9864.6,4.072847
2013-04-30 14:37:54.611134,9862.448,4.071067
2013-04-30 15:07:20.161485,9868.617,4.0728483
2013-04-30 15:36:45.694566,9864.889,4.0703154
2013-04-30 16:06:11.244942,9864.287,4.0708747
2013-04-30 16:35:36.778048,9861.336,4.0706463
2013-04-30 17:05:02.319804,9870.266,4.070675
2013-04-30 17:34:27.870216,9863.146,4.069061
2013-04-30 18:03:53.403354,9870.645,4.070361
2013-04-30 18:33:18.945145,9862.818,4.069535
2013-04-30 19:02:44.495590,9864.777,4.067819
2013-04-30 19:32:10.037403,9863.228,4.070149
2013-04-30 20:01:35.579227,9865.359,4.0712085
2013-04-30 20:31:01.121064,9866.205,4.071601
2013-04-30 21:00:26.662913,9858.511,4.0718427
2013-04-30 21:29:52.204772,9864.388,4.071203
2013-04-30 21:59:17.746644,9864.277,4.070419
2013-04-30 22:28:43.288526,9865.479,4.069481
2013-04-30 22:58:08.839061,9865.947,4.071074
2013-04-30 23:27:34.372325,9864.365,4.068487
2013-04-30 23:56:59.914242,9858.376,4.0706997
2013-05-01 00:26:25.464809,9865.893,4.0713835
2013-05-01 00:55:50.998107,9864.154,4.070644
2013-05-01 01:25:16.548698,9860.087,4.071295
2013-05-01 01:54:42.090659,9864.835,4.0707192
2013-05-01 02:24:07.623991,9866.589,4.0711703
2013-05-01 02:53:33.174616,9841.067,4.07133
2013-05-01 03:22:58.716608,9858.4375,4.0679617
2013-05-01 03:52:24.249976,9867.485,4.0703855
2013-05-01 04:21:49.800633,9859.574,4.0698757
2013-05-01 04:51:15.342661,9868.651,4.0696554
2013-05-01 05:20:40.893341,9843.742,4.0703955
2013-05-01 05:50:06.426752,9866.153,4.0693426
2013-05-01 06:19:31.968815,9857.688,4.06826
2013-05-01 06:48:57.519527,9867.93,4.0698185
2013-05-01 07:18:23.052971,9863.273,4.0687823
2013-05-01 07:47:48.595066,9861.017,4.0712166
2013-05-01 08:17:14.137172,9836.082,4.071021
2013-05-01 08:46:39.679290,9857.432,4.069658
2013-05-01 09:16:05.221419,9871.009,4.072004
2013-05-01 09:45:30.763556,9865.855,4.069731
2013-05-01 10:14:56.305710,9860.727,4.071305
2013-05-01 10:44:21.856511,9866.307,4.0708466
2013-05-01 11:13:47.398685,9860.62,4.06956
2013-05-01 11:43:12.932228,9858.468,4.0709486
2013-05-01 12:12:38.483065,9867.73,4.071287
2013-05-01 12:42:04.025268,9868.048,4.0714374
2013-05-01 13:11:29.558847,9858.009,4.0714035
2013-05-01 13:40:55.109716,9862.322,4.070643
2013-05-01 14:10:20.651955,9868.171,4.070188
2013-05-01 14:39:46.202844,9865.468,4.0686183
2013-05-01 15:09:11.736466,9869.69,4.071903
2013-05-01 15:38:37.278737,9858.981,4.07048
2013-05-01 16:08:02.829661,9864.207,4.072175
2013-05-01 16:37:28.363316,9854.18,4.071921
2013-05-01 17:06:53.905620,9866.277,4.0699577
2013-05-01 17:36:19.456577,9856.179,4.0705104
2013-05-01 18:05:44.990264,9863.214,4.0704465
2013-05-01 18:35:10.532600,9863.694,4.070352
2013-05-01 19:04:36.083590,9865.619,4.0719795
2013-05-01 19:34:01.617307,9859.302,4.0676813
2013-05-01 20:03:27.168319,9860.113,4.0703154
2013-05-01 20:32:52.710702,9866.343,4.0710015
2013-05-01 21:02:18.253094,9864.698,4.069674
2013-05-01 21:31:43.795496,9863.144,4.071757
2013-05-01 22:01:09.337911,9867.896,4.0717416
2013-05-01 22:30:34.880337,9860.458,4.0700192
2013-05-01 23:00:00.422771,9863.897,4.0703773
2013-05-01 23:29:25.965217,9857.756,4.071514
2013-05-01 23:58:51.507674,9866.764,4.070746
2013-05-02 00:28:17.050142,9861.091,4.0680413
2013-05-02 00:57:42.592622,9868.608,4.0698113
2013-05-02 01:27:08.135113,9867.849,4.0658393
2013-05-02 01:56:33.677613,9870.074,4.055425
2013-05-07 07:58:57.833944,9817.271,4.0387797
2013-05-07 08:28:23.387545,9809.039,4.016456
2013-05-07 08:57:48.923874,9813.48,4.0283756
2013-05-07 09:27:14.477492,9817.393,4.02863
2013-05-07 09:56:40.022478,9819.902,4.028433
2013-05-07 10:26:05.558832,9821.788,4.031563
2013-05-07 10:55:31.112474,9819.491,4.02682
2013-05-07 11:24:56.657485,9813.038,4.0306134
2013-05-07 11:54:22.202504,9813.142,4.030198
2013-05-07 12:23:47.747531,9811.996,4.0301995
2013-05-07 12:53:13.292566,9813.114,4.033181
2013-05-07 13:22:38.846250,9812.982,4.0307817
2013-05-07 13:52:04.391301,9811.9,4.0291524
2013-05-07 14:21:29.927721,9821.755,4.033471
2013-05-07 14:50:55.481430,9819.822,4.035055
2013-05-07 15:20:21.026505,9819.907,4.0312943
2013-05-07 15:49:46.562949,9817.081,4.0365176
2013-05-07 16:19:12.116683,9813.652,4.037807
2013-05-07 16:48:37.661783,9813.744,4.038594
2013-05-07 17:18:03.206892,9818.762,4.038863
2013-05-07 17:47:28.752009,9811.684,4.0377336
2013-05-07 18:16:54.288493,9813.002,4.038149
2013-05-07 18:46:19.842266,9818.705,4.0364146
2013-05-07 19:15:45.387409,9815.076,4.040338
2013-05-07 19:45:10.923916,9814.892,4.0396104
2013-05-07 20:14:36.477714,9815.352,4.03992
2013-05-07 20:44:02.022880,9819.184,4.0432644
2013-05-07 21:13:27.576694,9818.222,4.0420575
2013-05-07 21:42:53.113235,9817.015,4.043906
2013-05-07 22:12:18.658425,9814.401,4.0429688
2013-05-07 22:41:44.212262,9820.428,4.042429
2013-05-07 23:11:09.748827,9815.687,4.0442386
2013-05-08 00:10:00.847903,9817.087,4.0474315
2013-05-08 00:39:26.384492,9826.026,4.050207
2013-05-08 01:08:51.938369,9817.062,4.0497684
2013-05-08 01:38:17.483615,9824.677,4.050367
2013-05-08 02:07:43.028869,9818.696,4.0499105
2013-05-08 02:37:08.574129,9820.804,4.0537195
2013-05-08 03:06:34.119399,9823.482,4.051273
2013-05-08 03:35:59.664676,9823.322,4.0528703
2013-05-08 04:05:25.209961,9821.644,4.053316
2013-05-08 04:34:50.755254,9819.6455,4.0518937
2013-05-08 05:04:16.309196,9818.808,4.053912
2013-05-08 05:33:41.845864,9825.039,4.054322
2013-05-08 06:03:07.391181,9834.69,4.0552673
2013-05-08 06:32:32.945146,9832.189,4.057523
2013-05-08 07:01:58.490478,9832.471,4.055227
2013-05-08 07:31:24.027178,9830.358,4.0565333
2013-05-08 08:00:49.581167,9829.206,4.057445
2013-05-08 08:30:15.117881,9824.333,4.0562916
2013-05-08 08:59:40.671886,9820.818,4.0571184
2013-05-08 09:29:06.217258,9815.7295,4.0582366
2013-05-08 09:58:31.753996,9827.095,4.0579767
2013-05-08 10:27:57.308024,9824.434,4.0593534
2013-05-08 10:57:22.853419,9829.629,4.059891
2013-05-08 11:26:48.390180,9828.985,4.061386
2013-05-08 11:56:13.944232,9828.643,4.059712
2013-05-08 12:25:39.489650,9829.698,4.0611925
2013-05-08 12:55:05.026435,9823.569,4.061148
2013-05-08 13:24:30.580510,9828.922,4.061414
2013-05-08 13:53:56.125951,9833.126,4.0613737
2013-05-08 14:23:21.680040,9831.457,4.0623
2013-05-08 14:52:47.216857,9828.457,4.0636473
2013-05-08 15:22:12.762321,9829.914,4.0619855
2013-05-08 15:51:38.316434,9827.117,4.061419
2013-05-08 16:21:03.853273,9835.327,4.0641494
2013-05-08 16:50:29.398761,9832.548,4.0627875
2013-05-08 17:19:54.952896,9833.229,4.066135
2013-05-08 17:49:20.489759,9835.06,4.063856
2013-05-08 18:18:46.043909,9840.39,4.065401
2013-05-08 18:48:11.589427,9820.155,4.0645876
2013-05-08 19:17:37.134954,9826.023,4.064566
2013-05-08 19:47:02.680487,9833.128,4.064592
2013-05-08 20:16:28.226028,9828.2,4.0634384
2013-05-08 20:45:53.771576,9831.183,4.0652966
2013-05-08 21:15:19.317132,9831.945,4.0655384
2013-05-08 21:44:44.862695,9835.973,4.0658293
2013-05-08 22:14:10.408267,9838.689,4.0661893
2013-05-08 22:43:35.962485,9833.524,4.065686
2013-05-08 23:13:01.499432,9829.078,4.0662527
2013-05-08 23:42:27.053666,9837.745,4.066461
2013-05-09 00:11:52.590627,9833.067,4.066816
2013-05-09 00:41:18.136235,9832.724,4.065903
2013-05-09 01:10:43.690493,9822.212,4.0643883
2013-05-09 01:40:09.227476,9833.009,4.0647573
2013-05-09 02:09:34.773107,9839.326,4.065717
2013-05-09 02:39:00.327386,9839.315,4.067053
2013-05-09 03:08:25.864391,9837.392,4.067696
2013-05-09 03:37:51.418686,9842.8955,4.066664
2013-05-09 04:07:16.964347,9833.442,4.065366
2013-05-09 04:36:42.501376,9844.246,4.0681396
2013-05-09 05:06:08.055691,9830.114,4.0661135
2013-05-09 05:35:33.601375,9831.323,4.065825
2013-05-09 06:04:59.138425,9832.279,4.065658
2013-05-09 06:34:24.692764,9826.89,4.065533
2013-05-09 07:03:50.238469,9836.366,4.066919
2013-05-09 07:33:15.784182,9829.568,4.0639677
2013-05-09 08:02:41.329902,9830.794,4.0648675
2013-05-09 08:32:06.875631,9834.84,4.066108
2013-05-09 09:01:32.430005,9841.01,4.06587
2013-05-09 09:30:57.967107,9843.191,4.0671086
2013-05-09 10:00:23.512857,9834.782,4.065827
2013-05-09 10:29:49.067254,9826.807,4.063945
2013-05-09 10:59:14.613019,9838.09,4.0655766
2013-05-09 11:28:40.150150,9840.4795,4.066224
2013-05-09 11:58:05.704568,9831.97,4.064169
2013-05-09 12:27:31.250354,9841.0205,4.0660553
2013-05-09 12:56:56.787508,9837.765,4.065642
2013-05-09 13:26:22.341948,9832.513,4.064546
2013-05-09 13:55:47.887757,9840.83,4.064933
2013-05-09 14:25:13.442212,9835.057,4.0643253
2013-05-09 14:54:38.979394,9837.54,4.0649686
2013-05-09 15:24:04.525223,9839.661,4.0645566
2013-05-09 15:53:30.071061,9841.708,4.0633855
2013-05-09 16:22:55.616904,9843.99,4.0653434
2013-05-09 16:52:21.154115,9831.629,4.0638137
2013-05-09 17:21:46.708614,9841.201,4.065108
2013-05-09 17:51:12.254480,9836.777,4.0640297
2013-05-09 18:20:37.808993,9837.315,4.0632253
2013-05-09 18:50:03.346233,9834.069,4.06304
2013-05-09 19:19:28.892119,9838.917,4.0633035
2013-05-09 19:48:54.446654,9835.884,4.0612264
2013-05-09 20:18:19.983915,9833.11,4.062689
2013-05-09 20:47:45.529822,9833.985,4.0622272
2013-05-09 21:17:11.084379,9840.281,4.063304
2013-05-09 21:46:36.621661,9837.269,4.0631475
2013-05-09 22:16:02.167590,9840.144,4.061699
2013-05-09 22:45:27.722168,9842.048,4.0631876
2013-05-09 23:14:53.268111,9838.727,4.06365
2013-05-09 23:44:18.814062,9839.761,4.0616426
2013-05-10 00:13:44.360020,9844.59,4.063261
2013-05-10 00:43:09.905985,9844.498,4.0614214
2013-05-10 01:12:35.451957,9839.025,4.0602736
2013-05-10 01:42:00.997936,9835.853,4.0609727
2013-05-10 02:11:26.543921,9837.982,4.0608025
2013-05-10 02:40:52.098555,9844.133,4.0610747
2013-05-10 03:10:17.635915,9839.062,4.0612545
2013-05-10 03:39:43.181922,9835.417,4.0579724
2013-05-10 04:09:08.736575,9839.417,4.060164
2013-05-10 04:38:34.273956,9838.284,4.0607452
2013-05-10 05:07:59.828624,9840.754,4.0594974
2013-05-10 05:37:25.374659,9841.709,4.059352
2013-05-10 06:06:50.912060,9840.378,4.0615387
2013-05-10 06:36:16.466749,9839.508,4.057452
2013-05-10 07:05:42.012805,9845.01,4.0599017
2013-05-10 07:35:07.550227,9842.777,4.0605054
2013-05-10 08:33:58.642372,9841.024,4.0597286
2013-05-10 09:03:24.197096,9843.008,4.0568314
2013-05-10 09:32:49.743185,9841.9795,4.057422
2013-05-10 10:02:15.280642,9840.36,4.058812
2013-05-10 10:31:40.835386,9839.344,4.0586123
2013-05-10 11:01:06.381496,9837.023,4.058187
2013-05-10 11:30:31.918973,9848.238,4.057328
2013-05-10 11:59:57.473738,9846.474,4.056057
2013-05-10 12:29:23.019868,9838.266,4.0593376
2013-05-10 12:58:48.566006,9839.739,4.055373
2013-05-10 13:28:14.112150,9846.434,4.0553913
2013-05-10 13:57:39.658301,9846.059,4.0592947
2013-05-10 14:27:05.213100,9847.116,4.0538287
2013-05-10 14:56:30.750625,9837.355,4.055147
2013-05-10 15:25:56.296795,9843.31,4.057825
2013-05-10 15:55:21.851614,9839.454,4.0549064
2013-05-10 16:24:47.397799,9841.403,4.05647
2013-05-10 16:54:12.935350,9836.945,4.056273
2013-05-10 17:23:38.490189,9844.015,4.055921
2013-05-10 17:53:04.036394,9839.419,4.057822
2013-05-10 18:22:29.573965,9840.029,4.051752
2013-05-10 18:51:55.128824,9828.182,4.053909
2013-05-10 19:21:20.675049,9838.532,4.056144
2013-05-10 19:50:46.229921,9838.921,4.054713
2013-05-10 20:20:11.767520,9842.949,4.0564833
2013-05-10 20:49:37.313765,9836.261,4.055988
2013-05-10 21:19:02.868656,9839.232,4.0550566
2013-05-10 21:48:28.406274,9844.454,4.0571084
2013-05-10 22:17:53.952539,9843.577,4.053288
2013-05-10 22:47:19.498811,9845.097,4.056247
2013-05-10 23:16:45.045089,9842.874,4.055573
2013-05-10 23:46:10.600013,9847.152,4.0533657
2013-05-11 00:15:36.137664,9845.494,4.058308
2013-05-11 00:45:01.683962,9846.478,4.056098
2013-05-11 01:14:27.238907,9838.22,4.052971
2013-05-11 01:43:52.776578,9840.342,4.0538254
2013-05-11 02:13:18.322895,9843.385,4.052878
2013-05-11 02:42:43.877858,9838.196,4.051363
2013-05-11 03:12:09.415549,9838.554,4.0538106
2013-05-11 03:41:34.961886,9841.18,4.0533705
2013-05-11 04:11:00.516869,9852.291,4.0559945
2013-05-11 04:40:26.063219,9837.26,4.0527077
2013-05-11 05:09:51.609577,9838.131,4.0526085
2013-05-11 05:39:17.155938,9842.132,4.054019
2013-05-11 06:08:42.702308,9846.511,4.05126
2013-05-11 06:38:08.248684,9841.571,4.0517893
2013-05-11 07:07:33.795067,9845.46,4.05493
2013-05-11 07:36:59.341455,9850.123,4.054351
2013-05-11 08:06:24.896491,9848.62,4.053664
2013-05-11 08:35:50.434251,9844.736,4.0534773
2013-05-11 09:05:15.980659,9843.956,4.052232
2013-05-11 09:34:41.535714,9839.395,4.051164
2013-05-11 10:04:07.073494,9844.974,4.0534883
2013-05-11 10:33:32.628562,9847.959,4.053003
2013-05-11 11:02:58.174995,9839.059,4.0534406
2013-05-11 11:32:23.712794,9842.136,4.043091
2013-05-11 12:01:49.267880,9839.612,4.0462475
