time,flux,flux_err
2013-04-09 17:54:48.141099,15540.451,4.79379
2013-04-09 18:24:13.670208,15541.659,4.8018904
2013-04-09 18:53:39.207980,15532.005,4.7948084
2013-04-09 19:23:04.728488,15542.339,4.7985187
2013-04-09 19:52:30.257652,15537.87,4.797867
2013-04-09 20:21:55.795475,15543.853,4.7987914
2013-04-09 20:51:21.316033,15553.266,4.799726
2013-04-09 21:20:46.853892,15552.985,4.804379
2013-04-09 21:50:12.383130,15548.67,4.801892
2013-04-09 22:19:37.912384,15545.176,4.8061337
2013-04-09 22:49:03.441658,15551.663,4.807963
2013-04-09 23:18:28.970946,15536.49,4.806247
2013-04-09 23:47:54.500256,15541.014,4.8097134
2013-04-10 00:17:20.029580,15550.674,4.809631
2013-04-10 00:46:45.558924,15555.395,4.809613
2013-04-10 01:16:11.088283,15551.236,4.812466
2013-04-10 01:45:36.617663,15532.938,4.8082066
2013-04-10 02:15:02.147057,15546.238,4.810732
2013-04-10 02:44:27.676472,15543.101,4.808634
2013-04-10 03:13:53.205902,15546.596,4.8096275
2013-04-10 03:43:18.735351,15556.663,4.813923
2013-04-10 04:12:44.273456,15543.545,4.8128357
2013-04-10 04:42:09.794301,15551.549,4.811405
2013-04-10 05:11:35.323806,15549.581,4.816477
2013-04-10 05:41:00.861967,15547.272,4.8147006
2013-04-10 06:10:26.382862,15548.369,4.815167
2013-04-10 06:39:51.921057,15547.365,4.819516
2013-04-10 07:09:17.450628,15557.928,4.8167653
2013-04-10 07:38:42.971579,15545.496,4.816006
2013-04-10 08:08:08.509824,15540.372,4.818083
2013-04-10 08:37:34.039450,15551.756,4.814843
2013-04-10 09:06:59.560456,15545.968,4.8196287
2013-04-10 09:36:25.098757,15553.185,4.819043
2013-04-10 10:05:50.628433,15553.745,4.8178506
2013-04-10 10:35:16.166769,15557.739,4.818531
2013-04-10 11:04:41.687841,15551.913,4.818276
2013-04-10 11:34:07.217572,15556.088,4.820086
2013-04-10 12:03:32.755959,15558.522,4.820985
2013-04-10 12:32:58.277085,15550.334,4.8190107
2013-04-10 13:02:23.806867,15550.208,4.8190455
2013-04-10 13:31:49.345309,15557.528,4.8199825
2013-04-10 14:01:14.866491,15547.769,4.8196435
2013-04-10 14:30:40.404963,15555.465,4.821644
2013-04-10 15:00:05.934815,15563.741,4.8226857
2013-04-10 15:29:31.456047,15555.709,4.819673
2013-04-10 15:58:56.994575,15552.65,4.8220468
2013-04-10 16:28:22.524482,15555.788,4.821523
2013-04-10 16:57:48.045765,15548.154,4.821169
2013-04-10 17:27:13.584343,15547.024,4.822598
2013-04-10 17:56:39.114300,15551.292,4.8225226
2013-04-10 18:26:04.635638,15550.135,4.8223925
2013-04-10 18:55:30.174271,15549.589,4.8233056
2013-04-10 19:24:55.704279,15553.834,4.8198776
2013-04-10 19:54:21.234307,15554.543,4.823905
2013-04-10 20:23:46.764351,15551.133,4.822502
2013-04-10 20:53:12.294414,15548.486,4.822963
2013-04-10 21:22:37.833132,15554.795,4.82491
2013-04-10 21:52:03.354591,15566.038,4.822614
2013-04-10 22:21:28.884704,15549.943,4.821901
2013-04-10 22:50:54.423473,15565.825,4.8262053
2013-04-10 23:20:19.944982,15560.768,4.823799
2013-04-10 23:49:45.483791,15552.922,4.822407
2013-04-11 00:19:11.013975,15562.28,4.824623
2013-04-11 00:48:36.535535,15560.141,4.8249683
2013-04-11 01:18:02.074394,15561.94,4.8254986
2013-04-11 01:47:27.604628,15550.662,4.8246946
2013-04-11 02:16:53.126238,15567.159,4.8260083
2013-04-11 02:46:18.665152,15569.392,4.827644
2013-04-11 03:15:44.195437,15559.091,4.8253083
2013-04-11 03:45:09.725742,15558.657,4.8262496
2013-04-11 04:14:35.256061,15559.369,4.8243637
2013-04-11 04:44:00.786401,15557.416,4.824491
2013-04-11 05:42:51.847132,15563.654,4.826995
2013-04-11 06:12:17.377522,15564.817,4.825592
2013-04-11 06:41:42.916567,15564.906,4.8279243
2013-04-11 07:11:08.438353,15567.139,4.8263936
2013-04-11 07:40:33.968798,15565.371,4.8260922
2013-04-11 08:09:59.507894,15563.984,4.8143754
2013-04-11 11:06:32.691010,15561.967,4.502633
2013-04-11 11:35:58.212946,15569.837,4.8291698
2013-04-11 12:05:23.752183,15564.318,4.827767
2013-04-11 12:34:49.282799,15574.541,4.831028
2013-04-11 13:04:14.822071,15578.289,4.829663
2013-04-11 13:33:40.344078,15563.323,4.8263593
2013-04-11 14:03:05.874739,15572.92,4.8225574
2013-04-11 14:32:31.414062,15570.26,4.824059
2013-04-11 15:01:56.936119,15569.364,4.822371
2013-04-11 15:31:22.466836,15572.591,4.8284593
2013-04-11 16:00:48.006208,15568.485,4.828167
2013-04-11 16:30:13.528316,15575.09,4.8305416
2013-04-11 16:59:39.059083,15568.158,4.829601
2013-04-11 17:29:04.598511,15566.018,4.8293743
2013-04-11 17:58:30.120668,15576.581,4.8307843
2013-04-11 18:27:55.660126,15582.163,4.8277965
2013-04-11 18:57:21.190964,15571.058,4.831634
2013-04-11 19:26:46.721812,15572.262,4.8310165
2013-04-11 19:56:12.252680,15570.667,4.827095
2013-04-11 20:25:37.783568,15564.571,4.828885
2013-04-11 20:55:03.314471,15574.707,4.829438
2013-04-11 21:24:28.845389,15570.856,4.8307014
2013-04-11 21:53:54.376328,15571.554,4.830265
2013-04-11 22:23:19.915921,15583.207,4.830015
2013-04-11 22:52:45.438250,15578.919,4.8326874
2013-04-11 23:22:10.969234,15571.196,4.830379
2013-04-11 23:51:36.500238,15570.393,4.8305945
2013-04-12 00:21:02.031261,15576.085,4.831497
2013-04-12 00:50:27.562296,15578.738,4.8308797
2013-04-12 01:19:53.101994,15579.688,4.8315783
2013-04-12 01:49:18.624424,15582.666,4.832168
2013-04-12 02:18:44.155513,15584.135,4.8309665
2013-04-12 02:48:09.695258,15575.054,4.830922
2013-04-12 03:17:35.217737,15568.051,4.8304186
2013-04-12 03:47:00.757517,15581.356,4.830943
2013-04-12 04:16:26.288671,15565.568,4.830957
2013-04-12 04:45:51.811206,15587.701,4.835543
2013-04-12 05:15:17.351036,15573.674,4.8306694
2013-04-12 05:44:42.882241,15560.666,4.830425
2013-04-12 06:14:08.404821,15570.436,4.8309145
2013-04-12 06:43:33.944701,15567.284,4.830604
2013-04-12 07:12:59.475956,15568.191,4.830927
2013-04-12 07:42:25.015872,15567.279,4.8298016
2013-04-12 08:11:50.538523,15578.961,4.833654
2013-04-12 08:41:16.069828,15575.993,4.83194
2013-04-12 09:10:41.609789,15565.23,4.829786
2013-04-12 09:40:07.132490,15568.867,4.8317456
2013-04-12 10:09:32.663845,15565.825,4.8311157
2013-04-12 10:38:58.203861,15570.447,4.830614
2013-04-12 11:08:23.726608,15573.329,4.8311486
2013-04-12 11:37:49.258014,15565.997,4.8301935
2013-04-12 12:07:14.798080,15560.282,4.8307505
2013-04-12 12:36:40.329521,15567.495,4.831539
2013-04-12 13:06:05.860977,15570.103,4.8315964
2013-04-12 13:35:31.392449,15568.218,4.8319254
2013-04-12 14:04:56.915301,15567.559,4.831807
2013-04-12 14:34:22.455442,15558.257,4.8310976
2013-04-12 15:03:47.986969,15565.777,4.8315997
2013-04-12 15:33:13.509866,15560.89,4.8312106
2013-04-12 16:02:39.050063,15561.983,4.8314543
2013-04-12 16:32:04.581635,15564.11,4.831865
2013-04-12 17:01:30.121868,15570.113,4.8310866
2013-04-12 17:30:55.644835,15552.519,4.8306513
2013-04-12 18:00:21.176452,15563.12,4.8308845
2013-04-12 18:29:46.716735,15561.723,4.829722
2013-04-12 18:59:12.239747,15564.638,4.8317842
2013-04-12 19:28:37.771420,15561.722,4.831747
2013-04-12 19:58:03.311753,15569.29,4.832055
2013-04-12 20:27:28.834816,15563.54,4.8312564
2013-04-12 20:56:54.375179,15568.726,4.8322096
2013-04-12 21:26:19.906917,15560.462,4.832041
2013-04-12 21:55:45.430030,15556.151,4.829957
2013-04-12 22:25:10.970443,15562.887,4.8312316
2013-04-12 22:54:36.502232,15570.757,4.832274
2013-04-12 23:24:02.025395,15560.775,4.8303022
2013-04-12 23:53:27.565854,15566.036,4.8318
2013-04-13 00:22:53.097693,15562.044,4.8327246
2013-04-13 00:52:18.629546,15563.803,4.831105
2013-04-13 01:21:44.161415,15563.113,4.831412
2013-04-13 01:51:09.693304,15565.857,4.8316617
2013-04-13 02:20:35.233843,15560.4,4.8321066
2013-04-13 02:50:00.757122,15568.05,4.8323245
2013-04-13 03:19:26.289062,15564.803,4.8321075
2013-04-13 03:48:51.829651,15560.602,4.8311334
2013-04-13 04:18:17.361620,15555.869,4.831305
2013-04-13 04:47:42.884965,15558.539,4.8314967
2013-04-13 05:17:08.425604,15564.031,4.831215
2013-04-13 05:46:33.948984,15561.413,4.8314285
2013-04-13 06:15:59.489658,15561.612,4.831181
2013-04-13 06:45:25.021708,15564.686,4.8303003
2013-04-13 07:14:50.545134,15557.529,4.831582
2013-04-13 07:44:16.085854,15569.974,4.8325753
2013-04-13 08:13:41.617954,15561.234,4.8314157
2013-04-13 08:43:07.141429,15561.486,4.8315544
2013-04-13 09:12:32.682199,15557.993,4.831151
2013-04-13 09:41:58.214350,15563.44,4.831312
2013-04-13 10:11:23.737870,15580.368,4.833598
2013-04-13 10:40:49.278696,15562.0205,4.832153
2013-04-13 11:10:14.810892,15580.06,4.834295
2013-04-13 11:39:40.351743,15567.518,4.831818
2013-04-13 12:09:05.875333,15563.954,4.8323016
2013-04-13 12:38:31.407579,15565.153,4.8317103
2013-04-13 13:07:56.948481,15556.961,4.8314805
2013-04-13 13:37:22.472117,15561.06,4.8310814
2013-04-13 14:06:48.004413,15569.772,4.8323135
2013-04-13 14:36:13.545360,15562.621,4.831423
2013-04-13 15:05:39.069051,15561.173,4.8312902
2013-04-13 15:35:04.610033,15571.802,4.833258
2013-04-13 16:04:30.142390,15562.555,4.831292
2013-04-13 16:33:55.674766,15565.823,4.831894
2013-04-13 17:03:21.207158,15565.526,4.8318143
2013-04-13 17:32:46.739565,15562.394,4.832605
2013-04-13 18:02:12.271987,15576.012,4.833744
2013-04-13 18:31:37.804424,15571.56,4.8325377
2013-04-13 19:01:03.336882,15563.104,4.832334
2013-04-13 19:30:28.869353,15562.739,4.8295097
2013-04-13 19:59:54.410481,15564.546,4.8323064
2013-04-13 20:29:19.934344,15568.3955,4.8325443
2013-04-13 20:58:45.466866,15564.969,4.832674
2013-04-13 21:28:10.999399,15564.978,4.831517
2013-04-13 21:57:36.531952,15564.879,4.831759
2013-04-13 22:27:02.073159,15566.677,4.8326263
2013-04-13 22:56:27.597108,15575.807,4.833785
2013-04-13 23:25:53.129706,15575.887,4.8333106
2013-04-13 23:55:18.670964,15568.125,4.833481
2013-04-14 00:24:44.194952,15570.958,4.8328495
2013-04-14 00:54:09.736241,15564.003,4.83226
2013-04-14 01:23:35.268904,15564.878,4.8319955
2013-04-14 01:53:00.792947,15565.589,4.8326945
2013-04-14 02:22:26.334281,15570.993,4.8317833
2013-04-14 02:51:51.866995,15569.526,4.8325176
2013-04-14 03:21:17.391084,15565.189,4.831692
2013-04-14 03:50:42.932468,15571.64,4.83278
2013-04-14 04:20:08.465226,15553.04,4.829634
2013-04-14 05:18:59.530794,15577.682,4.8327136
2013-04-14 05:48:25.063604,15559.91,4.8321486
2013-04-14 06:17:50.605069,15571.895,4.8321238
2013-04-14 06:47:16.129268,15566.197,4.831596
2013-04-14 07:16:41.662122,15567.004,4.8323193
2013-04-14 07:46:07.203632,15558.025,4.8310566
2013-04-14 08:15:32.736522,15575.55,4.831512
2013-04-14 08:44:58.260781,15568.698,4.832489
2013-04-14 09:14:23.802342,15560.929,4.831311
2013-04-14 09:43:49.335276,15562.814,4.832106
2013-04-14 10:13:14.868227,15562.49,4.8323407
2013-04-14 10:42:40.401192,15572.892,4.8327537
2013-04-14 11:12:05.934177,15564.539,4.8313985
2013-04-14 11:41:31.467172,15568.726,4.8308616
2013-04-14 12:10:57.000188,15574.666,4.832108
2013-04-14 12:40:22.533218,15566.221,4.832428
2013-04-14 13:09:48.066264,15571.048,4.832279
2013-04-14 13:39:13.599325,15559.588,4.831421
2013-04-14 14:08:39.141041,15566.539,4.8292885
2013-04-14 14:38:04.665492,15562.689,4.8309
2013-04-14 15:07:30.198603,15568.157,4.830546
2013-04-14 15:36:55.740369,15563.994,4.830306
2013-04-14 16:06:21.264870,15552.599,4.8293896
2013-04-14 16:35:46.798022,15561.32,4.82978
2013-04-14 17:05:12.339833,15563.335,4.8309436
2013-04-14 17:34:37.864379,15562.49,4.8305883
2013-04-14 18:04:03.397586,15566.184,4.8310337
2013-04-14 18:33:28.939442,15567.641,4.831465
2013-04-14 19:02:54.464039,15552.269,4.8292494
2013-04-14 19:32:20.005926,15558.795,4.8290906
2013-04-14 20:01:45.539193,15558.524,4.8294816
2013-04-14 20:31:11.063835,15555.063,4.8291693
2013-04-14 21:00:36.605772,15564.168,4.829974
2013-04-14 21:30:02.139084,15546.669,4.827393
2013-04-14 21:59:27.672412,15554.126,4.827034
2013-04-14 22:28:53.205754,15561.012,4.8294897
2013-04-14 22:58:18.739116,15562.053,4.8283443
2013-04-14 23:27:44.281129,15551.689,4.828719
2013-04-14 23:57:09.814522,15557.656,4.827984
2013-04-15 00:26:35.339284,15544.135,4.826542
2013-04-15 00:56:00.881347,15555.558,4.8294754
2013-04-15 01:25:26.414785,15559.859,4.8296103
2013-04-15 01:54:51.939598,15548.79,4.825838
2013-04-15 02:24:17.481706,15553.887,4.8272605
2013-04-15 02:53:43.015190,15560.653,4.826701
2013-04-15 03:23:08.540048,15557.44,4.8278174
2013-04-15 03:52:34.082201,15558.931,4.829352
2013-04-15 04:21:59.607095,15558.95,4.8284593
2013-04-15 04:51:25.149278,15554.573,4.8255196
2013-04-15 05:20:50.682842,15556.915,4.828701
2013-04-15 05:50:16.207776,15556.8,4.82917
2013-04-15 06:19:41.750009,15542.868,4.8265924
2013-04-15 06:49:07.283618,15547.886,4.827627
2013-04-15 07:18:32.808597,15560.949,4.8282356
2013-04-15 07:47:58.350876,15554.38,4.8293014
2013-04-15 08:17:23.884536,15553.434,4.8278675
2013-04-15 08:46:49.426845,15550.67,4.8278933
2013-04-15 09:16:14.951889,15543.32,4.8264422
2013-04-15 09:45:40.485589,15539.3545,4.8281326
2013-04-15 10:15:06.027943,15542.124,4.825882
2013-04-15 10:44:31.553033,15541.19,4.8272448
2013-04-15 11:13:57.086783,15554.469,4.827561
2013-04-15 11:43:22.629182,15547.881,4.827369
2013-04-15 12:12:48.154322,15541.081,4.824663
2013-04-15 12:42:13.688112,15547.721,4.827668
2013-04-15 13:11:39.230562,15553.707,4.8261247
2013-04-15 13:41:04.764382,15543.707,4.8267093
2013-04-15 14:10:30.298223,15540.534,4.822149
2013-04-15 14:39:55.832078,15553.592,4.8274856
2013-04-15 15:09:21.365943,15544.783,4.826629
2013-04-15 15:38:46.899829,15541.653,4.825645
2013-04-15 16:08:12.433729,15547.13,4.8255663
2013-04-15 16:37:37.967645,15543.343,4.826456
2013-04-15 17:07:03.510216,15555.986,4.8274693
2013-04-15 17:36:29.035522,15542.421,4.8268304
2013-04-15 18:05:54.578123,15552.963,4.8275247
2013-04-15 18:35:20.112099,15543.415,4.826782
2013-04-15 19:04:45.637450,15549.019,4.8262763
2013-04-15 19:34:11.180096,15553.213,4.8261857
2013-04-15 20:03:36.705478,15550.863,4.8260922
2013-04-15 20:33:02.239514,15546.662,4.8252826
2013-04-15 21:02:27.782205,15543.177,4.827219
2013-04-15 21:31:53.307632,15540.47,4.8271513
2013-04-15 22:01:18.841718,15540.968,4.8255286
2013-04-15 22:30:44.384455,15548.838,4.8257895
2013-04-15 23:00:09.909927,15544.063,4.825808
2013-04-15 23:29:35.452694,15550.193,4.825232
2013-04-15 23:59:00.986836,15544.432,4.826506
2013-04-16 00:28:26.512359,15542.256,4.8240857
2013-04-16 00:57:52.055170,15541.507,4.8270535
2013-04-16 01:27:17.589358,15545.694,4.8270063
2013-04-16 01:56:43.123565,15548.464,4.8239403
2013-04-16 02:26:08.657782,15550.971,4.8270154
2013-04-16 02:55:34.192015,15548.878,4.8266873
2013-04-16 03:24:59.734902,15547.978,4.827143
2013-04-16 03:54:25.260530,15548.996,4.827147
2013-04-16 04:23:50.794808,15552.96,4.8263917
2013-04-16 04:53:16.337742,15547.369,4.825389
2013-04-16 05:22:41.872054,15548.767,4.8269515
2013-04-16 05:52:07.397737,15547.938,4.8279376
2013-04-16 06:21:32.940715,15556.731,4.826857
2013-04-16 06:50:58.475069,15551.643,4.8254538
2013-04-16 07:20:24.009437,15552.722,4.827998
2013-04-16 07:49:49.543826,15552.858,4.8276176
2013-04-16 08:19:15.078224,15544.021,4.825908
2013-04-16 08:48:40.621278,15543.877,4.8270063
2013-04-16 09:18:06.147066,15557.247,4.826024
2013-04-16 09:47:31.681510,15547.256,4.8257794
2013-04-16 10:16:57.224609,15553.798,4.8288155
2013-04-16 10:46:22.750442,15561.215,4.8272934
2013-04-16 11:15:48.284932,15547.722,4.8270297
2013-04-16 11:45:13.819436,15554.055,4.8257775
2013-04-16 12:14:39.353955,15547.87,4.828002
2013-04-16 12:44:04.897129,15548.793,4.8255734
2013-04-16 13:13:30.423039,15553.384,4.827188
2013-04-16 13:42:55.957603,15547.788,4.828093
2013-04-16 14:12:21.500823,15551.814,4.826701
2013-04-16 14:41:47.026772,15556.986,4.82365
2013-04-16 15:11:12.561382,15549.967,4.8270335
2013-04-16 15:40:38.104647,15560.08,4.8277893
2013-04-16 16:10:03.630642,15556.966,4.8264647
2013-04-16 16:39:29.173936,15556.716,4.825532
2013-04-16 17:08:54.708602,15559.096,4.82588
2013-04-16 17:38:20.234647,15557.888,4.8254848
2013-04-16 18:07:45.777982,15553.887,4.827696
2013-04-16 18:37:11.312697,15551.9375,4.826487
2013-04-16 19:06:36.847423,15561.927,4.828062
2013-04-16 19:36:02.382163,15559.495,4.8258977
2013-04-16 20:05:27.916924,15558.955,4.825159
2013-04-16 20:34:53.451695,15562.885,4.828118
2013-04-16 21:04:18.995120,15560.302,4.8240857
2013-04-16 21:33:44.521281,15567.717,4.8283496
2013-04-16 22:03:10.064737,15558.23,4.825907
2013-04-16 22:32:35.599563,15562.023,4.8287077
2013-04-16 23:02:01.125769,15561.074,4.8231
2013-04-16 23:31:26.669270,15564.463,4.828001
2013-04-17 00:00:52.204146,15557.487,4.826988
2013-04-17 00:30:17.730393,15567.037,4.82761
2013-04-17 00:59:43.273934,15560.505,4.825903
2013-04-17 01:29:08.808856,15567.166,4.8267
2013-04-17 01:58:34.343787,15561.627,4.826663
2013-04-17 02:27:59.878734,15562.44,4.8280225
2013-04-17 02:57:25.405061,15558.905,4.826651
2013-04-17 03:26:50.948678,15575.269,4.8263197
2013-04-17 03:56:16.483670,15570.406,4.8289537
2013-04-17 04:55:07.553694,15560.265,4.8276763
2013-04-17 05:24:33.088730,15565.743,4.8293233
2013-04-17 05:53:58.623778,15567.619,4.828011
2013-04-17 06:23:24.158845,15568.909,4.8293824
2013-04-17 06:52:49.693923,15567.576,4.830605
2013-04-17 07:22:15.237660,15569.5625,4.827997
2013-04-17 07:51:40.764128,15570.331,4.8279862
2013-04-17 08:21:06.299250,15562.055,4.8292007
2013-04-17 08:50:31.843028,15571.565,4.828278
2013-04-17 09:19:57.378181,15580.77,4.8281717
2013-04-17 09:49:22.904705,15569.946,4.8290353
2013-04-17 10:18:48.448527,15577.595,4.8295074
2013-04-17 10:48:13.983721,15574.026,4.827931
2013-04-17 11:17:39.518933,15564.218,4.8285565
2013-04-17 11:47:05.054157,15579.359,4.8298407
2013-04-17 12:16:30.589395,15567.4,4.8287554
2013-04-17 12:45:56.124648,15566.256,4.825634
2013-04-17 13:15:21.659917,15574.831,4.8287287
2013-04-17 13:44:47.195201,15567.638,4.8297772
2013-04-17 14:14:12.739139,15577.912,4.830437
2013-04-17 14:43:38.265808,15573.376,4.828743
2013-04-17 15:13:03.809772,15576.196,4.8283195
2013-04-17 15:42:29.345116,15580.188,4.8309712
2013-04-17 16:11:54.871830,15566.167,4.829306
2013-04-17 16:41:20.415840,15574.353,4.8293724
2013-04-17 17:10:45.951223,15565.679,4.828794
2013-04-17 17:40:11.477978,15573.249,4.827939
2013-04-17 18:09:37.022032,15569.498,4.8299527
2013-04-17 18:39:02.548816,15571.451,4.8291316
2013-04-17 19:08:28.084256,15555.252,4.8300486
2013-04-17 19:37:53.628351,15569.219,4.8299046
2013-04-17 20:07:19.155180,15567.629,4.8293786
2013-04-17 20:36:44.699305,15564.292,4.8293376
2013-04-17 21:06:10.234805,15573.447,4.828813
2013-04-17 21:35:35.761675,15565.715,4.8282213
2013-04-17 22:05:01.305845,15567.804,4.8294997
2013-04-17 22:34:26.841385,15567.715,4.828015
2013-04-17 23:03:52.376940,15566.809,4.828965
2013-04-17 23:33:17.912511,15574.122,4.829808
2013-04-18 00:02:43.448091,15568.344,4.8286476
2013-04-18 00:32:08.992331,15572.039,4.827778
2013-04-18 01:01:34.519302,15558.849,4.828479
2013-04-18 01:31:00.054933,15573.031,4.8296747
2013-04-18 02:00:25.599213,15567.865,4.829293
2013-04-18 02:29:51.134864,15568.882,4.8292465
2013-04-18 02:59:16.661895,15575.499,4.8305054
2013-04-18 03:28:42.206216,15572.117,4.8309526
2013-04-18 03:58:07.741917,15577.4,4.829717
2013-04-18 04:27:33.268988,15570.263,4.8307486
2013-04-18 04:56:58.813354,15563.936,4.8281426
2013-04-18 05:26:24.349096,15565.645,4.830046
2013-04-18 05:55:49.893487,15562.107,4.828253
2013-04-18 06:25:15.420613,15563.822,4.828553
2013-04-18 06:54:40.956400,15580.026,4.8319154
2013-04-18 07:24:06.500836,15558.659,4.8296394
2013-04-18 07:53:32.028008,15565.705,4.830507
2013-04-18 08:22:57.563830,15564.674,4.8297806
2013-04-18 08:52:23.108311,15569.412,4.8289447
2013-04-18 09:21:48.635523,15560.534,4.8285923
2013-04-18 09:51:14.180031,15571.067,4.8293524
2013-04-18 10:20:39.707267,15569.73,4.830465
2013-04-18 10:50:05.243165,15569.105,4.830325
2013-04-18 11:19:30.787717,15564.452,4.8304954
2013-04-18 11:48:56.315000,15562.778,4.828617
2013-04-18 12:18:21.850937,15561.454,4.8297906
2013-04-18 12:47:47.395530,15564.358,4.8288937
2013-04-18 13:17:12.922852,15553.14,4.827348
2013-04-18 13:46:38.458829,15556.008,4.828131
2013-04-18 14:16:04.003467,15564.818,4.830019
2013-04-18 14:45:29.539470,15558.523,4.828962
2013-04-18 15:14:55.075493,15559.183,4.828495
2013-04-18 15:44:20.611531,15557.547,4.8295846
2013-04-18 16:13:46.147579,15559.985,4.828473
2013-04-18 16:43:11.683642,15558.454,4.830003
2013-04-18 17:12:37.219721,15549.307,4.828497
2013-04-18 17:42:02.755808,15557.077,4.828356
2013-04-18 18:11:28.300557,15562.754,4.8280053
2013-04-18 18:40:53.828036,15556.582,4.8273087
2013-04-18 19:10:19.372809,15556.691,4.828506
2013-04-18 19:39:44.908953,15551.325,4.8281655
2013-04-18 20:09:10.436477,15566.79,4.8281403
2013-04-18 20:38:35.981290,15553.819,4.8289776
2013-04-18 21:08:01.517474,15565.467,4.830384
2013-04-18 21:37:27.045038,15562.607,4.830371
2013-04-18 22:06:52.589897,15558.404,4.829402
2013-04-18 22:36:18.126126,15549.982,4.827695
2013-04-18 23:05:43.653731,15558.089,4.828049
2013-04-18 23:35:09.198624,15560.541,4.830775
2013-04-19 00:04:34.734899,15551.446,4.828858
2013-04-19 00:34:00.279823,15559.348,4.828944
2013-04-19 01:03:25.807483,15559.497,4.8302073
2013-04-19 01:32:51.335152,15553.26,4.828537
2013-04-19 02:02:16.880122,15562.388,4.8290877
2013-04-19 02:31:42.416462,15554.389,4.8288836
2013-04-19 03:01:07.952817,15549.551,4.827309
2013-04-19 03:30:33.489181,15556.521,4.829171
2013-04-19 03:59:59.025566,15555.364,4.8292093
2013-04-19 04:29:24.570602,15558.632,4.8292646
2013-04-19 04:58:50.098367,15557.077,4.8293095
2013-04-19 05:28:15.634792,15557.563,4.829576
2013-04-19 05:57:41.179867,15558.534,4.8298616
2013-04-19 06:27:06.716317,15561.245,4.830294
2013-04-19 06:56:32.244138,15554.884,4.8290634
2013-04-19 07:25:57.789259,15564.689,4.830373
2013-04-19 07:55:23.325749,15561.536,4.8295918
2013-04-19 08:24:48.862255,15565.076,4.8296127
2013-04-19 08:54:14.398771,15556.664,4.827775
2013-04-19 09:23:39.935306,15562.984,4.8296037
2013-04-19 09:53:05.480493,15566.027,4.8297906
2013-04-19 10:22:31.008409,15571.244,4.832271
2013-04-19 10:51:56.544984,15566.551,4.8309093
2013-04-19 11:21:22.090211,15564.216,4.829876
2013-04-19 11:50:47.618167,15565.899,4.8308477
2013-04-19 12:20:13.154783,15568.504,4.8295755
2013-04-19 12:49:38.700050,15560.922,4.82883
2013-04-19 13:19:04.228052,15558.127,4.8289537
2013-04-19 13:48:29.773343,15564.714,4.830177
2013-04-19 14:17:55.310015,15570.377,4.831321
2013-04-19 14:47:20.838056,15565.962,4.8308396
2013-04-19 15:16:46.383388,15572.581,4.8304005
2013-04-19 15:46:11.920100,15561.06,4.829705
2013-04-19 16:15:37.448182,15561.208,4.8303313
2013-04-19 16:45:02.993554,15566.267,4.8298287
2013-04-19 17:14:28.521666,15562.853,4.8319626
2013-04-19 17:43:54.067069,15565.489,4.830936
2013-04-19 18:13:19.603845,15562.157,4.8298793
2013-04-19 18:42:45.131993,15569.115,4.830138
2013-04-19 19:12:10.677436,15568.171,4.8300643
2013-04-19 19:41:36.214253,15559.364,4.829966
2013-04-19 20:11:01.751080,15564.504,4.8310585
2013-04-19 20:40:27.287923,15566.396,4.8304152
2013-04-19 21:09:52.824781,15559.683,4.8303995
2013-04-19 21:39:18.361649,15554.793,4.830542
2013-04-19 22:08:43.898537,15564.7705,4.829955
2013-04-19 22:38:09.435434,15565.171,4.831492
2013-04-19 23:07:34.980983,15563.328,4.830331
2013-04-19 23:37:00.517905,15570.692,4.83016
2013-04-20 00:06:26.046204,15562.986,4.8305044
2013-04-20 00:35:51.591792,15568.386,4.830264
2013-04-20 01:05:17.128756,15564.797,4.830079
2013-04-20 01:34:42.657094,15570.496,4.830614
2013-04-20 02:04:08.202723,15565.286,4.8284655
2013-04-20 02:33:33.739726,15568.974,4.8313885
2013-04-20 03:02:59.285385,15573.406,4.830879
2013-04-20 03:32:24.813774,15567.83,4.830195
2013-04-20 04:31:15.896516,15565.314,4.8302794
2013-04-20 05:00:41.424945,15569.606,4.830584
2013-04-20 05:30:06.962029,15576.591,4.8312006
2013-04-20 05:59:32.507763,15570.968,4.8296566
2013-04-20 06:28:58.036233,15577.48,4.829918
2013-04-20 06:58:23.573357,15564.089,4.829348
2013-04-20 07:27:49.119131,15572.795,4.829673
2013-04-20 07:57:14.647641,15561.619,4.828485
2013-04-20 08:26:40.193445,15571.027,4.831123
2013-04-20 08:56:05.721980,15575.871,4.830845
2013-04-20 09:25:31.259169,15570.532,4.830197
2013-04-20 09:54:56.805014,15576.634,4.82854
2013-04-20 10:24:22.333589,15566.176,4.827495
2013-04-20 10:53:47.870819,15568.672,4.829335
2013-04-20 11:23:13.416699,15571.552,4.830107
2013-04-20 11:52:38.953954,15587.345,4.832898
2013-04-20 12:22:04.491219,15574.164,4.8279386
2013-04-20 12:51:30.028504,15578.679,4.8294554
2013-04-20 13:20:55.565799,15566.651,4.8286996
2013-04-20 13:50:21.103105,15574.238,4.8288026
2013-04-20 14:19:46.640425,15562.103,4.828598
2013-04-20 14:49:12.177761,15567.328,4.8265405
2013-04-20 15:18:37.723747,15562.449,4.8280077
2013-04-20 15:48:03.252462,15564.13,4.828341
2013-04-20 16:17:28.798478,15563.877,4.828353
2013-04-20 16:46:54.335864,15563.676,4.828159
2013-04-20 17:16:19.864624,15557.462,4.827304
2013-04-20 17:45:45.410675,15564.148,4.8285747
2013-04-20 18:15:10.948097,15567.721,4.8267183
2013-04-20 18:44:36.476897,15560.431,4.829095
2013-04-20 19:14:02.022989,15554.247,4.826992
2013-04-20 19:43:27.560450,15562.0205,4.8276067
2013-04-20 20:12:53.089286,15556.8955,4.8278284
2013-04-20 20:42:18.635418,15562.939,4.8290534
2013-04-20 21:11:44.172919,15563.842,4.828313
2013-04-20 21:41:09.710436,15572.228,4.829201
2013-04-20 22:10:35.247967,15563.425,4.8294306
2013-04-20 22:40:00.785509,15561.423,4.828544
2013-04-20 23:09:26.323061,15570.525,4.8290005
2013-04-20 23:38:51.860628,15569.347,4.828788
2013-04-21 00:08:17.398210,15565.19,4.8275976
2013-04-21 00:37:42.935801,15559.243,4.828483
2013-04-21 01:07:08.473409,15555.676,4.825025
2013-04-21 01:36:34.019666,15560.003,4.8264422
2013-04-21 02:05:59.548658,15557.256,4.8267517
2013-04-21 02:35:25.086305,15562.097,4.826067
2013-04-21 03:04:50.632603,15560.115,4.82606
2013-04-21 03:34:16.170270,15564.292,4.827729
2013-04-21 04:03:41.699318,15555.804,4.8265634
2013-04-21 04:33:07.245650,15556.899,4.8270893
2013-04-21 05:02:32.783363,15556.982,4.8263526
2013-04-21 05:31:58.312443,15556.828,4.825596
2013-04-21 06:01:23.858819,15554.781,4.8268237
2013-04-21 06:30:49.396566,15554.937,4.8242683
2013-04-21 07:00:14.942965,15553.441,4.826435
2013-04-21 07:29:40.472097,15544.552,4.8246183
2013-04-21 07:59:06.009886,15555.936,4.825688
2013-04-21 08:28:31.556324,15552.628,4.8261776
2013-04-21 08:57:57.085495,15559.006,4.82831
2013-04-21 09:27:22.623318,15548.996,4.825362
2013-04-21 09:56:48.169794,15555.19,4.8271737
2013-04-21 10:26:13.699002,15562.597,4.8259277
2013-04-21 10:55:39.245506,15552.629,4.8262
2013-04-21 11:25:04.783382,15553.454,4.827015
2013-04-21 11:54:30.312629,15552.643,4.828095
2013-04-21 12:23:55.859167,15554.412,4.8257375
2013-04-21 12:53:21.397081,15555.641,4.826684
2013-04-21 13:22:46.926367,15551.383,4.8276796
2013-04-21 13:52:12.472944,15558.762,4.8263674
2013-04-21 14:21:38.010896,15556.69,4.8282056
2013-04-21 14:51:03.540219,15550.81,4.825831
2013-04-21 15:20:29.086836,15547.806,4.826002
2013-04-21 15:49:54.624823,15547.738,4.8263025
2013-04-21 16:19:20.162825,15556.304,4.826112
2013-04-21 16:48:45.700839,15545.311,4.825735
2013-04-21 17:18:11.238864,15564.187,4.828543
2013-04-21 17:47:36.776903,15551.661,4.8247805
2013-04-21 18:17:02.314956,15551.921,4.8250084
2013-04-21 18:46:27.853021,15546.955,4.8249893
2013-04-21 19:15:53.391098,15547.903,4.82375
2013-04-21 19:45:18.929188,15553.918,4.8265824
2013-04-21 20:14:44.475928,15559.462,4.825711
2013-04-21 20:44:10.014042,15562.736,4.826773
2013-04-21 21:13:35.543528,15549.595,4.8268337
2013-04-21 21:43:01.090308,15552.148,4.826197
2013-04-21 22:12:26.628460,15553.208,4.825097
2013-04-21 22:41:52.157983,15547.137,4.8257895
2013-04-21 23:11:17.704802,15554.255,4.825893
2013-04-21 23:40:43.242992,15554.749,4.827487
2013-04-22 00:10:08.772552,15554.902,4.827587
2013-04-22 00:39:34.319405,15552.245,4.8271217
2013-04-22 01:08:59.857633,15549.433,4.826847
2013-04-22 01:38:25.404512,15555.801,4.827973
2013-04-22 02:07:50.934123,15549.731,4.8257866
2013-04-22 02:37:16.472388,15552.009,4.8271265
2013-04-22 03:06:42.019305,15556.002,4.826184
2013-04-22 03:36:07.548953,15557.811,4.8252187
2013-04-22 04:05:33.087254,15555.667,4.827057
2013-04-22 04:34:58.634208,15551.775,4.826711
2013-04-22 05:04:24.163894,15552.827,4.8249016
2013-04-22 05:33:49.710870,15556.339,4.8275895
2013-04-22 06:03:15.249222,15556.546,4.8261757
2013-04-22 06:32:40.778943,15559.589,4.827456
2013-04-22 07:02:06.325960,15562.716,4.827556
2013-04-22 07:31:31.864347,15567.183,4.8281074
2013-04-22 08:00:57.394106,15564.021,4.827707
2013-04-22 08:30:22.941160,15564.419,4.8287506
2013-04-22 08:59:48.479582,15553.426,4.828107
2013-04-22 09:29:14.009378,15554.07,4.8243446
2013-04-22 09:58:39.556468,15564.808,4.828487
2013-04-22 10:28:05.094930,15558.139,4.825672
2013-04-22 10:57:30.642044,15556.267,4.825004
2013-04-22 11:26:56.171889,15562.644,4.8282733
2013-04-22 11:56:21.710387,15556.66,4.82655
2013-04-22 12:25:47.257536,15547.679,4.8252206
2013-04-22 12:55:12.787419,15563.538,4.825876
2013-04-22 13:24:38.325954,15563.441,4.8273363
2013-04-22 13:54:03.873141,15564.998,4.8262277
2013-04-22 14:23:29.403059,15560.922,4.824805
2013-04-22 14:52:54.950272,15564.984,4.8263493
2013-04-22 15:22:20.488854,15565.901,4.826816
2013-04-22 15:51:46.018810,15563.557,4.8256526
2013-04-22 16:21:11.566058,15556.882,4.82638
2013-04-22 16:50:37.104675,15562.062,4.8272257
2013-04-22 17:20:02.634668,15560.792,4.825093
2013-04-22 17:49:28.181952,15565.555,4.8271294
2013-04-22 18:18:53.720610,15566.107,4.8267603
2013-04-22 18:48:19.259278,15559.808,4.8257933
2013-04-22 19:17:44.797957,15566.59,4.827082
2013-04-22 19:47:10.336650,15567.519,4.8261237
2013-04-22 20:16:35.875353,15564.71,4.8251843
2013-04-22 20:46:01.414072,15575.941,4.8290567
2013-04-22 21:15:26.952800,15569.373,4.826951
2013-04-22 21:44:52.491539,15575.08,4.8268166
2013-04-22 22:14:18.030293,15569.578,4.8258786
2013-04-22 22:43:43.569056,15568.479,4.8276057
2013-04-22 23:13:09.107833,15570.197,4.8245144
2013-04-22 23:42:34.646622,15573.061,4.8277917
2013-04-23 00:12:00.194063,15569.382,4.8263164
2013-04-23 00:41:25.732877,15561.868,4.8273525
2013-04-23 01:10:51.263062,15573.686,4.8254514
2013-04-23 01:40:16.810538,15565.477,4.8271823
2013-04-23 02:09:42.349385,15568.515,4.8270206
2013-04-23 02:39:07.879607,15578.891,4.8293085
2013-04-23 03:08:33.427119,15571.531,4.827104
2013-04-23 04:07:24.496260,15580.219,4.8292084
2013-04-23 04:36:50.043807,15580.37,4.8263755
2013-04-23 05:06:15.582727,15573.051,4.82836
2013-04-23 05:35:41.130302,15565.936,4.828477
2013-04-23 06:05:06.660604,15573.771,4.8288374
2013-04-23 06:34:32.199562,15567.797,4.828229
2013-04-23 07:03:57.747169,15573.457,4.8276973
2013-04-23 07:33:23.277506,15569.453,4.8287783
2013-04-23 08:02:48.816499,15583.343,4.8277493
2013-04-23 08:32:14.364142,15577.942,4.8266406
2013-04-23 09:01:39.894517,15577.997,4.82539
2013-04-23 09:31:05.442185,15573.977,4.826513
2013-04-23 10:00:30.981223,15578.468,4.830315
2013-04-23 10:29:56.511633,15579.584,4.826279
2013-04-23 10:59:22.059336,15577.332,4.8282685
2013-04-23 11:28:47.598412,15579.371,4.829454
2013-04-23 11:58:13.137498,15584.458,4.8283563
2013-04-23 12:27:38.676596,15578.858,4.828074
2013-04-23 12:57:04.215704,15580.934,4.8295035
2013-04-23 13:26:29.746185,15578.077,4.8275375
2013-04-23 13:55:55.293959,15580.081,4.8280134
2013-04-23 14:25:20.833104,15573.712,4.8269444
2013-04-23 14:54:46.372260,15582.248,4.8289766
2013-04-23 15:24:11.911427,15568.022,4.8262396
2013-04-23 15:53:37.450607,15583.799,4.8267875
2013-04-23 16:23:02.998439,15577.886,4.825101
2013-04-23 16:52:28.529003,15577.755,4.8263636
2013-04-23 17:21:54.068217,15577.526,4.8269787
2013-04-23 17:51:19.616083,15570.239,4.827104
2013-04-23 18:20:45.146682,15579.1045,4.82701
2013-04-23 18:50:10.694571,15572.3,4.82586
2013-04-23 19:19:36.233833,15573.916,4.8271995
2013-04-23 19:49:01.764467,15576.776,4.827208
2013-04-23 20:18:27.312391,15576.16,4.8271656
2013-04-23 20:47:52.851689,15575.814,4.8267426
2013-04-23 21:17:18.382356,15579.2705,4.825547
2013-04-23 21:46:43.930315,15565.266,4.8254676
2013-04-23 22:16:09.469647,15565.999,4.827084
2013-04-23 22:45:35.000349,15577.846,4.8266325
2013-04-23 23:15:00.548344,15582.799,4.8273754
2013-04-23 23:44:26.087709,15582.364,4.8279877
2013-04-24 00:13:51.635729,15573.25,4.8272004
2013-04-24 00:43:17.166476,15573.089,4.825057
2013-04-24 01:12:42.705876,15568.579,4.824719
2013-04-24 01:42:08.253928,15577.1045,4.826173
2013-04-24 02:11:33.784711,15573.312,4.825897
2013-04-24 02:40:59.324146,15578.529,4.8271947
2013-04-24 03:10:24.872234,15569.004,4.825881
2013-04-24 03:39:50.411692,15565.951,4.8258038
2013-04-24 04:09:15.951160,15568.881,4.824549
2013-04-24 04:38:41.490642,15578.4795,4.8284316
2013-04-24 05:08:07.021493,15573.494,4.828018
2013-04-24 05:37:32.569639,15556.206,4.824516
2013-04-24 06:06:58.109152,15564.523,4.826297
2013-04-24 06:36:23.640040,15577.06,4.82745
2013-04-24 07:05:49.188218,15556.296,4.825211
2013-04-24 07:35:14.727766,15560.685,4.8241606
2013-04-24 08:04:40.258687,15562.384,4.825331
2013-04-24 08:34:05.806899,15571.092,4.825396
2013-04-24 09:03:31.346482,15568.508,4.826811
2013-04-24 09:32:56.894718,15563.3545,4.8258963
2013-04-24 10:02:22.425684,15565.6,4.826347
2013-04-24 10:31:47.965303,15565.583,4.826789
2013-04-24 11:01:13.513572,15561.869,4.8251047
2013-04-24 11:30:39.044571,15564.903,4.8276844
2013-04-24 12:00:04.584222,15571.356,4.82627
2013-04-24 12:29:30.132526,15558.116,4.8256617
2013-04-24 12:58:55.663560,15565.162,4.8266277
2013-04-24 13:28:21.211887,15559.878,4.825755
2013-04-24 13:57:46.751581,15553.417,4.8254085
2013-04-24 14:27:12.282650,15565.551,4.826442
2013-04-24 14:56:37.831009,15567.62,4.8263574
2013-04-24 15:26:03.370739,15555.667,4.8257995
2013-04-24 15:55:28.910484,15566.716,4.8273516
2013-04-24 16:24:54.450235,15553.214,4.824791
2013-04-24 16:54:19.990000,15553.642,4.8256383
2013-04-24 17:23:45.529775,15558.063,4.825884
2013-04-24 17:53:11.069562,15552.24,4.8252254
2013-04-24 18:22:36.609359,15559.539,4.8272963
2013-04-24 18:52:02.149169,15551.576,4.8253555
2013-04-24 19:21:27.697631,15546.746,4.825105
2013-04-24 19:50:53.228822,15547.1045,4.8262258
2013-04-24 20:20:18.768664,15559.225,4.8245716
2013-04-24 20:49:44.308516,15554.659,4.825785
2013-04-24 21:19:09.848382,15552.151,4.8221817
2013-04-24 21:48:35.396899,15558.883,4.8252707
2013-04-24 22:18:00.928145,15561.426,4.8257356
2013-04-24 22:47:26.476683,15560.5,4.826391
2013-04-24 23:16:52.016593,15563.08,4.8261065
2013-04-24 23:46:17.547873,15564.459,4.825285
2013-04-25 00:15:43.096444,15554.029,4.824416
2013-04-25 00:45:08.636387,15556.152,4.825037
2013-04-25 01:14:34.167700,15564.386,4.823924
2013-04-25 01:43:59.716306,15566.574,4.82665
2013-04-25 02:13:25.256282,15551.615,4.824585
2013-04-25 02:42:50.804910,15557.703,4.8255954
2013-04-25 03:12:16.336266,15554.962,4.8261046
2013-04-25 03:41:41.876275,15552.59,4.825832
2013-04-25 04:11:07.424936,15565.224,4.8271923
2013-04-25 04:40:32.956327,15552.082,4.823726
2013-04-25 05:09:58.496369,15558.425,4.8256865
2013-04-25 05:39:24.045062,15561.522,4.8265533
2013-04-25 06:08:49.576486,15563.2705,4.826734
2013-04-25 06:38:15.116559,15559.243,4.82529
2013-04-25 07:07:40.665286,15555.594,4.8265395
2013-04-25 07:37:06.205383,15556.054,4.825838
2013-04-25 08:06:31.745492,15556.755,4.825605
2013-04-25 08:35:57.285608,15561.482,4.826353
2013-04-25 09:05:22.825740,15551.117,4.8238955
2013-04-25 09:34:48.365879,15571.084,4.8258185
2013-04-25 10:04:13.906031,15559.432,4.8242035
2013-04-25 10:33:39.446193,15568.097,4.826091
2013-04-25 11:03:04.986365,15564.918,4.825197
2013-04-25 11:32:30.526550,15558.212,4.825122
2013-04-25 12:01:56.066744,15564.286,4.8258533
2013-04-25 12:31:21.606949,15550.635,4.8263917
2013-04-25 13:00:47.147166,15557.255,4.825577
2013-04-25 13:30:12.696034,15566.865,4.8256793
2013-04-25 13:59:38.227633,15565.162,4.827006
2013-04-25 14:29:03.767883,15562.895,4.826029
2013-04-25 14:58:29.316781,15560.501,4.8246126
2013-04-25 15:27:54.848413,15572.1455,4.8272257
2013-04-25 15:57:20.388693,15575.024,4.8270493
2013-04-25 16:26:45.937626,15555.572,4.82293
2013-04-25 16:56:11.469288,15560.705,4.825649
2013-04-25 17:25:37.018244,15575.7705,4.826329
2013-04-25 17:55:02.558567,15566.308,4.8250837
2013-04-25 18:24:28.090262,15562.774,4.8263264
2013-04-25 18:53:53.639247,15559.886,4.8236117
2013-04-25 19:23:19.179603,15571.21,4.826009
2013-04-25 19:52:44.711331,15576.602,4.827231
2013-04-25 20:22:10.260349,15567.528,4.826442
2013-04-25 20:51:35.800738,15566.99,4.8265624
2013-04-25 21:21:01.349778,15560.405,4.825798
2013-04-25 21:50:26.881546,15566.549,4.8263707
2013-04-25 22:19:52.421968,15575.271,4.8262954
2013-04-25 22:49:17.971038,15576.793,4.827468
2013-04-25 23:18:43.511482,15571.153,4.8252525
2013-04-25 23:48:09.043293,15572.317,4.827695
2013-04-26 00:17:34.592399,15565.489,4.825601
2013-04-26 00:47:00.132870,15567.953,4.826729
2013-04-26 01:16:25.664717,15565.272,4.826737
2013-04-26 01:45:51.213850,15575.043,4.827557
2013-04-26 02:15:16.754357,15568.791,4.825206
2013-04-26 02:44:42.294873,15566.3545,4.8259354
2013-04-26 03:43:33.367296,15577.076,4.82738
2013-04-26 04:12:58.916486,15565.835,4.824684
2013-04-26 04:42:24.457044,15560.58,4.825264
2013-04-26 05:11:49.988971,15572.553,4.8260794
2013-04-26 05:41:15.538193,15575.844,4.8275547
2013-04-26 06:10:41.078782,15571.233,4.8268304
2013-04-26 06:40:06.628022,15571.05,4.826501
2013-04-26 07:09:32.159994,15563.588,4.8255672
2013-04-26 07:38:57.700616,15574.805,4.827453
2013-04-26 08:08:23.249886,15577.585,4.8276706
2013-04-26 08:37:48.781890,15570.562,4.826291
2013-04-26 09:07:14.322542,15568.878,4.826707
2013-04-26 09:36:39.871845,15569.468,4.8266563
2013-04-26 10:06:05.403880,15574.154,4.8280306
2013-04-26 10:35:30.944564,15569.562,4.826108
2013-04-26 11:04:56.493900,15578.527,4.8270535
2013-04-26 11:34:22.025962,15559.916,4.8257737
2013-04-26 12:03:47.575320,15573.388,4.826469
2013-04-26 12:33:13.116045,15567.464,4.826293
2013-04-26 13:02:38.656780,15568.226,4.8252654
2013-04-26 13:32:04.197528,15570.107,4.825301
2013-04-26 14:01:29.738283,15568.319,4.8246284
2013-04-26 14:30:55.279051,15567.679,4.8242726
2013-04-26 15:00:20.819829,15560.919,4.8253827
2013-04-26 15:29:46.360617,15564.902,4.8244658
2013-04-26 15:59:11.901415,15565.55,4.827569
2013-04-26 16:28:37.450863,15567.697,4.824483
2013-04-26 16:58:02.983044,15559.705,4.8234553
2013-04-26 17:27:28.532512,15553.93,4.8253317
2013-04-26 17:56:54.073351,15564.953,4.824223
2013-04-26 18:26:19.605562,15565.961,4.825852
2013-04-26 18:55:45.155062,15562.054,4.8244786
2013-04-26 19:25:10.687291,15556.637,4.8236146
2013-04-26 19:54:36.228172,15549.852,4.824504
2013-04-26 20:24:01.777703,15566.101,4.8254323
2013-04-26 21:22:52.859516,15560.897,4.8257847
2013-04-26 21:52:18.400437,15559.347,4.8231854
2013-04-26 22:21:43.932728,15562.583,4.825056
2013-04-26 22:51:09.482310,15552.281,4.824275
2013-04-26 23:20:35.023261,15559.773,4.8234997
2013-04-26 23:50:00.555584,15559.961,4.824326
2013-04-27 00:19:26.105197,15563.857,4.825397
2013-04-27 00:48:51.646178,15552.154,4.8235826
2013-04-27 01:18:17.187172,15543.239,4.8234997
2013-04-27 01:47:42.728174,15553.565,4.823071
2013-04-27 02:17:08.269187,15553.772,4.8229775
2013-04-27 02:46:33.818850,15556.261,4.8245883
2013-04-27 03:15:59.351243,15558.011,4.82405
2013-04-27 03:45:24.892287,15546.15,4.823344
2013-04-27 04:14:50.441981,15552.169,4.824798
2013-04-27 04:44:15.983043,15554.237,4.8239136
2013-04-27 05:13:41.515477,15564.736,4.8256364
2013-04-27 05:43:07.065201,15555.448,4.8228984
2013-04-27 06:12:32.606294,15559.574,4.8231163
2013-04-27 06:41:58.147397,15559.275,4.8247156
2013-04-27 07:11:23.688513,15565.152,4.825079
2013-04-27 07:40:49.229635,15556.768,4.822223
2013-04-27 08:10:14.779410,15551.188,4.8236113
2013-04-27 08:39:40.311913,15557.555,4.8228006
2013-04-27 09:09:05.853065,15554.871,4.823441
2013-04-27 09:38:31.402870,15556.767,4.823508
2013-04-27 10:07:56.935403,15553.102,4.8242774
2013-04-27 10:37:22.476586,15555.132,4.824498
2013-04-27 11:06:48.017781,15560.284,4.824164
2013-04-27 11:36:13.558984,15557.678,4.8249497
2013-04-27 12:05:39.108837,15545.464,4.8221016
2013-04-27 12:35:04.641420,15550.801,4.8233476
2013-04-27 13:04:30.182653,15545.845,4.823031
2013-04-27 13:33:55.732536,15557.954,4.82424
2013-04-27 14:03:21.265150,15546.315,4.8219304
2013-04-27 14:32:46.806413,15547.9,4.8231683
2013-04-27 15:02:12.356326,15550.016,4.822356
2013-04-27 15:31:37.888968,15553.606,4.8232207
2013-04-27 16:01:03.438901,15555.594,4.8237724
2013-04-27 16:30:28.980204,15559.989,4.82164
2013-04-27 16:59:54.512875,15554.369,4.8223634
2013-04-27 17:29:20.062839,15546.636,4.822208
2013-04-27 17:58:45.604170,15549.511,4.823238
2013-04-27 18:28:11.145511,15554.23,4.8231683
2013-04-27 18:57:36.686864,15560.401,4.8231535
2013-04-27 19:27:02.228224,15549.605,4.822588
2013-04-27 19:56:27.769595,15556.069,4.822865
2013-04-27 20:25:53.319617,15555.939,4.822751
2013-04-27 20:55:18.852367,15558.547,4.8223305
2013-04-27 21:24:44.402407,15559.281,4.822967
2013-04-27 21:54:09.943819,15555.575,4.823353
2013-04-27 22:23:35.476598,15553.355,4.822937
2013-04-27 22:53:01.026667,15542.288,4.819423
2013-04-27 23:22:26.568107,15550.529,4.8219986
2013-04-27 23:51:52.100916,15544.637,4.8227086
2013-04-28 00:21:17.651015,15542.813,4.82066
2013-04-28 00:50:43.192482,15550.918,4.823266
2013-04-28 01:20:08.733962,15554.739,4.8240256
2013-04-28 01:49:34.275449,15553.826,4.822732
2013-04-28 02:18:59.808306,15552.208,4.822313
2013-04-28 02:48:25.358453,15551.824,4.8219967
2013-04-28 03:17:50.899971,15559.712,4.8211985
2013-04-28 03:47:16.432857,15562.187,4.8227897
2013-04-28 04:16:41.983032,15559.991,4.824295
2013-04-28 04:46:07.524579,15555.196,4.820131
2013-04-28 05:15:33.066134,15560.071,4.8240542
2013-04-28 05:44:58.607699,15552.916,4.820131
2013-04-28 06:14:24.149273,15553.465,4.8214874
2013-04-28 06:43:49.699497,15568.213,4.822196
2013-04-28 07:13:15.232450,15562.391,4.821711
2013-04-28 07:42:40.774053,15563.405,4.822665
2013-04-28 08:12:06.324307,15564.123,4.823806
2013-04-28 08:41:31.865929,15564.051,4.8211603
2013-04-28 09:10:57.398921,15551.35,4.818086
2013-04-28 09:40:22.949202,15563.664,4.824388
2013-04-28 10:09:48.490853,15554.562,4.820995
2013-04-28 10:39:14.032513,15559.637,4.8224845
2013-04-28 11:08:39.574182,15553.541,4.822171
2013-04-28 11:38:05.115862,15553.959,4.8216915
2013-04-28 12:07:30.657550,15564.339,4.8222146
2013-04-28 12:36:56.199248,15560.956,4.8216968
2013-04-28 13:06:21.740957,15559.446,4.8208
2013-04-28 13:35:47.291316,15565.105,4.8236313
2013-04-28 14:05:12.824400,15555.178,4.8192563
2013-04-28 14:34:38.366137,15563.922,4.819424
2013-04-28 15:04:03.916521,15561.04,4.82106
2013-04-28 15:33:29.449637,15572.543,4.8215985
2013-04-28 16:02:55.000041,15564.794,4.822435
2013-04-28 16:32:20.541815,15570.296,4.822972
2013-04-28 17:01:46.074957,15559.109,4.8220797
2013-04-28 17:31:11.625390,15563.008,4.822244
2013-04-28 18:00:37.158551,15553.892,4.8178945
2013-04-28 18:30:02.700362,15567.386,4.823554
2013-04-28 18:59:28.250823,15553.926,4.8205667
2013-04-28 19:28:53.784013,15561.618,4.821084
2013-04-28 19:58:19.334492,15556.903,4.8199515
2013-04-28 20:27:44.876340,15563.607,4.8212476
2013-04-28 20:57:10.409558,15563.625,4.820583
2013-04-28 21:26:35.960065,15562.877,4.8204107
2013-04-28 21:56:01.501940,15560.619,4.822417
2013-04-28 22:25:27.043826,15564.319,4.821486
2013-04-28 22:54:52.585720,15565.354,4.823109
2013-04-28 23:24:18.127625,15568.357,4.82166
2013-04-28 23:53:43.669538,15572.83,4.8217325
2013-04-29 00:23:09.211460,15569.383,4.821794
2013-04-29 00:52:34.753392,15567.045,4.820806
2013-04-29 01:22:00.303974,15564.589,4.820599
2013-04-29 01:51:25.845923,15565.53,4.819542
2013-04-29 02:20:51.379243,15557.709,4.8196373
2013-04-29 03:19:42.471830,15572.327,4.820526
2013-04-29 03:49:08.005175,15565.039,4.8221555
2013-04-29 04:18:33.555813,15572.44,4.8227696
2013-04-29 04:47:59.097818,15579.35,4.822876
2013-04-29 05:17:24.631190,15567.17,4.819715
2013-04-29 05:46:50.181855,15565.452,4.8212934
2013-04-29 06:16:15.723888,15571.376,4.8214917
2013-04-29 06:45:41.274570,15571.467,4.82194
2013-04-29 07:15:06.807980,15566.808,4.8208747
2013-04-29 07:44:32.350039,15566.902,4.8227806
2013-04-29 08:13:57.900750,15562.039,4.821054
2013-04-29 08:43:23.434187,15569.517,4.8213234
2013-04-29 09:12:48.976273,15580.046,4.8241496
2013-04-29 09:42:14.518371,15571.176,4.818274
2013-04-29 10:11:40.060475,15572.465,4.8219504
2013-04-29 10:41:05.611230,15565.03,4.820549
2013-04-29 11:10:31.144714,15567.452,4.8208485
2013-04-29 11:39:56.686845,15564.399,4.8210373
2013-04-29 12:09:22.237628,15562.83,4.820269
2013-04-29 12:38:47.771136,15575.186,4.819303
2013-04-29 13:08:13.313297,15577.883,4.8217916
2013-04-29 13:37:38.864105,15573.614,4.8213935
2013-04-29 14:07:04.406282,15575.525,4.8204756
2013-04-29 14:36:29.939827,15573.805,4.8224463
2013-04-29 15:05:55.490663,15569.137,4.821646
2013-04-29 15:35:21.032868,15567.533,4.8203797
2013-04-29 16:04:46.575081,15563.823,4.8199787
2013-04-29 16:34:12.117303,15567.628,4.8190107
2013-04-29 17:03:37.659534,15560.496,4.8195257
2013-04-29 17:33:03.210413,15574.791,4.81927
2013-04-29 18:02:28.744022,15565.66,4.8196807
2013-04-29 18:31:54.286280,15565.039,4.820012
2013-04-29 19:01:19.837186,15563.884,4.818117
2013-04-29 19:30:45.370821,15565.6875,4.8201957
2013-04-29 20:00:10.921745,15562.527,4.8200593
2013-04-29 20:29:36.464039,15566.513,4.81976
2013-04-29 20:59:01.997701,15565.768,4.8209324
2013-04-29 21:28:27.548652,15560.524,4.8213396
2013-04-29 21:57:53.090971,15572.014,4.821383
2013-04-29 22:27:18.624658,15561.565,4.820027
2013-04-29 22:56:44.175636,15576.447,4.821174
2013-04-29 23:26:09.717982,15563.88,4.8191576
2013-04-29 23:55:35.251696,15567.117,4.8208776
2013-04-30 00:25:00.802701,15561.222,4.8185587
2013-04-30 00:54:26.336432,15558.855,4.819423
2013-04-30 01:23:51.887454,15559.656,4.819759
2013-04-30 01:53:17.429843,15561.89,4.819546
2013-04-30 02:22:42.972241,15560.202,4.8193245
2013-04-30 02:52:08.514649,15560.446,4.8204165
2013-04-30 03:21:34.057065,15562.568,4.820527
2013-04-30 03:50:59.599489,15565.106,4.819437
2013-04-30 04:20:25.141923,15565.442,4.8183427
2013-04-30 04:49:50.684364,15556.762,4.81595
2013-04-30 05:19:16.235455,15553.042,4.819102
2013-04-30 05:48:41.777914,15554.58,4.81807
2013-04-30 06:18:07.311743,15554.3545,4.8201327
2013-04-30 06:47:32.862860,15562.017,4.819513
2013-04-30 07:16:58.405345,15562.836,4.817941
2013-04-30 07:46:23.939198,15558.922,4.818265
2013-04-30 08:15:49.490341,15565.043,4.820312
2013-04-30 08:45:15.032852,15554.367,4.8184314
2013-04-30 09:14:40.566732,15557.416,4.820264
2013-04-30 09:44:06.117900,15554.061,4.8183236
2013-04-30 10:13:31.660437,15554.72,4.8165665
2013-04-30 10:42:57.211622,15554.732,4.8195524
2013-04-30 11:12:22.745536,15556.674,4.8190165
2013-04-30 11:41:48.288099,15552.7,4.819824
2013-04-30 12:11:13.839311,15555.093,4.819068
2013-04-30 12:40:39.373250,15557.497,4.8190084
2013-04-30 13:10:04.915838,15564.554,4.8207197
2013-04-30 13:39:30.467075,15554.621,4.8159328
2013-04-30 14:08:56.001040,15541.336,4.8154335
2013-04-30 14:38:21.543653,15561.098,4.8176937
2013-04-30 15:07:47.094916,15545.198,4.814841
2013-04-30 15:37:12.628906,15551.273,4.819423
2013-04-30 16:06:38.180186,15551.174,4.8187366
2013-04-30 16:36:03.714193,15548.545,4.817274
2013-04-30 17:05:29.256849,15569.6045,4.8206916
2013-04-30 17:34:54.808154,15558.353,4.8193245
2013-04-30 18:04:20.342186,15559.3545,4.816805
2013-04-30 18:33:45.884868,15556.146,4.817821
2013-04-30 19:03:11.436198,15551.649,4.8176894
2013-04-30 19:32:36.978896,15553.842,4.818335
2013-04-30 20:02:02.521603,15555.628,4.8185673
2013-04-30 20:31:28.064318,15555.712,4.8175874
2013-04-30 21:00:53.607041,15561.279,4.818293
2013-04-30 21:30:19.149772,15546.254,4.8184233
2013-04-30 21:59:44.692513,15559.941,4.8179016
2013-04-30 22:29:10.235261,15549.816,4.817574
2013-04-30 22:58:35.786658,15549.609,4.818421
2013-04-30 23:28:01.320783,15552.366,4.8192253
2013-04-30 23:57:26.863556,15547.835,4.8182364
2013-05-01 00:26:52.414978,15552.451,4.8189797
2013-05-01 00:56:17.949127,15557.557,4.8199415
2013-05-01 01:25:43.500566,15546.046,4.820365
2013-05-01 01:55:09.043373,15560.16,4.8180294
2013-05-01 02:24:34.577547,15552.039,4.8189497
2013-05-01 02:54:00.129010,15558.797,4.819519
2013-05-01 03:23:25.671841,15551.35,4.8168697
2013-05-01 03:52:51.206041,15552.52,4.8175435
2013-05-01 04:22:16.757529,15562.693,4.8199186
2013-05-01 04:51:42.300385,15554.857,4.818899
2013-05-01 05:21:07.851889,15551.623,4.8191295
2013-05-01 05:50:33.386121,15554.143,4.8184357
2013-05-01 06:19:58.929002,15559.191,4.819463
2013-05-01 06:49:24.480530,15563.971,4.821568
2013-05-01 07:18:50.014787,15546.026,4.8173804
2013-05-01 07:48:15.557693,15574.423,4.820396
2013-05-01 08:17:41.100606,15564.443,4.8197274
2013-05-01 08:47:06.643527,15565.544,4.819392
2013-05-01 09:16:32.186457,15559.943,4.819274
2013-05-01 09:45:57.729394,15564.799,4.820707
2013-05-01 10:15:23.272341,15564.544,4.8182206
2013-05-01 10:44:48.823935,15557.629,4.819853
2013-05-01 11:14:14.366897,15556.238,4.8186903
2013-05-01 11:43:39.901226,15565.541,4.81824
2013-05-01 12:13:05.452845,15564.387,4.818755
2013-05-01 12:42:30.995831,15570.085,4.8210096
2013-05-01 13:11:56.530185,15562.578,4.819575
2013-05-01 13:41:22.081828,15567.047,4.8191257
2013-05-01 14:10:47.624838,15563.849,4.820987
2013-05-01 14:40:13.176497,15562.123,4.8199673
2013-05-01 15:09:38.710882,15571.905,4.8199196
2013-05-01 15:39:04.253917,15561.936,4.8189483
2013-05-01 16:08:29.805599,15565.092,4.820805
2013-05-01 16:37:55.340010,15564.273,4.818841
2013-05-01 17:07:20.883068,15567.182,4.8209763
2013-05-01 17:36:46.434775,15566.194,4.819546
2013-05-01 18:06:11.969209,15565.2295,4.819235
2013-05-01 18:35:37.512291,15569.925,4.81944
2013-05-01 19:05:03.064022,15573.863,4.819135
2013-05-01 19:34:28.598480,15570.127,4.8213015
2013-05-01 20:03:54.150226,15569.067,4.8187428
2013-05-01 20:33:19.693341,15571.636,4.8185067
2013-05-01 21:02:45.236462,15566.855,4.818581
2013-05-01 21:32:10.779592,15559.565,4.8189907
2013-05-01 22:01:36.322729,15569.898,4.8193727
2013-05-01 22:31:01.865875,15567.644,4.8194456
2013-05-01 23:00:27.409028,15566.659,4.8207355
2013-05-01 23:29:52.952190,15567.863,4.8209233
2013-05-01 23:59:18.495359,15571.274,4.821884
2013-05-02 00:28:44.038536,15561.426,4.818447
2013-05-02 00:58:09.581721,15571.109,4.8177943
2013-05-02 01:27:35.124913,15572.384,4.8166556
2013-05-02 01:57:00.668114,15573.856,4.7949123
2013-05-07 07:59:24.906139,15555.996,4.7909074
2013-05-07 08:28:50.459678,15559.815,4.7808576
2013-05-07 08:58:15.995940,15559.026,4.7910967
2013-05-07 09:27:41.549489,15551.181,4.789352
2013-05-07 09:57:07.094401,15557.794,4.7838674
2013-05-07 10:26:32.630681,15561.997,4.792082
2013-05-07 10:55:58.184245,15558.927,4.7894564
2013-05-07 11:25:23.729174,15557.818,4.7905316
2013-05-07 11:54:49.274109,15562.311,4.794666
2013-05-07 12:24:14.819048,15569.757,4.7883368
2013-05-07 12:53:40.363993,15562.355,4.7897687
2013-05-07 13:23:05.917586,15563.9375,4.791549
2013-05-07 13:52:31.462540,15563.444,4.7903523
2013-05-07 14:21:56.998862,15556.563,4.792202
2013-05-07 14:51:22.552467,15562.176,4.794484
2013-05-07 15:20:48.097439,15576.146,4.7942214
2013-05-07 15:50:13.633774,15564.927,4.794556
2013-05-07 16:19:39.187399,15564.467,4.7905707
2013-05-07 16:49:04.732383,15569.36,4.7921176
2013-05-07 17:18:30.277376,15567.131,4.7997413
2013-05-07 17:47:55.822374,15573.075,4.7917495
2013-05-07 18:17:21.358736,15566.146,4.798279
2013-05-07 18:46:46.912383,15565.02,4.797117
2013-05-07 19:16:12.457399,15570.202,4.797488
2013-05-07 19:45:37.993773,15563.68,4.801866
2013-05-07 20:15:03.547438,15572.248,4.798769
2013-05-07 20:44:29.092466,15562.597,4.7976747
2013-05-07 21:13:54.646139,15562.824,4.800994
2013-05-07 21:43:20.182539,15564.258,4.7993283
2013-05-07 22:12:45.727582,15574.22,4.802462
2013-05-07 22:42:11.281269,15571.547,4.7974443
2013-05-07 23:11:36.817685,15564.66,4.799264
2013-05-08 00:10:27.916445,15569.443,4.8037543
2013-05-08 00:39:53.452875,15572.437,4.8047366
2013-05-08 01:09:19.006588,15573.251,4.806905
2013-05-08 01:38:44.551666,15562.532,4.804436
2013-05-08 02:08:10.096752,15571.448,4.8043456
2013-05-08 02:37:35.641839,15566.614,4.8077965
2013-05-08 03:07:01.186932,15563.89,4.805464
2013-05-08 03:36:26.732033,15579.478,4.808262
2013-05-08 04:05:52.277136,15567.686,4.8061647
2013-05-08 04:35:17.822244,15556.885,4.8032613
2013-05-08 05:04:43.376000,15570.265,4.8101354
2013-05-08 05:34:08.912477,15569.885,4.8066907
2013-05-08 06:03:34.457601,15563.974,4.809816
2013-05-08 06:33:00.011369,15570.405,4.8119054
2013-05-08 07:02:25.556502,15566.997,4.8092065
2013-05-08 07:31:51.093000,15562.251,4.811163
2013-05-08 08:01:16.646784,15563.983,4.8101225
2013-05-08 08:30:42.183292,15568.319,4.812174
2013-05-08 09:00:07.737085,15566.333,4.812133
2013-05-08 09:29:33.282241,15576.028,4.811964
2013-05-08 09:58:58.818764,15557.884,4.813248
2013-05-08 10:28:24.372573,15554.227,4.815162
2013-05-08 10:57:49.917744,15560.488,4.811675
2013-05-08 11:27:15.454282,15558.707,4.812078
2013-05-08 11:56:41.008106,15560.094,4.814227
2013-05-08 12:26:06.553292,15568.613,4.813039
2013-05-08 12:55:32.089842,15557.265,4.815738
2013-05-08 13:24:57.643679,15562.427,4.816115
2013-05-08 13:54:23.188880,15564.04,4.81674
2013-05-08 14:23:48.742726,15556.423,4.8149652
2013-05-08 14:53:14.279297,15557.219,4.8153353
2013-05-08 15:22:39.824511,15559.394,4.816122
2013-05-08 15:52:05.378372,15557.687,4.8147535
2013-05-08 16:21:30.914956,15561.543,4.816832
2013-05-08 16:50:56.460187,15558.019,4.8167987
2013-05-08 17:20:22.014061,15552.986,4.816237
2013-05-08 17:49:47.550660,15557.596,4.8151565
2013-05-08 18:19:13.104543,15564.906,4.8163786
2013-05-08 18:48:38.649792,15548.916,4.8137965
2013-05-08 19:18:04.195044,15564.902,4.8188076
2013-05-08 19:47:29.740303,15554.592,4.8188143
2013-05-08 20:16:55.285566,15553.904,4.814814
2013-05-08 20:46:20.830833,15557.836,4.8193293
2013-05-08 21:15:46.376104,15564.041,4.820006
2013-05-08 21:45:11.921381,15565.51,4.8209705
2013-05-08 22:14:37.466663,15555.614,4.818929
2013-05-08 22:44:03.020586,15559.309,4.8201914
2013-05-08 23:13:28.557236,15549.852,4.8198333
2013-05-08 23:42:54.111173,15545.611,4.8176694
2013-05-09 00:12:19.647831,15555.225,4.818346
2013-05-09 00:41:45.193136,15542.34,4.8166356
2013-05-09 01:11:10.747083,15548.633,4.8187656
2013-05-09 01:40:36.283757,15546.651,4.818984
2013-05-09 02:10:01.829073,15548.672,4.8165855
2013-05-09 02:39:27.383035,15548.435,4.8189025
2013-05-09 03:08:52.919722,15549.022,4.8196898
2013-05-09 03:38:18.473694,15541.446,4.81771
2013-05-09 04:07:44.019029,15560.064,4.819044
2013-05-09 04:37:09.555731,15554.026,4.820371
2013-05-09 05:06:35.109712,15547.579,4.8180494
2013-05-09 05:36:00.655064,15551.005,4.818635
2013-05-09 06:05:26.191776,15554.113,4.818658
2013-05-09 06:34:51.745773,15547.017,4.8181496
2013-05-09 07:04:17.291135,15543.404,4.816497
2013-05-09 07:33:42.836502,15548.436,4.8178153
2013-05-09 08:03:08.381874,15552.146,4.816972
2013-05-09 08:32:33.927252,15545.775,4.8175516
2013-05-09 09:01:59.481271,15539.936,4.8177013
2013-05-09 09:31:25.018016,15534.83,4.8159223
2013-05-09 10:00:50.563403,15552.406,4.8175945
2013-05-09 10:30:16.117437,15549.527,4.8163915
2013-05-09 10:59:41.662835,15554.134,4.817277
2013-05-09 11:29:07.199597,15552.358,4.816276
2013-05-09 11:58:32.753642,15540.6045,4.8139296
2013-05-09 12:27:58.299054,15547.69,4.8159304
2013-05-09 12:57:23.835829,15551.5205,4.8169436
2013-05-09 13:26:49.389889,15549.088,4.8154
2013-05-09 13:56:14.935311,15551.222,4.816329
2013-05-09 14:25:40.489378,15546.726,4.8162403
2013-05-09 14:55:06.026171,15539.5205,4.81505
2013-05-09 15:24:31.571608,15545.634,4.8152037
2013-05-09 15:53:57.117049,15540.56,4.814991
2013-05-09 16:23:22.662493,15556.276,4.8159704
2013-05-09 16:52:48.199303,15545.289,4.8127265
2013-05-09 17:22:13.753396,15539.416,4.814036
2013-05-09 17:51:39.298856,15545.846,4.8136663
2013-05-09 18:21:04.852956,15543.619,4.812942
2013-05-09 18:50:30.389784,15552.628,4.8155203
2013-05-09 19:19:55.935254,15543.522,4.8132496
2013-05-09 19:49:21.489367,15545.779,4.81287
2013-05-09 20:18:47.026207,15544.258,4.8125052
2013-05-09 20:48:12.571689,15550.613,4.814329
2013-05-09 21:17:38.125817,15550.57,4.8141766
2013-05-09 21:47:03.662668,15551.189,4.814836
2013-05-09 22:16:29.208165,15537.52,4.810375
2013-05-09 22:45:54.762303,15546.46,4.8138847
2013-05-09 23:15:20.307808,15552.013,4.8109803
2013-05-09 23:44:45.853314,15549.555,4.8127284
2013-05-10 00:14:11.398827,15550.621,4.8133607
2013-05-10 00:43:36.944345,15544.586,4.8111677
2013-05-10 01:13:02.489863,15549.416,4.809135
2013-05-10 01:42:28.035388,15553.551,4.8120446
2013-05-10 02:11:53.580916,15551.768,4.8105597
2013-05-10 02:41:19.135089,15561.425,4.8116813
2013-05-10 03:10:44.671985,15559.216,4.8114586
2013-05-10 03:40:10.217526,15548.022,4.8122807
2013-05-10 04:09:35.771711,15553.738,4.8098497
2013-05-10 04:39:01.308619,15554.046,4.809109
2013-05-10 05:08:26.862812,15552.217,4.8100944
2013-05-10 05:37:52.408368,15546.301,4.809209
2013-05-10 06:07:17.945289,15556.569,4.8110514
2013-05-10 06:36:43.499494,15561.249,4.806336
2013-05-10 07:06:09.045062,15551.673,4.8087144
2013-05-10 07:35:34.581993,15554.922,4.8082805
2013-05-10 08:34:25.673152,15560.79,4.810215
2013-05-10 09:03:51.227376,15556.849,4.807004
2013-05-10 09:33:16.772964,15563.823,4.810872
2013-05-10 10:02:42.309915,15551.477,4.8091326
2013-05-10 10:32:07.864153,15555.188,4.8066688
2013-05-10 11:01:33.409751,15554.482,4.807456
2013-05-10 11:30:58.946715,15563.945,4.809454
2013-05-10 12:00:24.500963,15559.54,4.804635
2013-05-10 12:29:50.046577,15561.033,4.8073916
2013-05-10 12:59:15.592193,15550.251,4.805413
2013-05-10 13:28:41.137811,15564.821,4.807644
2013-05-10 13:58:06.683435,15557.49,4.807697
2013-05-10 14:27:32.237701,15558.437,4.804069
2013-05-10 14:56:57.774692,15562.252,4.80624
2013-05-10 15:26:23.320328,15554.2,4.808007
2013-05-10 15:55:48.874607,15566.274,4.8062935
2013-05-10 16:25:14.420248,15571.4375,4.808832
2013-05-10 16:54:39.957254,15564.905,4.8036733
2013-05-10 17:24:05.511545,15561.921,4.802394
2013-05-10 17:53:31.057197,15559.025,4.806991
2013-05-10 18:22:56.594215,15562.1045,4.804906
2013-05-10 18:52:22.148516,15567.991,4.806791
2013-05-10 19:21:47.694182,15560.699,4.8028708
2013-05-10 19:51:13.248491,15561.239,4.800751
2013-05-10 20:20:38.785523,15559.859,4.8024664
2013-05-10 20:50:04.331199,15566.316,4.8048596
2013-05-10 21:19:29.885518,15559.057,4.804014
2013-05-10 21:48:55.422562,15566.112,4.805667
2013-05-10 22:18:20.968248,15572.086,4.8030477
2013-05-10 22:47:46.513940,15568.626,4.801401
2013-05-10 23:17:12.059634,15564.489,4.8037114
2013-05-10 23:46:37.613972,15572.037,4.8010817
2013-05-11 00:16:03.151034,15561.136,4.8030224
2013-05-11 00:45:28.696741,15562.398,4.8008146
2013-05-11 01:14:54.251089,15573.442,4.802489
2013-05-11 01:44:19.788161,15565.353,4.8063564
2013-05-11 02:13:45.333878,15575.095,4.8024845
2013-05-11 02:43:10.888237,15563.621,4.799238
2013-05-11 03:12:36.425321,15574.077,4.8032227
2013-05-11 03:42:01.971048,15557.961,4.7976584
2013-05-11 04:11:27.525419,15567.587,4.7995353
2013-05-11 04:40:53.071153,15565.04,4.801164
2013-05-11 05:10:18.616893,15581.446,4.797197
2013-05-11 05:39:44.162632,15571.554,4.798426
2013-05-11 06:09:09.708379,15568.923,4.7976966
2013-05-11 06:38:35.254126,15573.265,4.7971544
2013-05-11 07:08:00.799879,15571.76,4.8012547
2013-05-11 07:37:26.345634,15566.464,4.796582
2013-05-11 08:06:51.900034,15572.218,4.8007774
2013-05-11 08:36:17.437155,15570.75,4.8011546
2013-05-11 09:05:42.982919,15568.754,4.797943
2013-05-11 09:35:08.537332,15573.4,4.79884
2013-05-11 10:04:34.074461,15576.5625,4.795539
2013-05-11 10:33:59.628880,15571.653,4.7925467
2013-05-11 11:03:25.174660,15563.879,4.795139
2013-05-11 11:32:50.711801,15568.718,4.75963
2013-05-11 12:02:16.266229,15565.309,4.7821
