time,flux,flux_err
2013-04-09 17:54:09.018721,59269.06,7.5777006
2013-04-09 18:23:34.534134,59284.91,7.585327
2013-04-09 18:53:00.058208,59256.66,7.5860343
2013-04-09 19:22:25.565021,59272.945,7.5899453
2013-04-09 19:51:51.080506,59271.58,7.602354
2013-04-09 20:21:16.604639,59290.574,7.592504
2013-04-09 20:50:42.111523,59291.754,7.598037
2013-04-09 21:20:07.635708,59293.656,7.602023
2013-04-09 21:49:33.151282,59272.594,7.602141
2013-04-09 22:18:58.666867,59285.824,7.6052027
2013-04-09 22:48:24.182481,59289.84,7.6116757
2013-04-09 23:17:49.698116,59283.02,7.6129375
2013-04-09 23:47:15.213771,59273.414,7.615066
2013-04-10 00:16:40.729456,59296.598,7.617631
2013-04-10 00:46:06.245161,59271.215,7.615434
2013-04-10 01:15:31.760886,59275.715,7.616323
2013-04-10 01:44:57.276632,59284.574,7.62186
2013-04-10 02:14:22.792397,59280.832,7.6216
2013-04-10 02:43:48.308193,59262.9,7.622686
2013-04-10 03:13:13.824009,59257.453,7.6188025
2013-04-10 03:42:39.339835,59268.52,7.62805
2013-04-10 04:12:04.864341,59287.74,7.6283083
2013-04-10 04:41:30.371577,59281.016,7.6260514
2013-04-10 05:10:55.887483,59278.957,7.631335
2013-04-10 05:40:21.412050,59275.754,7.629662
2013-04-10 06:09:46.919357,59276.926,7.632464
2013-04-10 06:39:12.443963,59273.99,7.63254
2013-04-10 07:08:37.959960,59285.69,7.63136
2013-04-10 07:38:03.467327,59273.773,7.6335106
2013-04-10 08:07:28.992004,59277.23,7.6354113
2013-04-10 08:36:54.508071,59269.58,7.6331344
2013-04-10 09:06:20.015509,59278.984,7.636811
2013-04-10 09:35:45.540256,59276.99,7.634929
2013-04-10 10:05:11.056374,59264.215,7.6370745
2013-04-10 10:34:36.581161,59273.137,7.6419177
2013-04-10 11:04:02.088699,59279.312,7.6358953
2013-04-10 11:33:27.604887,59261.41,7.639598
2013-04-10 12:02:53.129745,59283.42,7.6402464
2013-04-10 12:32:18.637334,59278.52,7.6373744
2013-04-10 13:01:44.153592,59274.215,7.645291
2013-04-10 13:31:09.678520,59271.2,7.642285
2013-04-10 14:00:35.186179,59267.125,7.6404066
2013-04-10 14:30:00.711148,59278.207,7.640539
2013-04-10 14:59:26.227497,59288.64,7.643791
2013-04-10 15:28:51.735226,59283.7,7.6452765
2013-04-10 15:58:17.260255,59277.33,7.6458044
2013-04-10 16:27:42.776664,59273.19,7.6420884
2013-04-10 16:57:08.284464,59277.758,7.647403
2013-04-10 17:26:33.809563,59281.445,7.6470165
2013-04-10 17:55:59.326043,59263.438,7.645029
2013-04-10 18:25:24.833903,59275.04,7.648041
2013-04-10 18:54:50.359063,59280.64,7.6450696
2013-04-10 19:24:15.875612,59281.19,7.647581
2013-04-10 19:53:41.392183,59267.164,7.6497574
2013-04-10 20:23:06.908773,59276.29,7.6481833
2013-04-10 20:52:32.425383,59272.75,7.648643
2013-04-10 21:21:57.950664,59285.707,7.6505146
2013-04-10 21:51:23.458675,59288.676,7.6492877
2013-04-10 22:20:48.975355,59269.89,7.64856
2013-04-10 22:50:14.500697,59267.145,7.648385
2013-04-10 23:19:40.008778,59265.664,7.649696
2013-04-10 23:49:05.534159,59280.79,7.651936
2013-04-11 00:18:31.050930,59269.766,7.6513853
2013-04-11 00:47:56.559082,59273.37,7.6517487
2013-04-11 01:17:22.084523,59265.016,7.6523237
2013-04-11 01:46:47.601365,59275.465,7.653093
2013-04-11 02:16:13.109577,59258.492,7.650976
2013-04-11 02:45:38.635089,59277.15,7.652761
2013-04-11 03:15:04.151991,59277.84,7.6527424
2013-04-11 03:44:29.668913,59272.785,7.6518693
2013-04-11 04:13:55.185855,59275.0,7.654537
2013-04-11 04:43:20.702818,59281.03,7.6529193
2013-04-11 05:42:11.736813,59263.56,7.6526203
2013-04-11 06:11:37.253846,59287.66,7.6556067
2013-04-11 06:41:02.779539,59287.855,7.656346
2013-04-11 07:10:28.287972,59283.52,7.6553135
2013-04-11 07:39:53.805065,59263.977,7.6543036
2013-04-11 08:09:19.330818,59293.426,7.6620417
2013-04-11 11:05:52.433981,59270.195,7.665434
2013-04-11 11:35:17.942616,59258.543,7.663503
2013-04-11 12:04:43.468550,59267.56,7.663978
2013-04-11 12:34:08.985864,59261.375,7.66273
2013-04-11 13:03:34.511839,59258.91,7.66289
2013-04-11 13:33:00.020554,59265.926,7.6666
2013-04-11 14:02:25.537939,59279.375,7.665395
2013-04-11 14:31:51.063984,59250.277,7.660251
2013-04-11 15:01:16.572759,59291.47,7.669036
2013-04-11 15:30:42.090204,59251.133,7.663576
2013-04-11 16:00:07.616310,59270.906,7.66218
2013-04-11 16:29:33.125165,59272.652,7.666587
2013-04-11 16:58:58.642670,59266.535,7.665128
2013-04-11 17:28:24.168847,59315.023,7.6651535
2013-04-11 17:57:49.677763,59279.48,7.6644907
2013-04-11 18:27:15.203978,59281.867,7.663861
2013-04-11 18:56:40.721575,59303.484,7.6664186
2013-04-11 19:26:06.239191,59274.824,7.6651773
2013-04-11 19:55:31.756837,59277.605,7.6644835
2013-04-11 20:24:57.274494,59291.035,7.665476
2013-04-11 20:54:22.792181,59286.734,7.6636624
2013-04-11 21:23:48.309887,59274.78,7.6596074
2013-04-11 21:53:13.827614,59264.453,7.6645923
2013-04-11 22:22:39.354001,59273.42,7.6618805
2013-04-11 22:52:04.863138,59278.55,7.661282
2013-04-11 23:21:30.380925,59267.992,7.6631026
2013-04-11 23:50:55.898743,59259.93,7.663311
2013-04-12 00:20:21.416570,59285.867,7.66182
2013-04-12 00:49:46.934428,59272.156,7.661719
2013-04-12 01:19:12.460955,59273.883,7.6649404
2013-04-12 01:48:37.970213,59301.324,7.6637354
2013-04-12 02:18:03.488132,59271.99,7.6626697
2013-04-12 02:47:29.014720,59288.63,7.663995
2013-04-12 03:16:54.524048,59287.086,7.664858
2013-04-12 03:46:20.050677,59291.64,7.6626062
2013-04-12 04:15:45.568685,59264.902,7.6633935
2013-04-12 04:45:11.078074,59301.87,7.6660395
2013-04-12 05:14:36.604763,59280.082,7.661497
2013-04-12 05:44:02.122842,59267.82,7.662236
2013-04-12 06:13:27.632290,59278.293,7.6625395
2013-04-12 06:42:53.159050,59283.465,7.6625094
2013-04-12 07:12:18.677188,59277.246,7.664372
2013-04-12 07:41:44.203988,59284.41,7.6637673
2013-04-12 08:11:09.713528,59282.996,7.664364
2013-04-12 08:40:35.231728,59300.562,7.6651497
2013-04-12 09:10:00.758597,59283.11,7.664962
2013-04-12 09:39:26.268197,59254.2,7.6634393
2013-04-12 10:08:51.786467,59291.105,7.6640615
2013-04-12 10:38:17.313397,59269.14,7.661
2013-04-12 11:07:42.823068,59268.85,7.6627903
2013-04-12 11:37:08.341398,59278.785,7.6637707
2013-04-12 12:06:33.868388,59276.777,7.6611176
2013-04-12 12:35:59.386769,59300.098,7.6685667
2013-04-12 13:05:24.905160,59282.137,7.662137
2013-04-12 13:34:50.423581,59272.176,7.6624594
2013-04-12 14:04:15.933382,59266.78,7.66233
2013-04-12 14:33:41.460483,59270.17,7.66154
2013-04-12 15:03:06.978964,59302.0,7.66049
2013-04-12 15:32:32.488826,59263.945,7.6598377
2013-04-12 16:01:58.015987,59271.062,7.65919
2013-04-12 16:31:23.534539,59279.01,7.6667733
2013-04-12 17:00:49.061741,59285.88,7.662983
2013-04-12 17:30:14.571692,59275.832,7.660228
2013-04-12 17:59:40.090304,59265.99,7.6611037
2013-04-12 18:29:05.617577,59279.1,7.6617155
2013-04-12 18:58:31.127588,59287.758,7.6634645
2013-04-12 19:27:56.646261,59283.58,7.660755
2013-04-12 19:57:22.173594,59279.125,7.659248
2013-04-12 20:26:47.683676,59261.902,7.661683
2013-04-12 20:56:13.211049,59270.562,7.661319
2013-04-12 21:25:38.729812,59284.203,7.659258
2013-04-12 21:55:04.239955,59292.22,7.660757
2013-04-12 22:24:29.767398,59275.684,7.6612887
2013-04-12 22:53:55.286221,59296.58,7.661502
2013-04-12 23:23:20.796424,59288.812,7.6618295
2013-04-12 23:52:46.323928,59277.74,7.6600223
2013-04-13 00:22:11.842812,59294.45,7.6618533
2013-04-13 00:51:37.361725,59285.67,7.6615844
2013-04-13 01:21:02.880659,59278.105,7.6604958
2013-04-13 01:50:28.399603,59276.13,7.66142
2013-04-13 02:19:53.927217,59283.34,7.6589913
2013-04-13 02:49:19.437572,59285.863,7.6602654
2013-04-13 03:18:44.956586,59288.38,7.656578
2013-04-13 03:48:10.484260,59274.574,7.6574283
2013-04-13 04:17:36.003325,59280.46,7.6580534
2013-04-13 04:47:01.513760,59270.594,7.658838
2013-04-13 05:16:27.041504,59281.59,7.6599298
2013-04-13 05:45:52.551980,59282.812,7.660239
2013-04-13 06:15:18.079764,59276.934,7.652582
2013-04-13 06:44:43.598930,59289.914,7.6581554
2013-04-13 07:14:09.109475,59274.582,7.658387
2013-04-13 07:43:34.637321,59281.203,7.6560535
2013-04-13 08:13:00.156546,59272.01,7.65714
2013-04-13 08:42:25.667152,59275.75,7.6560135
2013-04-13 09:11:51.195057,59279.414,7.6591787
2013-04-13 09:41:16.714354,59294.28,7.6566014
2013-04-13 10:10:42.225020,59292.355,7.659029
2013-04-13 10:40:07.752996,59275.39,7.6580515
2013-04-13 11:09:33.272352,59282.01,7.660631
2013-04-13 11:38:58.800369,59268.22,7.654276
2013-04-13 12:08:24.311125,59273.42,7.6567206
2013-04-13 12:37:49.830542,59284.02,7.6571155
2013-04-13 13:07:15.358619,59288.99,7.6570287
2013-04-13 13:36:40.869436,59279.25,7.659947
2013-04-13 14:06:06.388913,59286.254,7.65606
2013-04-13 14:35:31.917060,59276.535,7.6593432
2013-04-13 15:04:57.427937,59294.74,7.656418
2013-04-13 15:34:22.956125,59282.695,7.657696
2013-04-13 16:03:48.475692,59291.49,7.6543655
2013-04-13 16:33:13.995270,59288.55,7.6536703
2013-04-13 17:02:39.514878,59277.16,7.6556487
2013-04-13 17:32:05.034506,59290.465,7.6565366
2013-04-13 18:01:30.554153,59281.09,7.657664
2013-04-13 18:30:56.073822,59280.168,7.6571946
2013-04-13 19:00:21.593520,59280.168,7.656601
2013-04-13 19:29:47.113228,59279.855,7.6593347
2013-04-13 19:59:12.641607,59275.91,7.6527796
2013-04-13 20:28:38.152716,59269.754,7.656853
2013-04-13 20:58:03.672494,59278.062,7.6549363
2013-04-13 21:27:29.192283,59266.098,7.6548634
2013-04-13 21:56:54.712102,59295.46,7.6564636
2013-04-13 22:26:20.240581,59282.453,7.6586013
2013-04-13 22:55:45.751800,59289.254,7.659317
2013-04-13 23:25:11.271680,59272.72,7.653658
2013-04-13 23:54:36.800219,59276.664,7.654357
2013-04-14 00:24:02.311499,59285.906,7.653363
2013-04-14 00:53:27.840079,59281.34,7.6549997
2013-04-14 01:22:53.360048,59277.926,7.65339
2013-04-14 01:52:18.871388,59281.9,7.653007
2013-04-14 02:21:44.400028,59280.996,7.654174
2013-04-14 02:51:09.920059,59277.66,7.6553435
2013-04-14 03:20:35.431469,59274.277,7.653547
2013-04-14 03:50:00.960170,59278.895,7.6588073
2013-04-14 04:19:26.480260,59278.05,7.656295
2013-04-14 05:18:17.520501,59266.812,7.6549697
2013-04-14 05:47:43.040652,59262.375,7.65587
2013-04-14 06:17:08.569464,59301.457,7.659191
2013-04-14 06:46:34.081015,59270.484,7.658216
2013-04-14 07:15:59.601226,59276.605,7.6556215
2013-04-14 07:45:25.130098,59272.07,7.654314
2013-04-14 08:14:50.650359,59263.92,7.658335
2013-04-14 08:44:16.161991,59275.582,7.6581373
2013-04-14 09:13:41.690933,59257.223,7.650766
2013-04-14 09:43:07.211244,59278.43,7.655597
2013-04-14 10:12:32.731586,59288.508,7.655447
2013-04-14 10:41:58.251939,59285.31,7.6564064
2013-04-14 11:11:23.772320,59268.1,7.6558824
2013-04-14 11:40:49.292723,59277.926,7.656291
2013-04-14 12:10:14.813146,59293.47,7.6570764
2013-04-14 12:39:40.333588,59271.348,7.657686
2013-04-14 13:09:05.854041,59290.777,7.6549177
2013-04-14 13:38:31.374524,59269.04,7.6512027
2013-04-14 14:07:56.903677,59275.926,7.656009
2013-04-14 14:37:22.415560,59290.266,7.654472
2013-04-14 15:06:47.936103,59278.977,7.6567163
2013-04-14 15:36:13.465306,59277.566,7.6540737
2013-04-14 16:05:38.977250,59285.63,7.6578803
2013-04-14 16:35:04.497864,59280.31,7.65502
2013-04-14 17:04:30.027127,59277.51,7.65478
2013-04-14 17:33:55.539141,59273.156,7.65527
2013-04-14 18:03:21.059805,59280.504,7.657832
2013-04-14 18:32:46.589139,59290.43,7.6572886
2013-04-14 19:02:12.101203,59292.992,7.657518
2013-04-14 19:31:37.630578,59295.312,7.657509
2013-04-14 20:01:03.151332,59300.27,7.655883
2013-04-14 20:30:28.663466,59278.55,7.65908
2013-04-14 20:59:54.192891,59282.145,7.6559634
2013-04-14 21:29:19.713706,59282.7,7.6534476
2013-04-14 21:58:45.234541,59288.98,7.65825
2013-04-14 22:28:10.755396,59273.24,7.6519804
2013-04-14 22:57:36.276271,59278.38,7.6551466
2013-04-14 23:27:01.805806,59286.316,7.6543016
2013-04-14 23:56:27.326722,59277.918,7.656778
2013-04-15 00:25:52.839017,59265.652,7.654144
2013-04-15 00:55:18.368613,59294.277,7.654777
2013-04-15 01:24:43.889598,59289.723,7.658607
2013-04-15 01:54:09.401954,59283.285,7.6567054
2013-04-15 02:23:34.931610,59279.203,7.6565886
2013-04-15 02:53:00.452657,59300.08,7.6563873
2013-04-15 03:22:25.965072,59284.797,7.6585536
2013-04-15 03:51:51.494789,59300.367,7.6588116
2013-04-15 04:21:17.007255,59288.277,7.6565056
2013-04-15 04:50:42.537012,59283.934,7.656441
2013-04-15 05:20:08.058159,59282.375,7.6570473
2013-04-15 05:49:33.570675,59275.81,7.6561856
2013-04-15 06:18:59.100502,59286.453,7.658141
2013-04-15 06:48:24.621699,59278.82,7.658548
2013-04-15 07:17:50.134287,59284.293,7.6551285
2013-04-15 07:47:15.664174,59291.574,7.657921
2013-04-15 08:16:41.185431,59266.176,7.655515
2013-04-15 08:46:06.715358,59290.5,7.6579943
2013-04-15 09:15:32.228026,59289.215,7.658349
2013-04-15 09:44:57.749354,59307.793,7.6591635
2013-04-15 10:14:23.279342,59286.992,7.656596
2013-04-15 10:43:48.792060,59269.57,7.657032
2013-04-15 11:13:14.313448,59293.582,7.6598334
2013-04-15 11:42:39.843496,59282.223,7.6553826
2013-04-15 12:12:05.356284,59282.832,7.658377
2013-04-15 12:41:30.877733,59271.055,7.657157
2013-04-15 13:10:56.407841,59276.164,7.6534486
2013-04-15 13:40:21.929330,59279.66,7.6555834
2013-04-15 14:09:47.450839,59273.496,7.6578026
2013-04-15 14:39:12.972368,59278.99,7.6555495
2013-04-15 15:08:38.493917,59286.58,7.657137
2013-04-15 15:38:04.015486,59297.594,7.6578584
2013-04-15 16:07:29.537075,59304.664,7.6592674
2013-04-15 16:36:55.058685,59282.1,7.654897
2013-04-15 17:06:20.588954,59275.92,7.657102
2013-04-15 17:35:46.101964,59277.195,7.6581774
2013-04-15 18:05:11.632284,59279.836,7.6572022
2013-04-15 18:34:37.153974,59268.715,7.656459
2013-04-15 19:04:02.667043,59273.496,7.656553
2013-04-15 19:33:28.197414,59283.12,7.658218
2013-04-15 20:02:53.710524,59271.82,7.657178
2013-04-15 20:32:19.232304,59274.824,7.6561437
2013-04-15 21:01:44.762735,59270.117,7.656527
2013-04-15 21:31:10.275905,59280.188,7.6569986
2013-04-15 22:00:35.797735,59288.703,7.6577406
2013-04-15 22:30:01.328227,59281.508,7.656397
2013-04-15 22:59:26.841468,59284.492,7.6581473
2013-04-15 23:28:52.371998,59281.13,7.6565437
2013-04-15 23:58:17.893910,59295.934,7.6601796
2013-04-16 00:27:43.407201,59279.727,7.6580973
2013-04-16 00:57:08.937802,59282.65,7.6577682
2013-04-16 01:26:34.459774,59271.11,7.658647
2013-04-16 01:55:59.981766,59281.18,7.657497
2013-04-16 02:25:25.503787,59284.81,7.6581993
2013-04-16 02:54:51.025819,59284.316,7.6595373
2013-04-16 03:24:16.556511,59282.78,7.658755
2013-04-16 03:53:42.069943,59279.156,7.6587453
2013-04-16 04:23:07.592045,59293.832,7.6602793
2013-04-16 04:52:33.122798,59276.816,7.6591
2013-04-16 05:21:58.644930,59277.82,7.6583986
2013-04-16 05:51:24.158443,59287.81,7.657788
2013-04-16 06:20:49.689265,59267.406,7.658493
2013-04-16 06:50:15.211458,59283.34,7.6584973
2013-04-16 07:19:40.733671,59278.934,7.6578903
2013-04-16 07:49:06.255914,59283.387,7.6556034
2013-04-16 08:18:31.778167,59281.03,7.657148
2013-04-16 08:47:57.309080,59270.73,7.658773
2013-04-16 09:17:22.822733,59290.824,7.6585736
2013-04-16 09:46:48.345047,59266.023,7.6575427
2013-04-16 10:16:13.876031,59269.848,7.6590548
2013-04-16 10:45:39.389744,59281.96,7.658622
2013-04-16 11:15:04.912118,59275.305,7.657713
2013-04-16 11:44:30.434512,59270.99,7.658899
2013-04-16 12:13:55.956926,59273.41,7.6592555
2013-04-16 12:43:21.488000,59288.49,7.6566534
2013-04-16 13:12:47.001825,59272.215,7.6589065
2013-04-16 13:42:12.524299,59272.08,7.6556664
2013-04-16 14:11:38.055434,59271.047,7.658229
2013-04-16 14:41:03.569308,59271.7,7.655749
2013-04-16 15:10:29.091843,59252.344,7.655052
2013-04-16 15:39:54.623038,59274.8,7.657329
2013-04-16 16:09:20.136973,59271.688,7.657987
2013-04-16 16:38:45.668208,59291.57,7.657307
2013-04-16 17:08:11.190823,59277.367,7.6570067
2013-04-16 17:37:36.704819,59277.98,7.6589966
2013-04-16 18:07:02.236114,59284.305,7.6555085
2013-04-16 18:36:27.758790,59273.64,7.6555295
2013-04-16 19:05:53.281485,59264.49,7.6546764
2013-04-16 19:35:18.804191,59275.363,7.658734
2013-04-16 20:04:44.326927,59282.266,7.655692
2013-04-16 20:34:09.849683,59274.79,7.6585617
2013-04-16 21:03:35.381099,59280.934,7.659318
2013-04-16 21:33:00.895255,59274.74,7.658562
2013-04-16 22:02:26.426702,59271.914,7.654789
2013-04-16 22:31:51.949538,59266.266,7.6569166
2013-04-16 23:01:17.463755,59283.76,7.6574273
2013-04-16 23:30:42.995261,59280.18,7.6568403
2013-04-17 00:00:08.518158,59277.434,7.6561704
2013-04-17 00:29:34.032435,59282.004,7.6551957
2013-04-17 00:58:59.564003,59275.91,7.6574297
2013-04-17 01:28:25.086959,59283.652,7.6558576
2013-04-17 01:57:50.609927,59276.203,7.655302
2013-04-17 02:27:16.132914,59275.492,7.65618
2013-04-17 02:56:41.647291,59274.49,7.655832
2013-04-17 03:26:07.178959,59293.152,7.657438
2013-04-17 03:55:32.702007,59281.344,7.6549444
2013-04-17 04:54:23.748173,59274.746,7.6537457
2013-04-17 05:23:49.271281,59294.324,7.657363
2013-04-17 05:53:14.794409,59270.39,7.655035
2013-04-17 06:22:40.317557,59267.555,7.6528416
2013-04-17 06:52:05.840736,59279.316,7.6540666
2013-04-17 07:21:31.372564,59271.4,7.6530294
2013-04-17 07:50:56.887123,59278.785,7.649646
2013-04-17 08:20:22.410351,59255.164,7.653276
2013-04-17 08:49:47.942241,59291.953,7.655069
2013-04-17 09:19:13.465510,59273.88,7.651637
2013-04-17 09:48:38.980159,59266.03,7.651483
2013-04-17 10:18:04.512108,59275.344,7.654507
2013-04-17 10:47:30.035427,59266.758,7.653659
2013-04-17 11:16:55.558776,59281.645,7.6514006
2013-04-17 11:46:21.082146,59267.848,7.650605
2013-04-17 12:15:46.605526,59261.45,7.650251
2013-04-17 12:45:12.128936,59271.867,7.6502166
2013-04-17 13:14:37.652356,59275.08,7.6512265
2013-04-17 13:44:03.175796,59273.35,7.6548123
2013-04-17 14:13:28.707906,59269.43,7.6527104
2013-04-17 14:42:54.222746,59263.93,7.6510386
2013-04-17 15:12:19.754887,59278.402,7.653934
2013-04-17 15:41:45.278407,59270.715,7.65295
2013-04-17 16:11:10.793307,59274.77,7.654895
2013-04-17 16:40:36.325508,59285.223,7.6530695
2013-04-17 17:10:01.849089,59267.73,7.6498175
2013-04-17 17:39:27.364050,59275.88,7.6540384
2013-04-17 18:08:52.896311,59271.363,7.653896
2013-04-17 18:38:18.411312,59269.816,7.6522737
2013-04-17 19:07:43.934973,59278.97,7.656296
2013-04-17 19:37:09.467285,59263.57,7.6521745
2013-04-17 20:06:34.982346,59278.227,7.64752
2013-04-17 20:36:00.514708,59285.33,7.654175
2013-04-17 21:05:26.038440,59270.11,7.6504145
2013-04-17 21:34:51.553551,59262.16,7.6555467
2013-04-17 22:04:17.085973,59272.605,7.6493254
2013-04-17 22:33:42.609766,59268.52,7.6517897
2013-04-17 23:03:08.133577,59263.45,7.6531634
2013-04-17 23:32:33.657410,59268.996,7.653943
2013-04-18 00:01:59.181262,59258.38,7.6515336
2013-04-18 00:31:24.713775,59279.324,7.653454
2013-04-18 01:00:50.229027,59270.61,7.6498933
2013-04-18 01:30:15.752940,59281.207,7.653987
2013-04-18 01:59:41.285513,59273.234,7.6498013
2013-04-18 02:29:06.809466,59269.625,7.6549044
2013-04-18 02:58:32.324789,59265.14,7.651973
2013-04-18 03:27:57.857422,59279.957,7.6535134
2013-04-18 03:57:23.381425,59274.12,7.653809
2013-04-18 04:26:48.896819,59264.188,7.6515517
2013-04-18 04:56:14.429502,59285.03,7.652587
2013-04-18 05:25:39.953566,59278.086,7.6505814
2013-04-18 05:55:05.486289,59265.11,7.65237
2013-04-18 06:24:31.001753,59274.64,7.6523466
2013-04-18 06:53:56.525877,59277.91,7.6524677
2013-04-18 07:23:22.058661,59266.945,7.6527343
2013-04-18 07:52:47.574186,59262.883,7.6433945
2013-04-18 08:22:13.098370,59265.445,7.6493115
2013-04-18 08:51:38.631214,59275.035,7.6485353
2013-04-18 09:21:04.146789,59294.03,7.652717
2013-04-18 09:50:29.679674,59279.18,7.651039
2013-04-18 10:19:55.195288,59263.223,7.6493597
2013-04-18 10:49:20.719563,59275.695,7.648837
2013-04-18 11:18:46.252498,59265.273,7.647002
2013-04-18 11:48:11.768183,59266.76,7.6482415
2013-04-18 12:17:37.292518,59253.582,7.6491137
2013-04-18 12:47:02.825514,59271.4,7.6478567
2013-04-18 13:16:28.341239,59270.582,7.652604
2013-04-18 13:45:53.865634,59274.58,7.6505585
2013-04-18 14:15:19.398690,59279.01,7.651513
2013-04-18 14:44:44.923126,59263.883,7.6513047
2013-04-18 15:14:10.447572,59264.61,7.651927
2013-04-18 15:43:35.972038,59275.37,7.654328
2013-04-18 16:13:01.496534,59256.297,7.652026
2013-04-18 16:42:27.021040,59264.23,7.6515355
2013-04-18 17:11:52.545566,59262.746,7.651048
2013-04-18 17:41:18.070112,59262.11,7.6493683
2013-04-18 18:10:43.603319,59265.246,7.6531878
2013-04-18 18:40:09.119266,59283.777,7.648132
2013-04-18 19:09:34.652502,59262.902,7.65219
2013-04-18 19:39:00.177129,59263.85,7.6493683
2013-04-18 20:08:25.693126,59285.18,7.6517
2013-04-18 20:37:51.226433,59269.4,7.6519427
2013-04-18 21:07:16.751111,59271.156,7.651479
2013-04-18 21:36:42.267168,59277.492,7.6527348
2013-04-18 22:06:07.800525,59260.57,7.653029
2013-04-18 22:35:33.325263,59266.918,7.6540318
2013-04-18 23:04:58.841381,59269.19,7.651503
2013-04-18 23:34:24.374798,59267.785,7.649782
2013-04-19 00:03:49.899596,59255.617,7.6525526
2013-04-19 00:33:15.433044,59259.008,7.650731
2013-04-19 01:02:40.949232,59255.77,7.6525373
2013-04-19 01:32:06.465450,59259.793,7.6530104
2013-04-19 02:01:31.998959,59278.24,7.652133
2013-04-19 02:30:57.523847,59271.008,7.65346
2013-04-19 03:00:23.048755,59287.457,7.654016
2013-04-19 03:29:48.573684,59266.273,7.652897
2013-04-19 03:59:14.098633,59267.96,7.6542854
2013-04-19 04:28:39.632232,59274.62,7.653289
2013-04-19 04:58:05.148581,59263.89,7.653525
2013-04-19 05:27:30.673579,59270.02,7.654727
2013-04-19 05:56:56.207239,59285.543,7.6544495
2013-04-19 06:26:21.732288,59273.316,7.653234
2013-04-19 06:55:47.248707,59264.55,7.653065
2013-04-19 07:25:12.782417,59273.8,7.653969
2013-04-19 07:54:38.307516,59268.1,7.6525407
2013-04-19 08:24:03.832636,59268.176,7.653495
2013-04-19 08:53:29.357766,59264.223,7.6544104
2013-04-19 09:22:54.882926,59268.32,7.6532946
2013-04-19 09:52:20.416736,59281.047,7.6543465
2013-04-19 10:21:45.933286,59275.605,7.6540475
2013-04-19 10:51:11.458496,59269.562,7.653858
2013-04-19 11:20:36.992367,59289.74,7.656932
2013-04-19 11:50:02.508977,59265.742,7.6547365
2013-04-19 12:19:28.034247,59269.05,7.656369
2013-04-19 12:48:53.568168,59277.188,7.655084
2013-04-19 13:18:19.084829,59260.33,7.654221
2013-04-19 13:47:44.618800,59271.473,7.6544704
2013-04-19 14:17:10.144141,59258.4,7.6529503
2013-04-19 14:46:35.660862,59283.176,7.6557436
2013-04-19 15:16:01.194883,59252.555,7.6560225
2013-04-19 15:45:26.720275,59260.586,7.654311
2013-04-19 16:14:52.237056,59276.773,7.6529865
2013-04-19 16:44:17.771138,59269.08,7.6552634
2013-04-19 17:13:43.287949,59267.73,7.6556807
2013-04-19 17:43:08.822061,59250.49,7.654442
2013-04-19 18:12:34.347553,59273.164,7.6564784
2013-04-19 18:41:59.864425,59264.082,7.6553645
2013-04-19 19:11:25.398597,59275.69,7.656626
2013-04-19 19:40:50.924139,59264.848,7.653296
2013-04-19 20:10:16.449712,59248.254,7.655515
2013-04-19 20:39:41.975294,59259.8,7.6509013
2013-04-19 21:09:07.500896,59271.992,7.656356
2013-04-19 21:38:33.026519,59266.75,7.6557755
2013-04-19 22:07:58.552162,59261.12,7.6539207
2013-04-19 22:37:24.077825,59261.83,7.655355
2013-04-19 23:06:49.612148,59281.363,7.655775
2013-04-19 23:36:15.137841,59285.457,7.6563206
2013-04-20 00:05:40.654914,59260.086,7.6552124
2013-04-20 00:35:06.189298,59267.562,7.6546144
2013-04-20 01:04:31.715041,59292.34,7.6564503
2013-04-20 01:33:57.232174,59250.74,7.654798
2013-04-20 02:03:22.766608,59271.754,7.6546607
2013-04-20 02:32:48.292421,59262.96,7.653751
2013-04-20 03:02:13.826886,59270.867,7.6563215
2013-04-20 03:31:39.344090,59248.805,7.654193
2013-04-20 04:30:30.404478,59272.574,7.6558547
2013-04-20 04:59:55.921742,59257.87,7.655412
2013-04-20 05:29:21.447666,59259.867,7.654884
2013-04-20 05:58:46.982241,59271.895,7.6568685
2013-04-20 06:28:12.499555,59277.324,7.6568437
2013-04-20 06:57:38.025540,59263.055,7.6562567
2013-04-20 07:27:03.560175,59263.13,7.6537995
2013-04-20 07:56:29.077540,59269.23,7.656003
2013-04-20 08:25:54.612215,59266.17,7.6552606
2013-04-20 08:55:20.129630,59268.13,7.655739
2013-04-20 09:24:45.655695,59276.004,7.6550403
2013-04-20 09:54:11.190420,59269.24,7.6560163
2013-04-20 10:23:36.707886,59269.83,7.6540847
2013-04-20 10:53:02.234012,59273.516,7.6547713
2013-04-20 11:22:27.768797,59271.26,7.658881
2013-04-20 11:51:53.294953,59260.348,7.6579795
2013-04-20 12:21:18.821129,59272.27,7.6553326
2013-04-20 12:50:44.347334,59276.562,7.657098
2013-04-20 13:20:09.873551,59273.523,7.6564827
2013-04-20 13:49:35.399787,59285.938,7.6580176
2013-04-20 14:19:00.926033,59272.348,7.654816
2013-04-20 14:48:26.452310,59283.28,7.6565914
2013-04-20 15:17:51.987236,59259.85,7.6548634
2013-04-20 15:47:17.504903,59273.9,7.6556535
2013-04-20 16:16:43.039870,59273.426,7.655964
2013-04-20 16:46:08.566217,59258.863,7.653089
2013-04-20 17:15:34.083933,59283.18,7.6569233
2013-04-20 17:44:59.618960,59279.48,7.655058
2013-04-20 18:14:25.145358,59267.336,7.6547656
2013-04-20 18:43:50.663134,59272.21,7.6573358
2013-04-20 19:13:16.198212,59266.88,7.6578455
2013-04-20 19:42:41.724670,59275.625,7.6581607
2013-04-20 20:12:07.242497,59278.918,7.655153
2013-04-20 20:41:32.777635,59275.918,7.6556053
2013-04-20 21:10:58.304143,59261.535,7.655861
2013-04-20 21:40:23.830670,59266.832,7.6561055
2013-04-20 22:09:49.357218,59275.496,7.6574078
2013-04-20 22:39:14.883777,59293.625,7.6559305
2013-04-20 23:08:40.410365,59275.547,7.6571097
2013-04-20 23:38:05.936963,59277.367,7.6562724
2013-04-21 00:07:31.463582,59264.395,7.655244
2013-04-21 00:36:56.990220,59275.832,7.6564946
2013-04-21 01:06:22.516869,59281.734,7.656279
2013-04-21 01:35:48.052187,59278.36,7.6566916
2013-04-21 02:05:13.570236,59272.965,7.654673
2013-04-21 02:34:39.096945,59269.504,7.656423
2013-04-21 03:04:04.632314,59268.49,7.6557684
2013-04-21 03:33:30.159063,59274.746,7.655092
2013-04-21 04:02:55.677183,59262.156,7.656954
2013-04-21 04:32:21.212612,59273.71,7.6557465
2013-04-21 05:01:46.739411,59271.88,7.65724
2013-04-21 05:31:12.257591,59276.38,7.6586146
2013-04-21 06:00:37.793071,59292.566,7.656836
2013-04-21 06:30:03.319920,59267.13,7.65742
2013-04-21 06:59:28.855430,59277.023,7.658577
2013-04-21 07:28:54.373690,59269.88,7.6557946
2013-04-21 07:58:19.900590,59264.27,7.6558824
2013-04-21 08:27:45.436161,59281.324,7.655499
2013-04-21 08:57:10.954471,59267.37,7.6531205
2013-04-21 09:26:36.481431,59288.48,7.656154
2013-04-21 09:56:02.017052,59262.45,7.6565013
2013-04-21 10:25:27.535412,59283.61,7.6573515
2013-04-21 10:54:53.071073,59270.96,7.654075
2013-04-21 11:24:18.598104,59272.258,7.657003
2013-04-21 11:53:44.116525,59262.52,7.656214
2013-04-21 12:23:09.652236,59263.637,7.6570783
2013-04-21 12:52:35.179327,59285.008,7.655538
2013-04-21 13:22:00.697788,59275.355,7.656506
2013-04-21 13:51:26.233560,59288.574,7.657173
2013-04-21 14:20:51.760701,59276.594,7.654195
2013-04-21 14:50:17.279222,59269.504,7.6566167
2013-04-21 15:19:42.815044,59281.965,7.6567264
2013-04-21 15:49:08.342236,59267.773,7.65551
2013-04-21 16:18:33.869458,59291.156,7.657315
2013-04-21 16:47:59.396690,59317.39,7.656887
2013-04-21 17:17:24.923942,59284.445,7.6573524
2013-04-21 17:46:50.451214,59284.45,7.6570582
2013-04-21 18:16:15.978497,59284.133,7.6559453
2013-04-21 18:45:41.505809,59282.887,7.656546
2013-04-21 19:15:07.033131,59266.656,7.654302
2013-04-21 19:44:32.560474,59279.105,7.657105
2013-04-21 20:13:58.096467,59269.785,7.6562166
2013-04-21 20:43:23.623850,59261.137,7.654626
2013-04-21 21:12:49.142603,59278.965,7.654359
2013-04-21 21:42:14.678655,59270.984,7.656488
2013-04-21 22:11:40.206089,59269.047,7.6540446
2013-04-21 22:41:05.724892,59274.81,7.654203
2013-04-21 23:10:31.260995,59265.16,7.656762
2013-04-21 23:39:56.788489,59286.234,7.657373
2013-04-22 00:09:22.307342,59271.0,7.6588464
2013-04-22 00:38:47.843505,59272.977,7.6564345
2013-04-22 01:08:13.371039,59265.438,7.655939
2013-04-22 01:37:38.907244,59264.215,7.655893
2013-04-22 02:07:04.426168,59275.242,7.656536
2013-04-22 02:36:29.953761,59284.094,7.656832
2013-04-22 03:05:55.490016,59278.484,7.656128
2013-04-22 03:35:21.008999,59286.195,7.653484
2013-04-22 04:04:46.536644,59275.16,7.656004
2013-04-22 04:34:12.072949,59288.42,7.657086
2013-04-22 05:03:37.591983,59269.99,7.6550913
2013-04-22 05:33:03.128318,59281.28,7.65657
2013-04-22 06:02:28.656033,59267.836,7.653195
2013-04-22 06:31:54.175127,59282.438,7.6544566
2013-04-22 07:01:19.711522,59275.145,7.6544237
2013-04-22 07:30:45.239288,59270.68,7.651464
2013-04-22 08:00:10.758433,59280.41,7.6547656
2013-04-22 08:29:36.294878,59278.043,7.6538725
2013-04-22 08:59:01.822704,59264.44,7.652208
2013-04-22 09:28:27.341899,59267.24,7.6542387
2013-04-22 09:57:52.878394,59289.406,7.6540437
2013-04-22 10:27:18.406270,59270.203,7.653847
2013-04-22 10:56:43.942806,59277.434,7.6531296
2013-04-22 11:26:09.462072,59273.816,7.6533737
2013-04-22 11:55:34.989998,59281.473,7.65101
2013-04-22 12:25:00.526584,59275.223,7.6539717
2013-04-22 12:54:26.045910,59289.61,7.6555314
2013-04-22 13:23:51.573887,59284.29,7.652909
2013-04-22 13:53:17.110528,59281.676,7.653953
2013-04-22 14:22:42.629899,59269.23,7.6541395
2013-04-22 14:52:08.166576,59281.285,7.652597
2013-04-22 15:21:33.694622,59275.047,7.654671
2013-04-22 15:50:59.214054,59270.855,7.652839
2013-04-22 16:20:24.750777,59265.98,7.652909
2013-04-22 16:49:50.278883,59262.29,7.6522474
2013-04-22 17:19:15.798360,59268.637,7.6520147
2013-04-22 17:48:41.335143,59267.348,7.6548767
2013-04-22 18:18:06.863295,59270.85,7.6508427
2013-04-22 18:47:32.391473,59276.887,7.653807
2013-04-22 19:16:57.919660,59288.133,7.65526
2013-04-22 19:46:23.447867,59266.05,7.6517525
2013-04-22 20:15:48.976095,59285.055,7.651776
2013-04-22 20:45:14.504338,59276.63,7.653946
2013-04-22 21:14:40.032601,59282.38,7.6504173
2013-04-22 21:44:05.560879,59275.71,7.6487417
2013-04-22 22:13:31.089172,59284.047,7.6515803
2013-04-22 22:42:56.617485,59282.97,7.6518116
2013-04-22 23:12:22.145814,59283.21,7.653724
2013-04-22 23:41:47.674162,59283.965,7.6497583
2013-04-23 00:11:13.211171,59277.59,7.6522336
2013-04-23 00:40:38.739555,59275.066,7.6508503
2013-04-23 01:10:04.259313,59276.535,7.6502805
2013-04-23 01:39:29.796372,59269.832,7.6500025
2013-04-23 02:08:55.324806,59293.57,7.6520557
2013-04-23 02:38:20.844615,59283.133,7.6500435
2013-04-23 03:07:46.381729,59263.08,7.653408
2013-04-23 04:06:37.430078,59277.91,7.6513157
2013-04-23 04:36:02.967242,59282.13,7.6535945
2013-04-23 05:05:28.495782,59272.613,7.6523304
2013-04-23 05:34:54.032976,59278.18,7.651734
2013-04-23 06:04:19.552911,59283.023,7.6534348
2013-04-23 06:33:45.081501,59280.992,7.6500945
2013-04-23 07:03:10.618751,59265.49,7.653537
2013-04-23 07:32:36.138736,59268.44,7.651292
2013-04-23 08:02:01.667381,59278.973,7.6512566
2013-04-23 08:31:27.204681,59276.15,7.6535296
2013-04-23 09:00:52.724717,59284.418,7.652893
2013-04-23 09:30:18.262052,59277.0,7.6525993
2013-04-23 09:59:43.790762,59274.72,7.65225
2013-04-23 10:29:09.310853,59265.547,7.6491394
2013-04-23 10:58:34.848239,59258.8,7.650376
2013-04-23 11:28:00.377005,59283.42,7.6514325
2013-04-23 11:57:25.905786,59282.113,7.648532
2013-04-23 12:26:51.434582,59287.05,7.6519017
2013-04-23 12:56:16.963398,59274.953,7.648084
2013-04-23 13:25:42.483589,59282.23,7.650963
2013-04-23 13:55:08.021081,59273.082,7.652315
2013-04-23 14:24:33.549947,59279.977,7.650973
2013-04-23 14:53:59.078834,59293.09,7.652377
2013-04-23 15:23:24.607735,59291.906,7.652768
2013-04-23 15:52:50.136652,59285.86,7.6513405
2013-04-23 16:22:15.674229,59269.453,7.6518993
2013-04-23 16:51:41.194541,59284.45,7.6525083
2013-04-23 17:21:06.723507,59296.14,7.65133
2013-04-23 17:50:32.261135,59298.926,7.651509
2013-04-23 18:19:57.781502,59299.67,7.651601
2013-04-23 18:49:23.319159,59275.83,7.65114
2013-04-23 19:18:48.848202,59280.934,7.6522202
2013-04-23 19:48:14.368615,59280.77,7.649677
2013-04-23 20:17:39.906327,59274.566,7.6520305
2013-04-23 20:47:05.435420,59296.14,7.6511164
2013-04-23 21:16:30.955883,59275.324,7.649443
2013-04-23 21:45:56.493645,59267.066,7.648215
2013-04-23 22:15:22.022789,59269.625,7.650155
2013-04-23 22:44:47.543307,59268.38,7.6524086
2013-04-23 23:14:13.081120,59285.363,7.652749
2013-04-23 23:43:38.610313,59290.996,7.6490674
2013-04-24 00:13:04.148162,59289.035,7.646756
2013-04-24 00:42:29.668745,59292.785,7.649301
2013-04-24 01:11:55.197989,59294.895,7.648558
2013-04-24 01:41:20.735892,59277.746,7.649917
2013-04-24 02:10:46.256526,59275.85,7.6527576
2013-04-24 02:40:11.785820,59283.332,7.649532
2013-04-24 03:09:37.323775,59262.062,7.6501875
2013-04-24 03:39:02.853098,59284.5,7.648855
2013-04-24 04:08:28.382443,59277.85,7.6506906
2013-04-24 04:37:53.911807,59303.406,7.6517053
2013-04-24 05:07:19.432546,59279.016,7.6487584
2013-04-24 05:36:44.970581,59286.844,7.6478868
2013-04-24 06:06:10.499991,59293.438,7.6503224
2013-04-24 06:35:36.020780,59264.695,7.6497827
2013-04-24 07:05:01.558870,59284.82,7.648366
2013-04-24 07:34:27.088330,59260.08,7.648184
2013-04-24 08:03:52.609170,59278.42,7.6460257
2013-04-24 08:33:18.147305,59267.44,7.649552
2013-04-24 09:02:43.676820,59268.67,7.6499515
2013-04-24 09:32:09.214990,59285.477,7.650562
2013-04-24 10:01:34.735901,59271.043,7.6476665
2013-04-24 10:31:00.265461,59279.938,7.6501064
2013-04-24 11:00:25.803682,59284.184,7.652363
2013-04-24 11:29:51.324643,59272.19,7.6477604
2013-04-24 11:59:16.854258,59293.332,7.6485977
2013-04-24 12:28:42.392529,59282.793,7.649078
2013-04-24 12:58:07.913535,59279.676,7.647702
2013-04-24 13:27:33.451841,59286.543,7.650193
2013-04-24 13:56:58.981522,59262.1,7.6492677
2013-04-24 14:26:24.502584,59278.816,7.6519933
2013-04-24 14:55:50.040935,59273.64,7.650722
2013-04-24 15:25:15.570671,59282.555,7.6519237
2013-04-24 15:54:41.100418,59273.477,7.6488667
2013-04-24 16:24:06.630184,59283.418,7.6498613
2013-04-24 16:53:32.159966,59281.4,7.6497355
2013-04-24 17:22:57.689763,59282.457,7.6516695
2013-04-24 17:52:23.219580,59279.477,7.650458
2013-04-24 18:21:48.749412,59304.82,7.653871
2013-04-24 18:51:14.279265,59267.27,7.6499166
2013-04-24 19:20:39.817771,59280.715,7.650803
2013-04-24 19:50:05.339009,59267.723,7.652455
2013-04-24 20:19:30.868912,59285.715,7.6481857
2013-04-24 20:48:56.398824,59286.35,7.6522617
2013-04-24 21:18:21.928756,59272.992,7.646481
2013-04-24 21:47:47.467349,59286.6,7.6471605
2013-04-24 22:17:12.988672,59288.74,7.6488748
2013-04-24 22:46:38.527295,59278.41,7.6456466
2013-04-24 23:16:04.057293,59278.27,7.648015
2013-04-24 23:45:29.578671,59285.574,7.6502466
2013-04-25 00:14:55.117344,59288.887,7.6447206
2013-04-25 00:44:20.647392,59276.64,7.6493125
2013-04-25 01:13:46.168816,59279.855,7.6482787
2013-04-25 01:43:11.707539,59286.41,7.6500874
2013-04-25 02:12:37.237638,59272.156,7.6436586
2013-04-25 02:42:02.776391,59286.133,7.645166
2013-04-25 03:11:28.297885,59277.777,7.6482635
2013-04-25 03:40:53.828034,59279.58,7.6479983
2013-04-25 04:10:19.366838,59285.684,7.645081
2013-04-25 04:39:44.888377,59267.004,7.6468315
2013-04-25 05:09:10.418577,59267.594,7.647573
2013-04-25 05:38:35.957431,59268.316,7.644424
2013-04-25 06:08:01.479020,59302.574,7.6483192
2013-04-25 06:37:27.009269,59279.086,7.646453
2013-04-25 07:06:52.548174,59273.41,7.646912
2013-04-25 07:36:18.078454,59274.234,7.6491027
2013-04-25 08:05:43.608748,59277.53,7.6456738
2013-04-25 08:35:09.139063,59294.754,7.649279
2013-04-25 09:04:34.669393,59280.223,7.647123
2013-04-25 09:34:00.199738,59283.324,7.646781
2013-04-25 10:03:25.730103,59275.168,7.646254
2013-04-25 10:32:51.260478,59280.223,7.648417
2013-04-25 11:02:16.790873,59276.496,7.645535
2013-04-25 11:31:42.321289,59279.098,7.6460977
2013-04-25 12:01:07.851715,59285.617,7.6498933
2013-04-25 12:30:33.382160,59271.32,7.648884
2013-04-25 12:59:58.912621,59279.297,7.647267
2013-04-25 13:29:24.451737,59282.395,7.649951
2013-04-25 13:58:49.973592,59286.5,7.6482897
2013-04-25 14:28:15.504103,59275.836,7.6510916
2013-04-25 14:57:41.043270,59272.492,7.6503873
2013-04-25 15:27:06.565170,59278.2,7.6502304
2013-04-25 15:56:32.095732,59278.5,7.6530886
2013-04-25 16:25:57.634943,59291.574,7.6472087
2013-04-25 16:55:23.156894,59290.75,7.649806
2013-04-25 17:24:48.696146,59284.215,7.6502995
2013-04-25 17:54:14.226768,59270.43,7.6494565
2013-04-25 18:23:39.748769,59280.7,7.649069
2013-04-25 18:53:05.288066,59272.633,7.648907
2013-04-25 19:22:30.818738,59265.16,7.648597
2013-04-25 19:51:56.340790,59280.18,7.6481934
2013-04-25 20:21:21.880137,59267.43,7.6510944
2013-04-25 20:50:47.410855,59281.95,7.650528
2013-04-25 21:20:12.950237,59290.258,7.649544
2013-04-25 21:49:38.472349,59291.918,7.650095
2013-04-25 22:19:04.003122,59281.664,7.6507063
2013-04-25 22:48:29.542549,59284.656,7.6513343
2013-04-25 23:17:55.073352,59279.742,7.6506333
2013-04-25 23:47:20.595530,59271.402,7.648091
2013-04-26 00:16:46.135002,59281.055,7.649474
2013-04-26 00:46:11.665855,59279.355,7.6513133
2013-04-26 01:15:37.188084,59277.15,7.6502123
2013-04-26 01:45:02.727606,59270.1,7.6486464
2013-04-26 02:14:28.258510,59289.645,7.6513505
2013-04-26 02:43:53.789423,59285.883,7.6488
2013-04-26 03:42:44.842665,59271.34,7.6497064
2013-04-26 04:12:10.382269,59282.184,7.649827
2013-04-26 04:41:35.913247,59269.96,7.6494293
2013-04-26 05:11:01.435606,59284.0,7.648071
2013-04-26 05:40:26.975260,59277.496,7.6468062
2013-04-26 06:09:52.506289,59278.17,7.651325
2013-04-26 06:39:18.045973,59283.707,7.650177
2013-04-26 07:08:43.568397,59265.19,7.649977
2013-04-26 07:38:09.099471,59273.438,7.6521134
2013-04-26 08:07:34.639206,59272.14,7.6488924
2013-04-26 08:37:00.161675,59263.977,7.647914
2013-04-26 09:06:25.692800,59275.21,7.649338
2013-04-26 09:35:51.232579,59275.95,7.650168
2013-04-26 10:05:16.755099,59283.82,7.6513467
2013-04-26 10:34:42.286274,59277.965,7.6500964
2013-04-26 11:04:07.826104,59276.574,7.653244
2013-04-26 11:33:33.348668,59267.766,7.6505823
2013-04-26 12:02:58.888529,59267.117,7.6471467
2013-04-26 12:32:24.419764,59262.266,7.650563
2013-04-26 13:01:49.951019,59278.1,7.6518774
2013-04-26 13:31:15.482290,59278.29,7.650707
2013-04-26 14:00:41.013575,59262.414,7.6499643
2013-04-26 14:30:06.544875,59276.79,7.6514
2013-04-26 14:59:32.076191,59273.465,7.6511865
2013-04-26 15:28:57.607522,59265.477,7.6490593
2013-04-26 15:58:23.138873,59273.46,7.6491613
2013-04-26 16:27:48.678879,59264.8,7.6474514
2013-04-26 16:57:14.201620,59258.64,7.649942
2013-04-26 17:26:39.741656,59269.09,7.6476617
2013-04-26 17:56:05.273067,59272.332,7.6493063
2013-04-26 18:25:30.795859,59281.777,7.653147
2013-04-26 18:54:56.335940,59266.21,7.6494517
2013-04-26 19:24:21.858761,59262.28,7.648632
2013-04-26 19:53:47.390238,59279.13,7.6516047
2013-04-26 20:23:12.930369,59269.19,7.6498795
2013-04-26 20:52:38.453236,59271.445,7.639637
2013-04-26 21:22:03.993398,59268.992,7.651793
2013-04-26 21:51:29.524940,59268.773,7.6512904
2013-04-26 22:20:55.047852,59267.54,7.6504264
2013-04-26 22:50:20.588064,59270.07,7.652338
2013-04-26 23:19:46.119651,59270.754,7.6515746
2013-04-26 23:49:11.642613,59264.77,7.647755
2013-04-27 00:18:37.182871,59261.047,7.6519814
2013-04-27 00:48:02.714503,59269.105,7.650965
2013-04-27 01:17:28.246156,59283.89,7.6521134
2013-04-27 01:46:53.777823,59279.863,7.6491795
2013-04-27 02:16:19.309501,59271.965,7.652537
2013-04-27 02:45:44.849839,59277.465,7.652224
2013-04-27 03:15:10.372912,59268.277,7.65124
2013-04-27 03:44:35.904640,59266.63,7.6495075
2013-04-27 04:14:01.445023,59391.766,7.6693897
2013-04-27 04:43:26.976781,59286.734,7.6520205
2013-04-27 05:12:52.499920,59265.9,7.6520844
2013-04-27 05:42:18.040348,59284.164,7.6523347
2013-04-27 06:11:43.572156,59267.934,7.6524186
2013-04-27 06:41:09.103980,59269.445,7.65156
2013-04-27 07:10:34.635819,59268.633,7.6512313
2013-04-27 07:40:00.167672,59277.82,7.6530647
2013-04-27 08:09:25.708181,59270.72,7.6514072
2013-04-27 08:38:51.231425,59280.484,7.6535826
2013-04-27 09:08:16.763324,59268.273,7.651309
2013-04-27 09:37:42.303883,59284.996,7.65149
2013-04-27 10:07:07.827173,59262.582,7.651656
2013-04-27 10:36:33.359122,59264.777,7.6518755
2013-04-27 11:05:58.891086,59272.77,7.651811
2013-04-27 11:35:24.423061,59284.87,7.6520867
2013-04-27 12:04:49.963695,59270.098,7.6524425
2013-04-27 12:34:15.487065,59288.543,7.6546016
2013-04-27 13:03:41.019090,59267.5,7.6506324
2013-04-27 13:33:06.559774,59275.39,7.6528535
2013-04-27 14:02:32.083189,59261.31,7.6514153
2013-04-27 14:31:57.615260,59268.36,7.651435
2013-04-27 15:01:23.155989,59270.75,7.6517367
2013-04-27 15:30:48.679450,59272.293,7.6498613
2013-04-27 16:00:14.220210,59279.184,7.651913
2013-04-27 16:29:39.752345,59293.54,7.652581
2013-04-27 16:59:05.275851,59275.227,7.652597
2013-04-27 17:28:30.816657,59285.383,7.651725
2013-04-27 17:57:56.348837,59277.16,7.6518598
2013-04-27 18:27:21.881033,59293.363,7.6530476
2013-04-27 18:56:47.413244,59280.527,7.653066
2013-04-27 19:26:12.945469,59276.7,7.651991
2013-04-27 19:55:38.477711,59277.508,7.650215
2013-04-27 20:25:04.018612,59266.418,7.650722
2013-04-27 20:54:29.542243,59275.363,7.653749
2013-04-27 21:23:55.083169,59269.887,7.651243
2013-04-27 21:53:20.615475,59271.613,7.652907
2013-04-27 22:22:46.139152,59273.594,7.652536
2013-04-27 22:52:11.680129,59281.816,7.653063
2013-04-27 23:21:37.212475,59270.53,7.6496167
2013-04-27 23:51:02.736202,59276.39,7.6520195
2013-04-28 00:20:28.277224,59268.055,7.6520004
2013-04-28 00:49:53.809615,59288.258,7.652377
2013-04-28 01:19:19.342027,59278.492,7.650894
2013-04-28 01:48:44.874455,59260.402,7.652207
2013-04-28 02:18:10.398257,59266.383,7.650965
2013-04-28 02:47:35.939354,59252.87,7.6499324
2013-04-28 03:17:01.471826,59268.44,7.651555
2013-04-28 03:46:26.995674,59272.4,7.649907
2013-04-28 04:15:52.536816,59258.707,7.6503205
2013-04-28 04:45:18.069334,59265.535,7.647992
2013-04-28 05:14:43.601867,59279.395,7.6514797
2013-04-28 05:44:09.134419,59259.19,7.649271
2013-04-28 06:13:34.666982,59255.004,7.6499004
2013-04-28 06:43:00.208200,59279.875,7.6519604
2013-04-28 07:12:25.732153,59280.45,7.65052
2013-04-28 07:41:51.264766,59275.188,7.64974
2013-04-28 08:11:16.806029,59259.18,7.6493387
2013-04-28 08:40:42.338668,59262.453,7.649803
2013-04-28 09:10:07.862686,59268.027,7.650485
2013-04-28 09:39:33.403994,59277.65,7.6528296
2013-04-28 10:08:58.936683,59263.523,7.651175
2013-04-28 10:38:24.469382,59260.613,7.650263
2013-04-28 11:07:50.002095,59285.582,7.65331
2013-04-28 11:37:15.534829,59274.75,7.6505075
2013-04-28 12:06:41.067574,59282.707,7.6498303
2013-04-28 12:36:06.600337,59282.434,7.649478
2013-04-28 13:05:32.133111,59284.87,7.650889
2013-04-28 13:34:57.674546,59262.867,7.6498957
2013-04-28 14:04:23.198710,59271.96,7.65157
2013-04-28 14:33:48.731534,59274.62,7.651229
2013-04-28 15:03:14.273009,59275.117,7.650868
2013-04-28 15:32:39.797223,59277.703,7.6503434
2013-04-28 16:02:05.338728,59256.434,7.6492805
2013-04-28 16:31:30.871613,59273.047,7.6501126
2013-04-28 17:00:56.395867,59264.082,7.651979
2013-04-28 17:30:21.937422,59279.633,7.6509056
2013-04-28 17:59:47.461707,59281.742,7.64801
2013-04-28 18:29:12.994652,59264.395,7.650804
2013-04-28 18:58:38.536247,59266.55,7.6486287
2013-04-28 19:28:04.060583,59269.344,7.647879
2013-04-28 19:57:29.602208,59268.793,7.6494746
2013-04-28 20:26:55.135208,59264.164,7.650219
2013-04-28 20:56:20.659589,59260.125,7.6486497
2013-04-28 21:25:46.201259,59266.965,7.6493015
2013-04-28 21:55:11.734305,59277.06,7.6491127
2013-04-28 22:24:37.267371,59267.47,7.6508574
2013-04-28 22:54:02.800447,59267.016,7.649048
2013-04-28 23:23:28.333538,59265.367,7.6483383
2013-04-28 23:52:53.866644,59276.01,7.6489615
2013-04-29 00:22:19.399770,59268.016,7.649362
2013-04-29 00:51:44.932906,59304.902,7.6507297
2013-04-29 01:21:10.474698,59282.062,7.6491675
2013-04-29 01:50:36.007863,59275.355,7.649648
2013-04-29 02:20:01.532405,59265.67,7.6487617
2013-04-29 03:18:52.607453,59276.223,7.6465845
2013-04-29 03:48:18.132040,59276.95,7.6484694
2013-04-29 04:17:43.673922,59277.88,7.6482825
2013-04-29 04:47:09.207178,59263.74,7.64747
2013-04-29 05:16:34.731805,59263.094,7.647906
2013-04-29 05:46:00.273732,59276.348,7.6467667
2013-04-29 06:15:25.807035,59265.098,7.646346
2013-04-29 06:44:51.348987,59259.402,7.642616
2013-04-29 07:14:16.873679,59268.79,7.645358
2013-04-29 07:43:42.407021,59271.703,7.6459336
2013-04-29 08:13:07.949024,59273.6,7.646205
2013-04-29 08:42:33.473756,59267.48,7.644327
2013-04-29 09:11:59.007144,59268.78,7.6443367
2013-04-29 09:41:24.540552,59256.44,7.643474
2013-04-29 10:10:50.073970,59274.81,7.645579
2013-04-29 10:40:15.616043,59270.96,7.6452765
2013-04-29 11:09:41.140851,59273.844,7.6447897
2013-04-29 11:39:06.674313,59272.652,7.644627
2013-04-29 12:08:32.216432,59279.14,7.645579
2013-04-29 12:37:57.741285,59276.07,7.6439166
2013-04-29 13:07:23.274788,59274.184,7.642763
2013-04-29 13:36:48.816952,59271.832,7.643104
2013-04-29 14:06:14.350491,59268.793,7.6394143
2013-04-29 14:35:39.875399,59290.008,7.6446905
2013-04-29 15:05:05.417608,59280.543,7.6399016
2013-04-29 15:34:30.951187,59278.9,7.639421
2013-04-29 16:03:56.484780,59282.77,7.6415315
2013-04-29 16:33:22.018389,59280.812,7.643624
2013-04-29 17:02:47.552018,59275.863,7.6436343
2013-04-29 17:32:13.094297,59277.004,7.6412416
2013-04-29 18:01:38.619306,59261.105,7.637596
2013-04-29 18:31:04.152976,59279.59,7.6418986
2013-04-29 19:00:29.695300,59272.465,7.6397076
2013-04-29 19:29:55.220354,59282.133,7.641927
2013-04-29 19:59:20.762709,59296.918,7.6410484
2013-04-29 20:28:46.296433,59284.938,7.6410646
2013-04-29 20:58:11.821538,59277.418,7.6424155
2013-04-29 21:27:37.363933,59291.84,7.641999
2013-04-29 21:57:02.897703,59275.016,7.640743
2013-04-29 22:26:28.422848,59270.508,7.642585
2013-04-29 22:55:53.965288,59256.03,7.641146
2013-04-29 23:25:19.499103,59268.445,7.639451
2013-04-29 23:54:45.024288,59263.832,7.641533
2013-04-30 00:24:10.566774,59274.938,7.6400437
2013-04-30 00:53:36.091989,59275.145,7.641273
2013-04-30 01:23:01.634499,59275.207,7.6378207
2013-04-30 01:52:27.168384,59293.906,7.6367664
2013-04-30 02:21:52.702285,59268.52,7.639485
2013-04-30 02:51:18.236201,59276.492,7.641585
2013-04-30 03:20:43.770132,59290.523,7.6377335
2013-04-30 03:50:09.304078,59282.508,7.638496
2013-04-30 04:19:34.838034,59280.312,7.639889
2013-04-30 04:49:00.372009,59283.086,7.6410813
2013-04-30 05:18:25.914636,59271.344,7.6372123
2013-04-30 05:47:51.448637,59270.348,7.637019
2013-04-30 06:17:16.974014,59277.98,7.639455
2013-04-30 06:46:42.516685,59276.36,7.6375227
2013-04-30 07:16:08.050731,59274.598,7.6376457
2013-04-30 07:45:33.576147,59288.82,7.64286
2013-04-30 08:14:59.118859,59298.152,7.639757
2013-04-30 08:44:24.652951,59281.133,7.6397123
2013-04-30 09:13:50.178413,59279.125,7.643623
2013-04-30 09:43:15.721169,59280.4,7.6425734
2013-04-30 10:12:41.255302,59273.75,7.6411433
2013-04-30 10:42:06.798083,59273.15,7.640847
2013-04-30 11:11:32.323606,59267.97,7.642795
2013-04-30 11:40:57.857778,59279.312,7.642587
2013-04-30 12:10:23.400605,59283.824,7.639602
2013-04-30 12:39:48.926167,59276.47,7.642933
2013-04-30 13:09:14.460385,59268.82,7.643004
2013-04-30 13:38:40.003257,59266.38,7.64351
2013-04-30 14:08:05.528865,59269.773,7.641278
2013-04-30 14:37:31.063123,59285.88,7.6434093
2013-04-30 15:06:56.606035,59279.547,7.6439342
2013-04-30 15:36:22.131683,59268.848,7.641815
2013-04-30 16:05:47.674627,59272.77,7.642974
2013-04-30 16:35:13.200304,59268.207,7.644757
2013-04-30 17:04:38.734632,59287.445,7.6452694
2013-04-30 17:34:04.277621,59277.387,7.6430326
2013-04-30 18:03:29.803339,59286.64,7.6392736
2013-04-30 18:32:55.337712,59297.96,7.643569
2013-04-30 19:02:20.880736,59284.36,7.640845
2013-04-30 19:31:46.415139,59279.312,7.6435413
2013-04-30 20:01:11.949558,59288.09,7.646287
2013-04-30 20:30:37.483987,59281.863,7.639642
2013-04-30 21:00:03.018430,59284.098,7.6417446
2013-04-30 21:29:28.552889,59286.566,7.6429152
2013-04-30 21:58:54.087358,59282.242,7.638528
2013-04-30 22:28:19.621847,59287.62,7.6400776
2013-04-30 22:57:45.164986,59279.62,7.6428113
2013-04-30 23:27:10.690860,59272.027,7.6408296
2013-04-30 23:56:36.225389,59288.39,7.6409907
2013-05-01 00:26:01.768574,59270.87,7.6417084
2013-05-01 00:55:27.294488,59289.29,7.6413403
2013-05-01 01:24:52.837703,59277.973,7.6430893
2013-05-01 01:54:18.372287,59263.652,7.640455
2013-05-01 02:23:43.898247,59265.668,7.642815
2013-05-01 02:53:09.441497,59279.484,7.642781
2013-05-01 03:22:34.976127,59331.68,7.6470647
2013-05-01 03:52:00.502127,59285.84,7.6425095
2013-05-01 04:21:26.045421,59270.31,7.6416245
2013-05-01 04:50:51.580092,59267.18,7.6391187
2013-05-01 05:20:17.123411,59315.63,7.6487637
2013-05-01 05:49:42.649472,59263.992,7.642564
2013-05-01 06:19:08.184182,59276.547,7.640015
2013-05-01 06:48:33.727542,59279.65,7.6391854
2013-05-01 07:17:59.253643,59271.805,7.6399975
2013-05-01 07:47:24.788399,59279.918,7.642574
2013-05-01 08:16:50.323164,59274.67,7.6397367
2013-05-01 08:46:15.857945,59280.434,7.6439557
2013-05-01 09:15:41.392741,59275.902,7.6409483
2013-05-01 09:45:06.927546,59280.1,7.6427135
2013-05-01 10:14:32.462372,59277.785,7.644581
2013-05-01 10:43:58.005849,59273.504,7.6440873
2013-05-01 11:13:23.540694,59271.48,7.6446176
2013-05-01 11:42:49.066921,59268.594,7.641286
2013-05-01 12:12:14.610437,59270.47,7.6413054
2013-05-01 12:41:40.145328,59282.12,7.642513
2013-05-01 13:11:05.671595,59291.184,7.64466
2013-05-01 13:40:31.215157,59278.27,7.642932
2013-05-01 14:09:56.750088,59271.633,7.6426826
2013-05-01 14:39:22.293675,59274.336,7.643735
2013-05-01 15:08:47.819997,59290.324,7.6442733
2013-05-01 15:38:13.354968,59265.508,7.643942
2013-05-01 16:07:38.898600,59279.22,7.6424627
2013-05-01 16:37:04.424962,59276.527,7.6428523
2013-05-01 17:06:29.959979,59286.375,7.644666
2013-05-01 17:35:55.503646,59290.92,7.643267
2013-05-01 18:05:21.030049,59273.098,7.644281
2013-05-01 18:34:46.565106,59276.7,7.642432
2013-05-01 19:04:12.108818,59270.94,7.643317
2013-05-01 19:33:37.635261,59294.137,7.6407495
2013-05-01 20:03:03.179003,59288.61,7.6417723
2013-05-01 20:32:28.714116,59278.957,7.641904
2013-05-01 21:01:54.249239,59277.973,7.6466513
2013-05-01 21:31:19.784381,59278.504,7.6450872
2013-05-01 22:00:45.319534,59269.79,7.642149
2013-05-01 22:30:10.854697,59281.91,7.6421537
2013-05-01 22:59:36.389880,59280.645,7.6401153
2013-05-01 23:29:01.925073,59272.7,7.6374793
2013-05-01 23:58:27.460282,59280.41,7.6415524
2013-05-02 00:27:52.995505,59284.39,7.6416593
2013-05-02 00:57:18.530738,59277.777,7.6432357
2013-05-02 01:26:44.065987,59278.082,7.643034
2013-05-02 01:56:09.601250,59277.02,7.629555
2013-05-07 07:58:31.993593,59274.92,7.5616064
2013-05-07 08:27:57.540713,59290.438,7.575345
2013-05-07 08:57:23.070563,59273.75,7.575949
2013-05-07 09:26:48.617705,59275.887,7.579874
2013-05-07 09:56:14.156217,59265.42,7.5810223
2013-05-07 10:25:39.686103,59280.312,7.5842876
2013-05-07 10:55:05.233277,59257.36,7.5829287
2013-05-07 11:24:30.771825,59277.53,7.5886874
2013-05-07 11:53:56.310383,59288.07,7.5900173
2013-05-07 12:23:21.848952,59285.914,7.584823
2013-05-07 12:52:47.387533,59276.508,7.5885043
2013-05-07 13:22:12.934766,59290.93,7.59019
2013-05-07 13:51:38.473368,59270.316,7.5935106
2013-05-07 14:21:04.003341,59285.484,7.591464
2013-05-07 14:50:29.550610,59283.625,7.592869
2013-05-07 15:19:55.089245,59274.914,7.59359
2013-05-07 15:49:20.619253,59271.586,7.5942435
2013-05-07 16:18:46.166552,59284.07,7.5957723
2013-05-07 16:48:11.705222,59275.58,7.600374
2013-05-07 17:17:37.243903,59280.902,7.6000514
2013-05-07 17:47:02.782597,59259.945,7.598047
2013-05-07 18:16:28.312659,59285.863,7.6016173
2013-05-07 18:45:53.860013,59262.832,7.600157
2013-05-07 19:15:19.398740,59285.363,7.5990243
2013-05-07 19:44:44.928835,59271.3,7.5980835
2013-05-07 20:14:10.476224,59291.59,7.606827
2013-05-07 20:43:36.014983,59280.15,7.608686
2013-05-07 21:13:01.562394,59260.664,7.60999
2013-05-07 21:42:27.092536,59288.99,7.609205
2013-05-07 22:11:52.631327,59283.406,7.6084514
2013-05-07 22:41:18.178771,59269.734,7.608172
2013-05-07 23:10:43.708945,59274.668,7.612754
2013-05-08 00:09:34.795248,59281.004,7.610734
2013-05-08 00:39:00.325455,59283.29,7.6159472
2013-05-08 01:08:25.872954,59279.082,7.6157393
2013-05-08 01:37:51.411824,59273.25,7.6152263
2013-05-08 02:07:16.950704,59266.145,7.616265
2013-05-08 02:36:42.489595,59276.344,7.6165504
2013-05-08 03:06:08.028498,59270.492,7.614957
2013-05-08 03:35:33.567410,59278.227,7.6124234
2013-05-08 04:04:59.106334,59292.36,7.617307
2013-05-08 04:34:24.645272,59278.22,7.6071224
2013-05-08 05:03:50.192859,59289.855,7.614308
2013-05-08 05:33:15.723174,59286.234,7.615828
2013-05-08 06:02:41.262144,59286.81,7.6138663
2013-05-08 06:32:06.809762,59264.906,7.613415
2013-05-08 07:01:32.348751,59277.227,7.614688
2013-05-08 07:30:57.879112,59272.27,7.6136284
2013-05-08 08:00:23.426765,59280.598,7.6143336
2013-05-08 08:29:48.957147,59278.605,7.6138725
2013-05-08 08:59:14.504820,59282.152,7.614881
2013-05-08 09:28:40.043866,59270.816,7.6165814
2013-05-08 09:58:05.574281,59289.016,7.610544
2013-05-08 10:27:31.121987,59268.566,7.6130466
2013-05-08 10:56:56.661062,59277.527,7.6112833
2013-05-08 11:26:22.191510,59279.055,7.615159
2013-05-08 11:55:47.739249,59270.555,7.6099153
2013-05-08 12:25:13.278360,59268.14,7.6172457
2013-05-08 12:54:38.808837,59272.51,7.6119976
2013-05-08 13:24:04.356611,59271.87,7.6164827
2013-05-08 13:53:29.895752,59289.36,7.617526
2013-05-08 14:22:55.443543,59274.016,7.61584
2013-05-08 14:52:20.974067,59276.793,7.6173263
2013-05-08 15:21:46.513241,59281.133,7.61914
2013-05-08 15:51:12.061067,59276.77,7.613299
2013-05-08 16:20:37.591620,59277.13,7.61326
2013-05-08 16:50:03.130827,59286.016,7.618257
2013-05-08 17:19:28.678686,59274.945,7.619529
2013-05-08 17:48:54.209272,59266.184,7.6129913
2013-05-08 18:18:19.757148,59279.93,7.6126847
2013-05-08 18:47:45.296398,59279.25,7.6135902
2013-05-08 19:17:10.835660,59277.84,7.616221
2013-05-08 19:46:36.374929,59285.723,7.6178317
2013-05-08 20:16:01.914210,59279.9,7.6104064
2013-05-08 20:45:27.453502,59271.312,7.6137624
2013-05-08 21:14:52.992804,59264.812,7.620491
2013-05-08 21:44:18.532116,59274.41,7.615552
2013-05-08 22:13:44.071441,59277.61,7.6200724
2013-05-08 22:43:09.619415,59264.75,7.6193485
2013-05-08 23:12:35.150117,59271.168,7.618201
2013-05-08 23:42:00.698115,59274.85,7.620958
2013-05-09 00:11:26.228839,59269.695,7.6239038
2013-05-09 00:40:51.768217,59279.73,7.6247797
2013-05-09 01:10:17.316244,59275.19,7.620518
2013-05-09 01:39:42.847000,59275.855,7.6227784
2013-05-09 02:09:08.386409,59293.24,7.627389
2013-05-09 02:38:33.934470,59279.125,7.62079
2013-05-09 03:07:59.465257,59275.64,7.6302185
2013-05-09 03:37:25.013337,59278.84,7.627876
2013-05-09 04:06:50.552788,59284.297,7.6268735
2013-05-09 04:36:16.083608,59284.29,7.629186
2013-05-09 05:05:41.631718,59281.53,7.6279893
2013-05-09 05:35:07.171201,59280.56,7.629436
2013-05-09 06:04:32.702051,59265.043,7.623759
2013-05-09 06:33:58.250197,59268.18,7.62926
2013-05-09 07:03:23.789708,59267.773,7.626245
2013-05-09 07:32:49.329233,59268.395,7.6298676
2013-05-09 08:02:14.868767,59270.125,7.630323
2013-05-09 08:31:40.408310,59271.793,7.629348
2013-05-09 09:01:05.956506,59286.164,7.6307254
2013-05-09 09:30:31.487432,59278.938,7.6302857
2013-05-09 09:59:57.027006,59278.03,7.6302485
2013-05-09 10:29:22.575234,59290.586,7.629775
2013-05-09 10:58:48.114830,59277.246,7.628781
2013-05-09 11:28:13.645796,59278.465,7.629158
2013-05-09 11:57:39.194055,59265.426,7.626177
2013-05-09 12:27:04.733681,59268.74,7.6293807
2013-05-09 12:56:30.264678,59282.74,7.6285877
2013-05-09 13:25:55.812966,59272.117,7.6283793
2013-05-09 13:55:21.352626,59278.92,7.6300693
2013-05-09 14:24:46.900934,59262.5,7.628184
2013-05-09 14:54:12.431973,59295.824,7.6305914
2013-05-09 15:23:37.971663,59269.34,7.6284566
2013-05-09 15:53:03.511365,59271.406,7.630979
2013-05-09 16:22:29.051074,59271.652,7.6285467
2013-05-09 16:51:54.582153,59278.02,7.6293945
2013-05-09 17:21:20.130525,59280.42,7.625418
2013-05-09 17:50:45.670264,59274.902,7.62982
2013-05-09 18:20:11.218657,59293.94,7.6304507
2013-05-09 18:49:36.749779,59289.707,7.627374
2013-05-09 19:19:02.289551,59282.324,7.62822
2013-05-09 19:48:27.837973,59276.21,7.6273384
2013-05-09 20:17:53.369123,59265.965,7.62716
2013-05-09 20:47:18.908927,59278.51,7.6296453
2013-05-09 21:16:44.457380,59265.246,7.62887
2013-05-09 21:46:09.988562,59278.133,7.629512
2013-05-09 22:15:35.528395,59290.41,7.626674
2013-05-09 22:45:01.076877,59274.844,7.626439
2013-05-09 23:14:26.616732,59282.44,7.62712
2013-05-09 23:43:52.156595,59294.777,7.625969
2013-05-10 00:13:17.696468,59273.273,7.6260533
2013-05-10 00:42:43.236351,59268.82,7.627187
2013-05-10 01:12:08.776246,59272.367,7.6242857
2013-05-10 01:41:34.316149,59267.008,7.6243677
2013-05-10 02:10:59.856064,59259.094,7.6253204
2013-05-10 02:40:25.404627,59271.176,7.6231546
2013-05-10 03:09:50.935920,59258.15,7.619886
2013-05-10 03:39:16.475866,59269.55,7.622268
2013-05-10 04:08:42.024459,59266.76,7.618454
2013-05-10 04:38:07.555785,59279.855,7.6213193
2013-05-10 05:07:33.104398,59287.094,7.62203
2013-05-10 05:36:58.644384,59273.164,7.6180816
2013-05-10 06:06:24.175738,59282.11,7.623722
2013-05-10 06:35:49.724383,59273.992,7.619059
2013-05-10 07:05:15.264397,59284.88,7.6211815
2013-05-10 07:34:40.795781,59274.77,7.6192985
2013-05-10 08:33:31.875860,59284.41,7.6221356
2013-05-10 09:02:57.424554,59281.344,7.620229
2013-05-10 09:32:22.964620,59283.875,7.6166835
2013-05-10 10:01:48.496054,59289.44,7.6181297
2013-05-10 10:31:14.044779,59285.56,7.614611
2013-05-10 11:00:39.584872,59274.027,7.618817
2013-05-10 11:30:05.116336,59274.39,7.617051
2013-05-10 11:59:30.665091,59282.703,7.6140285
2013-05-10 12:28:56.205214,59264.504,7.6177883
2013-05-10 12:58:21.745349,59281.465,7.617512
2013-05-10 13:27:47.285493,59277.383,7.6112013
2013-05-10 13:57:12.825647,59266.117,7.614783
2013-05-10 14:26:38.374451,59288.07,7.607771
2013-05-10 14:56:03.905984,59284.58,7.616472
2013-05-10 15:25:29.446167,59271.188,7.616363
2013-05-10 15:54:54.995001,59271.133,7.6081314
2013-05-10 16:24:20.535204,59272.74,7.6118712
2013-05-10 16:53:46.066776,59279.477,7.611923
2013-05-10 17:23:11.615640,59286.7,7.6103234
2013-05-10 17:52:37.155872,59291.49,7.615395
2013-05-10 18:22:02.687474,59291.77,7.613594
2013-05-10 18:51:28.236367,59290.07,7.616482
2013-05-10 19:20:53.776629,59278.33,7.615744
2013-05-10 19:50:19.325540,59280.824,7.611796
2013-05-10 20:19:44.857182,59281.875,7.615069
2013-05-10 20:49:10.397472,59269.36,7.6107955
2013-05-10 21:18:35.946414,59274.62,7.6069326
2013-05-10 21:48:01.478085,59285.76,7.6132984
2013-05-10 22:17:27.018405,59272.094,7.6072745
2013-05-10 22:46:52.558735,59291.11,7.6137137
2013-05-10 23:16:18.099075,59275.81,7.6141834
2013-05-10 23:45:43.648065,59269.273,7.608414
2013-05-11 00:15:09.179784,59278.23,7.606564
2013-05-11 00:44:34.720153,59287.035,7.6089473
2013-05-11 01:14:00.269172,59283.11,7.610641
2013-05-11 01:43:25.800920,59279.035,7.6106257
2013-05-11 02:12:51.341317,59283.605,7.6097155
2013-05-11 02:42:16.890365,59273.42,7.609074
2013-05-11 03:11:42.422142,59300.42,7.608992
2013-05-11 03:41:07.962570,59286.754,7.605151
2013-05-11 04:10:33.511647,59276.375,7.613514
2013-05-11 04:39:59.052092,59282.367,7.607091
2013-05-11 05:09:24.592548,59300.14,7.6049438
2013-05-11 05:38:50.133014,59282.945,7.6147294
2013-05-11 06:08:15.673489,59272.19,7.6070356
2013-05-11 06:37:41.213974,59283.492,7.60012
2013-05-11 07:07:06.754468,59287.562,7.611245
2013-05-11 07:36:32.294972,59284.94,7.6070523
2013-05-11 08:05:57.844125,59264.742,7.605662
2013-05-11 08:35:23.376007,59295.72,7.6132984
2013-05-11 09:04:48.916539,59284.645,7.606795
2013-05-11 09:34:14.465722,59276.625,7.6052003
2013-05-11 10:03:39.997632,59281.94,7.6100745
2013-05-11 10:33:05.546834,59285.953,7.61076
2013-05-11 11:02:31.087404,59279.125,7.6135664
2013-05-11 11:31:56.619344,59268.81,7.618854
2013-05-11 12:01:22.168574,59271.312,7.612831
