time,flux,flux_err
2013-04-09 17:54:30.436126,7846.6533,3.507585
2013-04-09 18:23:55.948774,7857.058,3.5208597
2013-04-09 18:53:21.470081,7850.4043,3.5166204
2013-04-09 19:22:46.974119,7865.179,3.5181077
2013-04-09 19:52:12.486827,7852.9004,3.5235426
2013-04-09 20:21:38.008184,7855.9434,3.5221074
2013-04-09 20:51:03.512292,7839.22,3.523595
2013-04-09 21:20:29.033691,7859.91,3.5263462
2013-04-09 21:49:54.546469,7855.5586,3.5255706
2013-04-09 22:19:20.059277,7860.3877,3.5259976
2013-04-09 22:48:45.572096,7857.907,3.5263393
2013-04-09 23:18:11.084934,7856.2866,3.5269856
2013-04-09 23:47:36.597793,7855.3296,3.5308151
2013-04-10 00:17:02.110682,7856.2427,3.534177
2013-04-10 00:46:27.623580,7864.466,3.5327117
2013-04-10 01:15:53.136500,7860.4126,3.5327044
2013-04-10 01:45:18.649439,7853.8765,3.530767
2013-04-10 02:14:44.162398,7855.8633,3.5360823
2013-04-10 02:44:09.675378,7857.91,3.5360653
2013-04-10 03:13:35.188367,7860.6704,3.534324
2013-04-10 03:43:00.701386,7850.8994,3.535378
2013-04-10 04:12:26.223066,7857.7686,3.5384598
2013-04-10 04:41:51.727486,7851.815,3.5369828
2013-04-10 05:11:17.240556,7853.526,3.5387013
2013-04-10 05:40:42.762296,7858.985,3.53816
2013-04-10 06:10:08.266766,7860.892,3.5371478
2013-04-10 06:39:33.788546,7859.119,3.5421495
2013-04-10 07:08:59.301697,7855.2695,3.5409226
2013-04-10 07:38:24.806238,7856.3413,3.5408328
2013-04-10 08:07:50.328068,7857.1655,3.5418193
2013-04-10 08:37:15.841279,7856.7812,3.5404692
2013-04-10 09:06:41.345870,7856.552,3.541519
2013-04-10 09:36:06.867760,7859.5635,3.5418868
2013-04-10 10:05:32.381032,7859.677,3.5405254
2013-04-10 10:34:57.902963,7862.5166,3.5440192
2013-04-10 11:04:23.407634,7861.9326,3.5415416
2013-04-10 11:33:48.920966,7855.1206,3.5425184
2013-04-10 12:03:14.442957,7865.4927,3.5459902
2013-04-10 12:32:39.947689,7859.296,3.5427728
2013-04-10 13:02:05.461071,7864.028,3.545071
2013-04-10 13:31:30.983122,7861.7812,3.541651
2013-04-10 14:00:56.487914,7859.734,3.5422451
2013-04-10 14:30:22.009997,7855.577,3.5429854
2013-04-10 14:59:47.523458,7859.4004,3.544752
2013-04-10 15:29:13.028311,7854.1313,3.5425103
2013-04-10 15:58:38.550454,7857.4976,3.5450637
2013-04-10 16:28:04.063976,7855.4297,3.5456555
2013-04-10 16:57:29.568878,7863.6436,3.546816
2013-04-10 17:26:55.091092,7856.8027,3.5455334
2013-04-10 17:56:20.604664,7858.358,3.5462387
2013-04-10 18:25:46.109627,7859.0693,3.5464373
2013-04-10 18:55:11.631890,7856.723,3.5453336
2013-04-10 19:24:37.145533,7865.947,3.5469873
2013-04-10 19:54:02.659197,7861.499,3.5471284
2013-04-10 20:23:28.172870,7861.5566,3.5458927
2013-04-10 20:52:53.686574,7860.518,3.5446723
2013-04-10 21:22:19.208927,7856.5703,3.5468254
2013-04-10 21:51:44.714031,7867.7695,3.5468035
2013-04-10 22:21:10.227785,7856.06,3.5466013
2013-04-10 22:50:35.750199,7856.202,3.5453503
2013-04-10 23:20:01.255353,7859.1245,3.5450912
2013-04-10 23:49:26.777807,7860.5405,3.5481255
2013-04-11 00:18:52.291642,7868.5933,3.5488493
2013-04-11 00:48:17.796856,7864.789,3.5483744
2013-04-11 01:17:43.319371,7851.1787,3.5467772
2013-04-11 01:47:08.833265,7861.269,3.547516
2013-04-11 02:16:34.338540,7853.353,3.5463386
2013-04-11 02:45:59.861105,7857.4307,3.5468473
2013-04-11 03:15:25.375060,7856.0957,3.5449407
2013-04-11 03:44:50.889025,7862.851,3.5469174
2013-04-11 04:14:16.403020,7862.2607,3.548305
2013-04-11 04:43:41.917026,7857.401,3.5467525
2013-04-11 05:42:32.945097,7855.301,3.548393
2013-04-11 06:11:58.459163,7860.338,3.5479357
2013-04-11 06:41:23.981888,7858.641,3.5483725
2013-04-11 07:10:49.487354,7860.6694,3.54849
2013-04-11 07:40:15.001470,7862.257,3.5470176
2013-04-11 08:09:40.524256,7850.7144,3.547271
2013-04-11 11:06:13.609515,7869.887,3.549001
2013-04-11 11:35:39.115152,7854.37,3.5489287
2013-04-11 12:05:04.638089,7862.273,3.5533628
2013-04-11 12:34:30.152396,7860.1177,3.550582
2013-04-11 13:03:55.675374,7857.761,3.5448554
2013-04-11 13:33:21.181091,7883.1016,3.5590634
2013-04-11 14:02:46.695458,7859.452,3.550121
2013-04-11 14:32:12.218486,7842.1816,3.5515966
2013-04-11 15:01:37.724264,7855.703,3.5504918
2013-04-11 15:31:03.238691,7852.3164,3.548877
2013-04-11 16:00:28.761779,7862.538,3.551501
2013-04-11 16:29:54.267607,7853.698,3.5476494
2013-04-11 16:59:19.782095,7861.338,3.5518937
2013-04-11 17:28:45.305244,7854.2046,3.5512736
2013-04-11 17:58:10.811122,7860.047,3.5524688
2013-04-11 18:27:36.334310,7874.818,3.553586
2013-04-11 18:57:01.848869,7855.477,3.5508862
2013-04-11 19:26:27.363458,7849.929,3.551296
2013-04-11 19:55:52.878056,7868.6426,3.5551167
2013-04-11 20:25:18.392675,7947.912,3.5955617
2013-04-11 20:54:43.907314,7851.141,3.5498352
2013-04-11 21:24:09.421973,7855.3047,3.552074
2013-04-11 21:53:34.936653,7856.834,3.5511446
2013-04-11 22:23:00.459982,7866.261,3.5524065
2013-04-11 22:52:25.966061,7862.7036,3.5517979
2013-04-11 23:21:51.480791,7859.2793,3.5505855
2013-04-11 23:51:16.995551,7862.259,3.5515015
2013-04-12 00:20:42.510320,7855.154,3.5508492
2013-04-12 00:50:08.025110,7852.596,3.550579
2013-04-12 01:19:33.548560,7861.6035,3.5520267
2013-04-12 01:48:59.054750,7856.412,3.550898
2013-04-12 02:18:24.569601,7863.8647,3.5504158
2013-04-12 02:47:50.093101,7861.3687,3.550891
2013-04-12 03:17:15.599351,7865.8535,3.551608
2013-04-12 03:46:41.122892,7861.338,3.5510294
2013-04-12 04:16:06.637822,7851.907,3.5497816
2013-04-12 04:45:32.144123,7864.8467,3.5516768
2013-04-12 05:14:57.667724,7858.0933,3.5502486
2013-04-12 05:44:23.182705,7855.916,3.5499265
2013-04-12 06:13:48.689056,7856.6323,3.5510547
2013-04-12 06:43:14.212717,7866.1323,3.5515919
2013-04-12 07:12:39.727758,7858.7646,3.5502079
2013-04-12 07:42:05.251450,7861.77,3.5526707
2013-04-12 08:11:30.757882,7867.928,3.5525417
2013-04-12 08:40:56.272983,7858.1963,3.551277
2013-04-12 09:10:21.796735,7860.3853,3.5506408
2013-04-12 09:39:47.303227,7864.611,3.5510225
2013-04-12 10:09:12.818378,7851.6577,3.5490127
2013-04-12 10:38:38.342181,7859.299,3.5511315
2013-04-12 11:08:03.848733,7854.5522,3.5506978
2013-04-12 11:37:29.363936,7852.4043,3.5502665
2013-04-12 12:06:54.887798,7865.807,3.5508573
2013-04-12 12:36:20.403050,7863.509,3.5518866
2013-04-12 13:05:45.918312,7864.3003,3.5508568
2013-04-12 13:35:11.433595,7855.2056,3.5507786
2013-04-12 14:04:36.940248,7853.6587,3.5497787
2013-04-12 14:34:02.464211,7851.8535,3.549395
2013-04-12 15:03:27.979544,7858.927,3.5508366
2013-04-12 15:32:53.486268,7872.517,3.5524755
2013-04-12 16:02:19.010280,7854.2954,3.5456762
2013-04-12 16:31:44.525674,7864.7666,3.5444834
2013-04-12 17:01:10.049728,7865.1685,3.549606
2013-04-12 17:30:35.556521,7857.7144,3.5488262
2013-04-12 18:00:01.071965,7855.066,3.5492768
2013-04-12 18:29:26.596079,7858.435,3.550037
2013-04-12 18:58:52.102922,7895.082,3.5616946
2013-04-12 19:28:17.618437,7860.3145,3.5501099
2013-04-12 19:57:43.142601,7870.866,3.552091
2013-04-12 20:27:08.649505,7859.297,3.5490935
2013-04-12 20:56:34.173709,7860.168,3.5506308
2013-04-12 21:25:59.689284,7860.92,3.5501351
2013-04-12 21:55:25.196248,7860.5386,3.5484767
2013-04-12 22:24:50.720503,7856.3364,3.5478654
2013-04-12 22:54:16.236148,7857.6553,3.5494828
2013-04-12 23:23:41.743162,7862.076,3.5485766
2013-04-12 23:53:07.267478,7858.0522,3.5501618
2013-04-13 00:22:32.783163,7861.0923,3.5497966
2013-04-13 00:51:58.298878,7865.734,3.5522826
2013-04-13 01:21:23.814613,7859.245,3.5480003
2013-04-13 01:50:49.330359,7863.5894,3.5483453
2013-04-13 02:20:14.854764,7862.359,3.5498352
2013-04-13 02:49:40.361910,7860.1533,3.549946
2013-04-13 03:19:05.877716,7861.2056,3.5474875
2013-04-13 03:48:31.402181,7853.1904,3.5494914
2013-04-13 04:17:56.918028,7862.1074,3.5490885
2013-04-13 04:47:22.425244,7854.4414,3.5482206
2013-04-13 05:16:47.949760,7858.3574,3.549101
2013-04-13 05:46:13.457016,7856.632,3.5490098
2013-04-13 06:15:38.981572,7859.916,3.5492747
2013-04-13 06:45:04.497509,7860.255,3.5475197
2013-04-13 07:14:30.004826,7854.526,3.548796
2013-04-13 07:43:55.529433,7858.494,3.5481992
2013-04-13 08:13:21.045429,7856.7197,3.5494363
2013-04-13 08:42:46.552796,7855.2793,3.5480893
2013-04-13 09:12:12.077463,7853.874,3.5482028
2013-04-13 09:41:37.593510,7860.1846,3.5487998
2013-04-13 10:11:03.100938,7853.8784,3.546904
2013-04-13 10:40:28.625655,7863.7124,3.549538
2013-04-13 11:09:54.141762,7858.4165,3.5481925
2013-04-13 11:39:19.666520,7857.6646,3.5472767
2013-04-13 12:08:45.174017,7856.462,3.5480962
2013-04-13 12:38:10.690175,7861.0312,3.548318
2013-04-13 13:07:36.214993,7857.9653,3.549197
2013-04-13 13:37:01.722542,7861.984,3.5494175
2013-04-13 14:06:27.238749,7859.9854,3.546764
2013-04-13 14:35:52.763628,7857.0703,3.5484889
2013-04-13 15:05:18.271236,7862.1875,3.5472875
2013-04-13 15:34:43.796144,7862.415,3.5479815
2013-04-13 16:04:09.312423,7855.3203,3.5485551
2013-04-13 16:33:34.828731,7854.376,3.5480099
2013-04-13 17:03:00.345050,7857.1406,3.5476868
2013-04-13 17:32:25.861399,7857.6636,3.548787
2013-04-13 18:01:51.377758,7861.0825,3.5469632
2013-04-13 18:31:16.894127,7862.937,3.5493739
2013-04-13 19:00:42.410527,7853.008,3.5496037
2013-04-13 19:30:07.926945,7864.68,3.547744
2013-04-13 19:59:33.452015,7864.1016,3.551079
2013-04-13 20:28:58.959825,7860.6377,3.550126
2013-04-13 20:58:24.476294,7860.0063,3.5486784
2013-04-13 21:27:49.992784,7854.6255,3.5486367
2013-04-13 21:57:15.509294,7856.241,3.5464063
2013-04-13 22:26:41.034453,7859.4883,3.5499241
2013-04-13 22:56:06.542354,7872.4873,3.5536382
2013-04-13 23:25:32.058914,7864.223,3.5484931
2013-04-13 23:54:57.584134,7853.645,3.5478706
2013-04-14 00:24:23.092094,7856.46,3.5475519
2013-04-14 00:53:48.617355,7859.5776,3.5474737
2013-04-14 01:23:14.133985,7851.8374,3.5480072
2013-04-14 01:52:39.641996,7863.3267,3.5473335
2013-04-14 02:22:05.167306,7851.4146,3.5442796
2013-04-14 02:51:30.683997,7858.894,3.547924
2013-04-14 03:20:56.192069,7864.4927,3.547133
2013-04-14 03:50:21.717430,7857.1846,3.547976
2013-04-14 04:19:47.234171,7858.613,3.5500107
2013-04-14 05:18:38.267713,7858.9717,3.546435
2013-04-14 05:48:03.784515,7855.817,3.547908
2013-04-14 06:17:29.309977,7853.594,3.5469227
2013-04-14 06:46:54.818169,7853.9155,3.5467782
2013-04-14 07:16:20.335020,7856.3115,3.5486908
2013-04-14 07:45:45.860532,7857.378,3.5478694
2013-04-14 08:15:11.377424,7859.6567,3.5475185
2013-04-14 08:44:36.885686,7858.27,3.5481217
2013-04-14 09:14:02.411249,7860.56,3.5465758
2013-04-14 09:43:27.928201,7856.361,3.5458915
2013-04-14 10:12:53.445163,7858.814,3.5462642
2013-04-14 10:42:18.962136,7856.329,3.5480995
2013-04-14 11:11:44.479138,7856.867,3.5467687
2013-04-14 11:41:09.996151,7865.2725,3.5485902
2013-04-14 12:10:35.513184,7856.905,3.547937
2013-04-14 12:40:01.030237,7860.4326,3.5483038
2013-04-14 13:09:26.547310,7860.3384,3.5476542
2013-04-14 13:38:52.064404,7857.4233,3.5480347
2013-04-14 14:08:17.590147,7860.07,3.5480156
2013-04-14 14:37:43.098630,7857.4023,3.5476294
2013-04-14 15:07:08.615774,7860.513,3.548294
2013-04-14 15:36:34.141577,7859.169,3.5473933
2013-04-14 16:05:59.650111,7851.276,3.5478144
2013-04-14 16:35:25.167315,7858.2446,3.5483196
2013-04-14 17:04:50.693169,7861.0176,3.5479112
2013-04-14 17:34:16.201763,7853.6543,3.5472896
2013-04-14 18:03:41.719017,7853.3384,3.5466452
2013-04-14 18:33:07.244921,7848.8906,3.546795
2013-04-14 19:02:32.753566,7864.4336,3.5491073
2013-04-14 19:31:58.279510,7849.6377,3.5461614
2013-04-14 20:01:23.796834,7857.2856,3.548452
2013-04-14 20:30:49.305539,7867.2495,3.5496688
2013-04-14 21:00:14.831544,7860.0024,3.5474942
2013-04-14 21:29:40.348919,7859.2715,3.548194
2013-04-14 21:59:05.866314,7854.579,3.5475578
2013-04-14 22:28:31.383729,7854.979,3.5480556
2013-04-14 22:57:56.901154,7864.5483,3.549681
2013-04-14 23:27:22.427249,7847.8125,3.5451858
2013-04-14 23:56:47.944715,7860.6,3.549354
2013-04-15 00:26:13.453560,7862.8047,3.5479317
2013-04-15 00:55:38.979706,7856.3706,3.5470078
2013-04-15 01:25:04.497221,7860.123,3.548303
2013-04-15 01:54:30.006117,7856.1685,3.5479417
2013-04-15 02:23:55.532323,7855.9326,3.547275
2013-04-15 02:53:21.049889,7864.4526,3.5473113
2013-04-15 03:22:46.558845,7851.035,3.5469487
2013-04-15 03:52:12.085092,7856.7905,3.546969
2013-04-15 04:21:37.594088,7852.4478,3.5474782
2013-04-15 04:51:03.120374,7854.6167,3.5466459
2013-04-15 05:20:28.638041,7862.072,3.5478258
2013-04-15 05:49:54.147078,7856.263,3.546098
2013-04-15 06:19:19.673414,7863.4307,3.5474992
2013-04-15 06:48:45.191131,7861.318,3.5473254
2013-04-15 07:18:10.700228,7858.3745,3.5468938
2013-04-15 07:47:36.226625,7857.7485,3.5464969
2013-04-15 08:17:01.744392,7859.361,3.547715
2013-04-15 08:46:27.270819,7853.6294,3.546697
2013-04-15 09:15:52.779987,7862.6143,3.546219
2013-04-15 09:45:18.297814,7856.1255,3.5483449
2013-04-15 10:14:43.824302,7858.8975,3.5474708
2013-04-15 10:44:09.333519,7862.633,3.5463936
2013-04-15 11:13:34.851397,7856.2046,3.5471566
2013-04-15 11:43:00.377935,7867.2163,3.5483303
2013-04-15 12:12:25.887203,7857.1,3.5459473
2013-04-15 12:41:51.405141,7854.4204,3.547224
2013-04-15 13:11:16.931729,7856.171,3.5458286
2013-04-15 13:40:42.449698,7855.7905,3.5473223
2013-04-15 14:10:07.967676,7857.189,3.5474472
2013-04-15 14:39:33.485684,7857.1025,3.547094
2013-04-15 15:08:59.003703,7861.8457,3.5462637
2013-04-15 15:38:24.521742,7855.9326,3.5470092
2013-04-15 16:07:50.039795,7858.049,3.5459821
2013-04-15 16:37:15.557869,7862.301,3.5476248
2013-04-15 17:06:41.084599,7860.2197,3.5468602
2013-04-15 17:36:06.594067,7861.2197,3.547921
2013-04-15 18:05:32.120832,7860.1904,3.5485108
2013-04-15 18:34:57.638976,7863.8354,3.5466197
2013-04-15 19:04:23.148500,7860.0615,3.5484385
2013-04-15 19:33:48.675320,7856.847,3.5479572
2013-04-15 20:03:14.184875,7859.533,3.5482428
2013-04-15 20:32:39.703089,7856.0396,3.5491233
2013-04-15 21:02:05.229964,7850.6777,3.5462465
2013-04-15 21:31:30.739574,7850.422,3.547461
2013-04-15 22:00:56.257839,7854.7783,3.5477657
2013-04-15 22:30:21.784764,7865.0396,3.5487752
2013-04-15 22:59:47.294425,7858.712,3.5469165
2013-04-15 23:29:12.821390,7855.364,3.5467386
2013-04-15 23:58:38.339725,7856.6367,3.548919
2013-04-16 00:28:03.849441,7861.691,3.5472193
2013-04-16 00:57:29.376456,7857.086,3.547903
2013-04-16 01:26:54.894847,7854.709,3.5475807
2013-04-16 01:56:20.413253,7860.142,3.5487316
2013-04-16 02:25:45.931679,7862.1006,3.5499403
2013-04-16 02:55:11.450120,7863.704,3.5470033
2013-04-16 03:24:36.977221,7862.5933,3.5504048
2013-04-16 03:54:02.487062,7863.6567,3.54717
2013-04-16 04:23:28.005559,7861.8706,3.549262
2013-04-16 04:52:53.532710,7857.525,3.5476582
2013-04-16 05:22:19.051241,7855.747,3.5480063
2013-04-16 05:51:44.561148,7855.608,3.5478654
2013-04-16 06:21:10.088355,7859.864,3.5468774
2013-04-16 06:50:35.606942,7857.1836,3.5490801
2013-04-16 07:20:01.125544,7856.8306,3.5491517
2013-04-16 07:49:26.644161,7858.6694,3.5485985
2013-04-16 08:18:52.162798,7854.895,3.5483506
2013-04-16 08:48:17.690090,7864.9023,3.5493453
2013-04-16 09:17:43.200122,7861.681,3.5482965
2013-04-16 09:47:08.718810,7862.2134,3.5475504
2013-04-16 10:16:34.246153,7861.0996,3.5473406
2013-04-16 10:45:59.756235,7857.4766,3.5471647
2013-04-16 11:15:25.274978,7859.446,3.548761
2013-04-16 11:44:50.793736,7859.219,3.5475187
2013-04-16 12:14:16.312514,7856.5737,3.5467818
2013-04-16 12:43:41.839947,7858.549,3.5476377
2013-04-16 13:13:07.350115,7866.2505,3.547575
2013-04-16 13:42:32.868943,7857.8613,3.5476344
2013-04-16 14:11:58.396427,7861.6743,3.547856
2013-04-16 14:41:23.906650,7853.2095,3.5474424
2013-04-16 15:10:49.425528,7865.068,3.549251
2013-04-16 15:40:14.953067,7857.7285,3.548266
2013-04-16 16:09:40.463341,7853.5786,3.5471117
2013-04-16 16:39:05.990915,7856.6533,3.5473187
2013-04-16 17:08:31.509864,7861.2456,3.547431
2013-04-16 17:37:57.020188,7860.184,3.5486114
2013-04-16 18:07:22.547812,7858.2666,3.549224
2013-04-16 18:36:48.066817,7849.515,3.5454254
2013-04-16 19:06:13.585831,7856.9565,3.5469544
2013-04-16 19:35:39.104870,7859.975,3.5474484
2013-04-16 20:05:04.623920,7852.925,3.5455072
2013-04-16 20:34:30.142995,7853.9355,3.5464895
2013-04-16 21:03:55.670719,7862.7275,3.5488975
2013-04-16 21:33:21.181184,7861.7905,3.5471847
2013-04-16 22:02:46.708950,7861.253,3.5474272
2013-04-16 22:32:12.228089,7861.1816,3.548254
2013-04-16 23:01:37.738605,7859.6577,3.5465674
2013-04-16 23:31:03.266419,7866.0366,3.5483823
2013-04-17 00:00:28.785610,7859.316,3.5476887
2013-04-17 00:29:54.296176,7860.032,3.5477324
2013-04-17 00:59:19.824042,7863.651,3.549113
2013-04-17 01:28:45.343287,7862.25,3.5484555
2013-04-17 01:58:10.862548,7862.303,3.5488653
2013-04-17 02:27:36.381823,7862.4946,3.5482745
2013-04-17 02:57:01.892479,7858.8013,3.5470035
2013-04-17 03:26:27.420431,7856.176,3.5478048
2013-04-17 03:55:52.939762,7864.7954,3.548653
2013-04-17 04:54:43.978470,7862.7935,3.5489368
2013-04-17 05:24:09.497851,7860.288,3.5485682
2013-04-17 05:53:35.017247,7864.906,3.548429
2013-04-17 06:23:00.536659,7855.913,3.5475347
2013-04-17 06:52:26.056096,7856.059,3.5476215
2013-04-17 07:21:51.584183,7856.529,3.547512
2013-04-17 07:51:17.095010,7852.026,3.548115
2013-04-17 08:20:42.614491,7864.606,3.5498512
2013-04-17 08:50:08.142634,7854.9463,3.5470319
2013-04-17 09:19:33.662151,7858.6772,3.5471072
2013-04-17 09:48:59.173044,7849.555,3.5468493
2013-04-17 10:18:24.701236,7857.262,3.5471177
2013-04-17 10:47:50.220804,7861.443,3.548008
2013-04-17 11:17:15.740391,7857.4893,3.5477843
2013-04-17 11:46:41.259994,7864.1543,3.5478003
2013-04-17 12:16:06.779612,7859.1255,3.547606
2013-04-17 12:45:32.299250,7853.7607,3.5470393
2013-04-17 13:14:57.818903,7864.336,3.5476398
2013-04-17 13:44:23.338576,7858.4736,3.5485709
2013-04-17 14:13:48.866904,7862.03,3.5479875
2013-04-17 14:43:14.377968,7863.8574,3.5474415
2013-04-17 15:12:39.906331,7854.5864,3.548028
2013-04-17 15:42:05.426069,7856.8364,3.5472486
2013-04-17 16:11:30.937188,7859.924,3.5474415
2013-04-17 16:40:56.465602,7860.6006,3.5474277
2013-04-17 17:10:21.985391,7863.509,3.5482466
2013-04-17 17:39:47.496555,7854.3306,3.5481277
2013-04-17 18:09:13.025019,7857.02,3.5474188
2013-04-17 18:38:38.536223,7853.0806,3.5458384
2013-04-17 19:08:04.056077,7856.3657,3.54622
2013-04-17 19:37:29.584597,7853.884,3.5467653
2013-04-17 20:06:55.095846,7861.9185,3.5467956
2013-04-17 20:36:20.624396,7853.1855,3.547068
2013-04-17 21:05:46.144320,7856.4717,3.5473876
2013-04-17 21:35:11.655625,7853.981,3.5462673
2013-04-17 22:04:37.184225,7856.088,3.545648
2013-04-17 22:34:02.704200,7859.5776,3.548048
2013-04-17 23:03:28.224195,7847.635,3.5460885
2013-04-17 23:32:53.744205,7858.3154,3.5456157
2013-04-18 00:02:19.264230,7859.01,3.5464272
2013-04-18 00:31:44.792915,7857.3213,3.5473962
2013-04-18 01:01:10.304336,7859.604,3.545738
2013-04-18 01:30:35.824417,7856.303,3.5460355
2013-04-18 02:00:01.353147,7851.011,3.5454993
2013-04-18 02:29:26.873258,7863.9536,3.5467114
2013-04-18 02:58:52.384749,7853.1313,3.5464509
2013-04-18 03:28:17.913534,7850.5845,3.5471637
2013-04-18 03:57:43.433695,7861.0435,3.5475867
2013-04-18 04:27:08.945232,7853.1543,3.5450916
2013-04-18 04:56:34.474067,7855.9033,3.5466325
2013-04-18 05:25:59.994284,7853.978,3.545595
2013-04-18 05:55:25.523150,7860.7817,3.546967
2013-04-18 06:24:51.034757,7864.8335,3.545049
2013-04-18 06:54:16.555018,7864.4316,3.5472894
2013-04-18 07:23:42.083940,7853.742,3.5458422
2013-04-18 07:53:07.595597,7856.6826,3.5464592
2013-04-18 08:22:33.115909,7858.883,3.5471249
2013-04-18 08:51:58.644880,7862.8086,3.5462778
2013-04-18 09:21:24.156588,7861.5317,3.547382
2013-04-18 09:50:49.685590,7858.9673,3.5470095
2013-04-18 10:20:15.197327,7869.328,3.5462558
2013-04-18 10:49:40.717724,7854.2905,3.5458355
2013-04-18 11:19:06.246777,7856.1616,3.5435202
2013-04-18 11:48:31.758570,7853.266,3.5446382
2013-04-18 12:17:57.279017,7866.6167,3.547111
2013-04-18 12:47:22.808120,7857.3135,3.543703
2013-04-18 13:16:48.319957,7855.6606,3.544554
2013-04-18 13:46:13.840456,7856.9565,3.5452368
2013-04-18 14:15:39.369609,7859.6255,3.54528
2013-04-18 14:45:04.890137,7858.404,3.544963
2013-04-18 15:14:30.410685,7860.5137,3.545269
2013-04-18 15:43:55.931249,7860.1973,3.545736
2013-04-18 16:13:21.451832,7859.3516,3.5450335
2013-04-18 16:42:46.972425,7859.993,3.5459673
2013-04-18 17:12:12.493039,7857.1855,3.545719
2013-04-18 17:41:38.013667,7857.584,3.5457551
2013-04-18 18:11:03.542957,7864.36,3.546072
2013-04-18 18:40:29.054981,7856.166,3.5457234
2013-04-18 19:09:54.584299,7855.8687,3.5454378
2013-04-18 19:39:20.104999,7859.713,3.5458598
2013-04-18 20:08:45.617068,7863.9927,3.5461197
2013-04-18 20:38:11.146442,7854.1904,3.5455065
2013-04-18 21:07:36.667186,7858.5366,3.544925
2013-04-18 21:37:02.179306,7854.0605,3.5438216
2013-04-18 22:06:27.708725,7855.3784,3.5456479
2013-04-18 22:35:53.229520,7858.7754,3.5440414
2013-04-18 23:05:18.741695,7862.3413,3.54486
2013-04-18 23:34:44.271165,7855.0996,3.545139
2013-04-19 00:04:09.792010,7858.911,3.5439196
2013-04-19 00:33:35.321509,7854.0864,3.5453398
2013-04-19 01:03:00.833750,7860.77,3.545717
2013-04-19 01:32:26.346005,7857.5737,3.5456727
2013-04-19 02:01:51.875556,7858.25,3.544979
2013-04-19 02:31:17.396481,7851.442,3.5437508
2013-04-19 03:00:42.917427,7866.3477,3.5465531
2013-04-19 03:30:08.438387,7860.754,3.545835
2013-04-19 03:59:33.959368,7857.3374,3.544034
2013-04-19 04:28:59.488999,7860.245,3.5451927
2013-04-19 04:58:25.001370,7867.849,3.5473058
2013-04-19 05:27:50.522395,7851.258,3.544518
2013-04-19 05:57:16.052082,7852.9478,3.5443146
2013-04-19 06:26:41.573138,7860.631,3.544214
2013-04-19 06:56:07.085574,7859.0537,3.546951
2013-04-19 07:25:32.615306,7864.553,3.5457602
2013-04-19 07:54:58.136417,7860.5884,3.545581
2013-04-19 08:24:23.657539,7855.714,3.5463018
2013-04-19 08:53:49.178680,7860.5503,3.5458882
2013-04-19 09:23:14.699837,7854.3027,3.544897
2013-04-19 09:52:40.229654,7850.0044,3.544749
2013-04-19 10:22:05.742206,7855.008,3.5456913
2013-04-19 10:51:31.263413,7864.239,3.5451593
2013-04-19 11:20:56.793275,7851.0786,3.5450344
2013-04-19 11:50:22.305872,7855.8335,3.546105
2013-04-19 12:19:47.827129,7859.0693,3.5439723
2013-04-19 12:49:13.357042,7859.2217,3.5448241
2013-04-19 13:18:38.869690,7864.2837,3.5446923
2013-04-19 13:48:04.399637,7855.267,3.5434902
2013-04-19 14:17:29.920955,7853.1157,3.5437376
2013-04-19 14:46:55.433653,7856.3574,3.5440657
2013-04-19 15:16:20.963645,7859.043,3.5444453
2013-04-19 15:45:46.485019,7852.428,3.545207
2013-04-19 16:15:11.997762,7862.639,3.5458713
2013-04-19 16:44:37.527810,7857.8755,3.5448549
2013-04-19 17:14:03.040583,7855.875,3.5454226
2013-04-19 17:43:28.570662,7859.0176,3.5453134
2013-04-19 18:12:54.092110,7857.645,3.5451472
2013-04-19 18:42:19.604939,7865.647,3.5459206
2013-04-19 19:11:45.135063,7856.89,3.544279
2013-04-19 19:41:10.656561,7861.2495,3.5449219
2013-04-19 20:10:36.178080,7857.6357,3.5448012
2013-04-19 20:40:01.699614,7856.311,3.543163
2013-04-19 21:09:27.221158,7860.638,3.545977
2013-04-19 21:38:52.742727,7866.336,3.5455859
2013-04-19 22:08:18.264306,7857.6235,3.5442257
2013-04-19 22:37:43.785905,7870.206,3.5480351
2013-04-19 23:07:09.316155,7856.588,3.5446613
2013-04-19 23:36:34.837784,7869.4556,3.5463066
2013-04-20 00:06:00.350794,7866.39,3.5458078
2013-04-20 00:35:25.881094,7857.322,3.5450146
2013-04-20 01:04:51.402774,7859.865,3.5436425
2013-04-20 01:34:16.915823,7855.693,3.5433736
2013-04-20 02:03:42.446178,7859.7305,3.5435824
2013-04-20 02:33:07.967903,7863.6406,3.5439003
2013-04-20 03:02:33.498284,7864.2803,3.5437844
2013-04-20 03:31:59.011404,7859.153,3.5413334
2013-04-20 04:30:50.063610,7863.8438,3.5431726
2013-04-20 05:00:15.576775,7854.395,3.542477
2013-04-20 05:29:41.098600,7856.502,3.542785
2013-04-20 05:59:06.629076,7861.3354,3.544042
2013-04-20 06:28:32.142292,7862.5767,3.5433388
2013-04-20 06:57:57.664164,7853.595,3.5427263
2013-04-20 07:27:23.194689,7859.536,3.543681
2013-04-20 07:56:48.707955,7855.9067,3.5418184
2013-04-20 08:26:14.238511,7858.195,3.541802
2013-04-20 08:55:39.751808,7860.365,3.5440204
2013-04-20 09:25:05.273759,7861.0537,3.5441055
2013-04-20 09:54:30.804365,7852.381,3.5418713
2013-04-20 10:23:56.317707,7857.87,3.5414717
2013-04-20 10:53:21.839709,7860.4414,3.5428584
2013-04-20 11:22:47.370365,7850.448,3.5432155
2013-04-20 11:52:12.892397,7856.36,3.5428581
2013-04-20 12:21:38.414444,7859.382,3.5434604
2013-04-20 12:51:03.936506,7858.918,3.5439796
2013-04-20 13:20:29.458583,7858.2974,3.5434842
2013-04-20 13:49:54.980681,7854.355,3.5429254
2013-04-20 14:19:20.502793,7859.9233,3.5426767
2013-04-20 14:48:46.024915,7858.6396,3.543407
2013-04-20 15:18:11.555698,7856.7617,3.5442033
2013-04-20 15:47:37.069220,7855.58,3.5418348
2013-04-20 16:17:02.600033,7860.242,3.5440073
2013-04-20 16:46:28.122226,7862.6157,3.5442638
2013-04-20 17:15:53.635788,7856.9663,3.5412924
2013-04-20 17:45:19.166652,7858.731,3.5436392
2013-04-20 18:14:44.688890,7863.5063,3.5461242
2013-04-20 18:44:10.202502,7854.105,3.5436416
2013-04-20 19:13:35.733416,7861.1514,3.5437639
2013-04-20 19:43:01.255699,7855.9653,3.542622
2013-04-20 20:12:26.769362,7855.6143,3.5429518
2013-04-20 20:41:52.300321,7860.434,3.5426466
2013-04-20 21:11:17.822655,7860.5977,3.543253
2013-04-20 21:40:43.344998,7859.316,3.5421352
2013-04-20 22:10:08.867367,7855.491,3.543393
2013-04-20 22:39:34.389746,7856.1255,3.5430822
2013-04-20 23:08:59.912140,7854.9873,3.5440922
2013-04-20 23:38:25.434554,7854.066,3.542717
2013-04-21 00:07:50.956983,7852.807,3.5430994
2013-04-21 00:37:16.479427,7859.4697,3.5436592
2013-04-21 01:06:42.001887,7862.7446,3.543766
2013-04-21 01:36:07.533001,7859.0884,3.5438807
2013-04-21 02:05:33.046855,7847.7876,3.543775
2013-04-21 02:34:58.569360,7859.0957,3.5431051
2013-04-21 03:04:24.100525,7854.664,3.5436575
2013-04-21 03:33:49.623059,7863.4697,3.5441096
2013-04-21 04:03:15.136974,7861.546,3.5432172
2013-04-21 04:32:40.668184,7857.511,3.5442865
2013-04-21 05:02:06.190769,7865.683,3.5445971
2013-04-21 05:31:31.704730,7866.57,3.5445693
2013-04-21 06:00:57.235990,7860.3765,3.5438032
2013-04-21 06:30:22.758620,7858.6587,3.542944
2013-04-21 06:59:48.289911,7858.889,3.5432312
2013-04-21 07:29:13.803931,7863.16,3.5433903
2013-04-21 07:58:39.326611,7864.5537,3.5447817
2013-04-21 08:28:04.857947,7858.7383,3.5432782
2013-04-21 08:57:30.372018,7857.1475,3.5435493
2013-04-21 09:26:55.894744,7854.9424,3.5422986
2013-04-21 09:56:21.426125,7853.8657,3.542606
2013-04-21 10:25:46.940246,7856.921,3.5431843
2013-04-21 10:55:12.471657,7860.888,3.5436943
2013-04-21 11:24:37.994448,7859.7837,3.5439427
2013-04-21 11:54:03.508610,7857.415,3.5420492
2013-04-21 12:23:29.040071,7861.5625,3.5433147
2013-04-21 12:52:54.562908,7854.8574,3.543526
2013-04-21 13:22:20.077119,7859.1313,3.5415065
2013-04-21 13:51:45.608626,7863.615,3.5443215
2013-04-21 14:21:11.131508,7860.908,3.5446117
2013-04-21 14:50:36.645764,7862.5522,3.5439382
2013-04-21 15:20:02.177321,7867.201,3.5429413
2013-04-21 15:49:27.700248,7857.409,3.5434835
2013-04-21 16:18:53.223195,7861.8203,3.545392
2013-04-21 16:48:18.746153,7855.4995,3.5438783
2013-04-21 17:17:44.269130,7859.9966,3.5443172
2013-04-21 17:47:09.792122,7862.552,3.5441282
2013-04-21 18:16:35.315125,7855.733,3.5429866
2013-04-21 18:46:00.838148,7863.4897,3.5439813
2013-04-21 19:15:26.361185,7860.3013,3.544522
2013-04-21 19:44:51.884238,7868.7983,3.544538
2013-04-21 20:14:17.415951,7865.6353,3.5443885
2013-04-21 20:43:42.939033,7861.278,3.5441544
2013-04-21 21:13:08.453492,7859.767,3.543852
2013-04-21 21:42:33.985249,7858.2896,3.5442686
2013-04-21 22:11:59.508378,7858.1367,3.5441604
2013-04-21 22:41:25.022886,7863.3354,3.546226
2013-04-21 23:10:50.554685,7856.6157,3.5438263
2013-04-21 23:40:16.077863,7850.35,3.5434463
2013-04-22 00:09:41.592412,7856.524,3.5441334
2013-04-22 00:39:07.124260,7858.284,3.5436895
2013-04-22 01:08:32.647484,7860.861,3.544807
2013-04-22 01:37:58.179363,7853.639,3.5430868
2013-04-22 02:07:23.693977,7865.579,3.5458672
2013-04-22 02:36:49.217246,7857.173,3.544019
2013-04-22 03:06:14.749170,7856.285,3.5447714
2013-04-22 03:35:40.263829,7861.214,3.5452173
2013-04-22 04:05:05.787143,7863.754,3.5451858
2013-04-22 04:34:31.319118,7863.2085,3.5443752
2013-04-22 05:03:56.833822,7861.3022,3.5446434
2013-04-22 05:33:22.365822,7858.877,3.5444696
2013-04-22 06:02:47.889201,7861.437,3.544724
2013-04-22 06:32:13.403951,7860.9604,3.5439289
2013-04-22 07:01:38.936001,7862.2534,3.5453625
2013-04-22 07:31:04.459421,7855.5815,3.5443661
2013-04-22 08:00:29.974221,7851.841,3.5431142
2013-04-22 08:29:55.506311,7851.346,3.5441182
2013-04-22 08:59:21.029781,7859.137,3.543577
2013-04-22 09:28:46.544626,7860.0913,3.543797
2013-04-22 09:58:12.076761,7857.595,3.5441074
2013-04-22 10:27:37.600277,7865.7964,3.5455408
2013-04-22 10:57:03.132447,7862.2397,3.543737
2013-04-22 11:26:28.647353,7857.9116,3.5439422
2013-04-22 11:55:54.170914,7862.388,3.544026
2013-04-22 12:25:19.703124,7859.9624,3.5428119
2013-04-22 12:54:45.218075,7862.957,3.5448937
2013-04-22 13:24:10.741681,7856.457,3.5437412
2013-04-22 13:53:36.273942,7854.618,3.5427334
2013-04-22 14:23:01.788938,7859.9526,3.5435867
2013-04-22 14:52:27.321230,7859.4194,3.5430589
2013-04-22 15:21:52.844896,7857.6895,3.54374
2013-04-22 15:51:18.359937,7863.557,3.543733
2013-04-22 16:20:43.892274,7855.9697,3.5442073
2013-04-22 16:50:09.415985,7867.7,3.544857
2013-04-22 17:19:34.931072,7856.5703,3.5424287
2013-04-22 17:49:00.463454,7857.451,3.5442517
2013-04-22 18:18:25.987210,7858.1963,3.542607
2013-04-22 18:47:51.510983,7857.2266,3.5435767
2013-04-22 19:17:17.034770,7872.611,3.5456731
2013-04-22 19:46:42.558571,7860.861,3.5429635
2013-04-22 20:16:08.082389,7865.72,3.5443614
2013-04-22 20:45:33.606221,7867.6963,3.5442483
2013-04-22 21:14:59.130073,7865.7485,3.5435848
2013-04-22 21:44:24.653936,7857.058,3.5444388
2013-04-22 22:13:50.177814,7857.623,3.5429645
2013-04-22 22:43:15.701706,7858.23,3.542889
2013-04-22 23:12:41.225614,7853.866,3.5424678
2013-04-22 23:42:06.749537,7861.871,3.5437973
2013-04-23 00:11:32.282114,7857.891,3.54284
2013-04-23 00:40:57.806067,7859.1333,3.5444868
2013-04-23 01:10:23.321396,7861.2505,3.5416222
2013-04-23 01:39:48.854018,7855.9385,3.5428238
2013-04-23 02:09:14.378017,7856.6704,3.5432262
2013-04-23 02:38:39.893390,7855.128,3.5411897
2013-04-23 03:08:05.426058,7857.864,3.5437372
2013-04-23 04:06:56.465516,7860.34,3.5445411
2013-04-23 04:36:21.998229,7862.458,3.5450218
2013-04-23 05:05:47.522318,7860.12,3.544145
2013-04-23 05:35:13.055062,7852.7666,3.5421326
2013-04-23 06:04:38.570541,7858.6772,3.5441322
2013-04-23 06:34:04.094675,7865.56,3.5450358
2013-04-23 07:03:29.627459,7854.241,3.5436945
2013-04-23 07:32:55.142983,7862.1094,3.5440745
2013-04-23 08:02:20.667162,7863.059,3.5439668
2013-04-23 08:31:46.199991,7861.462,3.5455093
2013-04-23 09:01:11.715561,7862.5,3.544117
2013-04-23 09:30:37.248421,7856.2515,3.5440514
2013-04-23 10:00:02.772660,7863.904,3.5448983
2013-04-23 10:29:28.288270,7856.349,3.542933
2013-04-23 10:58:53.821180,7852.758,3.5435064
2013-04-23 11:28:19.345459,7868.2715,3.5458302
2013-04-23 11:57:44.869760,7861.8496,3.5435212
2013-04-23 12:27:10.394070,7860.9434,3.543802
2013-04-23 12:56:35.918395,7857.0156,3.5434496
2013-04-23 13:26:01.434095,7855.323,3.542391
2013-04-23 13:55:26.967095,7857.6987,3.544533
2013-04-23 14:24:52.491465,7849.688,3.542654
2013-04-23 14:54:18.015851,7857.8633,3.5445013
2013-04-23 15:23:43.540252,7861.7217,3.5451515
2013-04-23 15:53:09.064667,7856.6577,3.542766
2013-04-23 16:22:34.597733,7853.6826,3.5429058
2013-04-23 16:52:00.113539,7853.769,3.542582
2013-04-23 17:21:25.638000,7859.952,3.5430007
2013-04-23 17:50:51.171116,7863.597,3.544903
2013-04-23 18:20:16.686962,7860.922,3.541599
2013-04-23 18:49:42.220108,7849.582,3.543264
2013-04-23 19:19:07.744624,7854.6387,3.5407982
2013-04-23 19:48:33.260516,7867.27,3.5422542
2013-04-23 20:17:58.793707,7858.8633,3.5424507
2013-04-23 20:47:24.318269,7859.9893,3.5422127
2013-04-23 21:16:49.834205,7861.1226,3.542624
2013-04-23 21:46:15.367437,7865.2583,3.5424423
2013-04-23 22:15:40.892044,7859.708,3.5429897
2013-04-23 22:45:06.408026,7858.8633,3.5430071
2013-04-23 23:14:31.941302,7861.552,3.5440736
2013-04-23 23:43:57.465954,7861.76,3.5424006
2013-04-24 00:13:22.999257,7859.137,3.5411036
2013-04-24 00:42:48.515298,7859.866,3.5410004
2013-04-24 01:12:14.039991,7865.9434,3.543706
2013-04-24 01:41:39.573343,7857.501,3.541466
2013-04-24 02:11:05.089425,7856.996,3.5412173
2013-04-24 02:40:30.614163,7851.8003,3.5410123
2013-04-24 03:09:56.147561,7859.041,3.542255
2013-04-24 03:39:21.672328,7855.606,3.5416143
2013-04-24 04:08:47.197111,7863.8555,3.5421162
2013-04-24 04:38:12.721904,7854.1123,3.5384567
2013-04-24 05:07:38.238077,7863.4805,3.5408003
2013-04-24 05:37:03.771545,7859.3457,3.5418286
2013-04-24 06:06:29.296383,7873.608,3.5472243
2013-04-24 06:35:54.812601,7862.5366,3.5411484
2013-04-24 07:05:20.346110,7853.0366,3.54081
2013-04-24 07:34:45.870993,7853.335,3.540821
2013-04-24 08:04:11.387251,7860.274,3.5410488
2013-04-24 08:33:36.920810,7856.5337,3.5392106
2013-04-24 09:03:02.445733,7857.4634,3.541046
2013-04-24 09:32:27.979317,7856.809,3.541131
2013-04-24 10:01:53.495636,7860.089,3.541962
2013-04-24 10:31:19.020605,7867.6016,3.542312
2013-04-24 11:00:44.554234,7858.2173,3.5401742
2013-04-24 11:30:10.070593,7859.527,3.5405295
2013-04-24 11:59:35.595607,7859.5356,3.5391808
2013-04-24 12:29:01.129276,7862.3823,3.5410225
2013-04-24 12:58:26.645681,7855.8784,3.5394084
2013-04-24 13:27:52.179380,7858.852,3.5396512
2013-04-24 13:57:17.704449,7861.781,3.5396128
2013-04-24 14:26:43.220899,7862.7573,3.5397282
2013-04-24 14:56:08.754638,7863.901,3.5407786
2013-04-24 15:25:34.279758,7859.046,3.5409522
2013-04-24 15:54:59.804888,7864.942,3.541368
2013-04-24 16:24:25.330033,7859.2427,3.5386343
2013-04-24 16:53:50.855193,7859.5186,3.5395918
2013-04-24 17:23:16.380368,7851.8247,3.5392754
2013-04-24 17:52:41.905553,7862.5737,3.539591
2013-04-24 18:22:07.430758,7857.6357,3.5408895
2013-04-24 18:51:32.955974,7861.313,3.540392
2013-04-24 19:20:58.489844,7861.6323,3.5394955
2013-04-24 19:50:24.006449,7860.1006,3.5400183
2013-04-24 20:19:49.531710,7864.0527,3.5403583
2013-04-24 20:49:15.056980,7863.433,3.538898
2013-04-24 21:18:40.582271,7860.0537,3.5400846
2013-04-24 21:48:06.116212,7858.5283,3.5423625
2013-04-24 22:17:31.632893,7853.1064,3.5382614
2013-04-24 22:46:57.166864,7864.238,3.54029
2013-04-24 23:16:22.692210,7858.041,3.5415802
2013-04-24 23:45:48.208926,7867.72,3.5397422
2013-04-25 00:15:13.742942,7860.4624,3.5383596
2013-04-25 00:44:39.268333,7863.6978,3.5411773
2013-04-25 01:14:04.785095,7857.362,3.5395312
2013-04-25 01:43:30.319151,7853.5396,3.53912
2013-04-25 02:12:55.844583,7859.6865,3.5408094
2013-04-25 02:42:21.378669,7857.3096,3.539963
2013-04-25 03:11:46.895486,7864.908,3.5409505
2013-04-25 03:41:12.420963,7860.0083,3.5395632
2013-04-25 04:10:37.955090,7856.7764,3.5399916
2013-04-25 04:40:03.471952,7854.408,3.5379722
2013-04-25 05:09:28.997469,7863.196,3.5388622
2013-04-25 05:38:54.531641,7856.6064,3.5387526
2013-04-25 06:08:20.048543,7862.7324,3.5410743
2013-04-25 06:37:45.574105,7864.5347,3.5409944
2013-04-25 07:07:11.108318,7853.5615,3.540893
2013-04-25 07:36:36.633905,7858.14,3.5397131
2013-04-25 08:06:02.159507,7863.18,3.5396588
2013-04-25 08:35:27.685125,7856.4463,3.5394418
2013-04-25 09:04:53.210753,7856.602,3.5394592
2013-04-25 09:34:18.736395,7859.407,3.5389178
2013-04-25 10:03:44.262053,7855.9277,3.5414557
2013-04-25 10:33:09.787727,7860.459,3.5390346
2013-04-25 11:02:35.313414,7864.0728,3.5405138
2013-04-25 11:32:00.839113,7858.147,3.5374696
2013-04-25 12:01:26.364831,7862.5645,3.5404792
2013-04-25 12:30:51.890559,7865.706,3.539547
2013-04-25 13:00:17.416302,7849.067,3.5377972
2013-04-25 13:29:42.950696,7857.925,3.5402846
2013-04-25 13:59:08.467829,7857.8843,3.5399964
2013-04-25 14:28:33.993613,7855.3477,3.538555
2013-04-25 14:57:59.528052,7858.9956,3.5374687
2013-04-25 15:27:25.045225,7860.3794,3.5391543
2013-04-25 15:56:50.571054,7856.997,3.5390422
2013-04-25 16:26:16.105533,7862.088,3.5400338
2013-04-25 16:55:41.622747,7854.861,3.5405617
2013-04-25 17:25:07.157256,7861.0527,3.5386376
2013-04-25 17:54:32.683140,7861.256,3.5415792
2013-04-25 18:23:58.200399,7856.462,3.5394874
2013-04-25 18:53:23.734949,7861.9023,3.5385163
2013-04-25 19:22:49.260873,7853.1313,3.5399458
2013-04-25 19:52:14.778172,7864.786,3.53975
2013-04-25 20:21:40.312767,7858.3335,3.5383177
2013-04-25 20:51:05.838732,7858.085,3.5400894
2013-04-25 21:20:31.373356,7860.207,3.5402336
2013-04-25 21:49:56.890711,7869.552,3.5416863
2013-04-25 22:19:22.416716,7867.51,3.541021
2013-04-25 22:48:47.951381,7864.02,3.538231
2013-04-25 23:18:13.477416,7859.591,3.53881
2013-04-25 23:47:38.994827,7862.4287,3.5389214
2013-04-26 00:17:04.529531,7861.147,3.537567
2013-04-26 00:46:30.055612,7865.075,3.5435653
2013-04-26 01:15:55.573062,7854.034,3.536279
2013-04-26 01:45:21.107807,7854.9424,3.539397
2013-04-26 02:14:46.633928,7858.87,3.539832
2013-04-26 02:44:12.160063,7860.7383,3.5382142
2013-04-26 03:43:03.203730,7858.7544,3.5395772
2013-04-26 04:12:28.738546,7858.7075,3.5385907
2013-04-26 04:41:54.264737,7859.9126,3.5413225
2013-04-26 05:11:19.782298,7851.737,3.5358524
2013-04-26 05:40:45.317154,7858.8594,3.5389352
2013-04-26 06:10:10.843385,7858.4453,3.5395932
2013-04-26 06:39:36.378272,7856.282,3.538253
2013-04-26 07:09:01.895888,7856.999,3.539254
2013-04-26 07:38:27.422159,7863.6147,3.5404146
2013-04-26 08:07:52.957086,7868.302,3.540408
2013-04-26 08:37:18.474747,7854.4873,3.540951
2013-04-26 09:06:44.001059,7857.7583,3.539008
2013-04-26 09:36:09.536026,7856.697,3.5400088
2013-04-26 10:05:35.053728,7861.3457,3.5400012
2013-04-26 10:35:00.580079,7863.44,3.5395286
2013-04-26 11:04:26.115086,7855.532,3.5373733
2013-04-26 11:33:51.632828,7855.062,3.5377283
2013-04-26 12:03:17.167865,7863.3916,3.5408134
2013-04-26 12:32:42.694273,7858.43,3.5393462
2013-04-26 13:02:08.220700,7854.317,3.5396206
2013-04-26 13:31:33.747132,7859.374,3.5406578
2013-04-26 14:00:59.273585,7870.3555,3.5421007
2013-04-26 14:30:24.800047,7853.1104,3.539459
2013-04-26 14:59:50.326525,7855.0986,3.5384417
2013-04-26 15:29:15.853018,7858.906,3.5389462
2013-04-26 15:58:41.379520,7854.7256,3.537625
2013-04-26 16:28:06.914683,7855.5156,3.537989
2013-04-26 16:57:32.432571,7860.915,3.539435
2013-04-26 17:26:57.967759,7860.8267,3.5404406
2013-04-26 17:56:23.494317,7855.855,3.5381212
2013-04-26 18:25:49.012250,7863.1187,3.539518
2013-04-26 18:55:14.547478,7857.416,3.5405474
2013-04-26 19:24:40.065437,7859.2573,3.5390203
2013-04-26 19:54:05.592050,7854.8013,3.5390065
2013-04-26 20:23:31.127318,7857.2993,3.5399978
2013-04-26 20:52:56.645317,,
2013-04-26 21:22:22.180616,7857.565,3.5402384
2013-04-26 21:51:47.707279,7856.781,3.538696
2013-04-26 22:21:13.225323,7858.3906,3.539722
2013-04-26 22:50:38.760657,7867.914,3.543224
2013-04-26 23:20:04.287366,7858.0293,3.5398548
2013-04-26 23:49:29.805450,7857.0796,3.5389721
2013-04-27 00:18:55.340824,7859.591,3.53793
2013-04-27 00:48:20.867573,7855.3545,3.5399008
2013-04-27 01:17:46.394338,7856.1636,3.5408714
2013-04-27 01:47:11.921111,7858.4873,3.5385134
2013-04-27 02:16:37.447901,7858.993,3.5392141
2013-04-27 02:46:02.983346,7858.26,3.540699
2013-04-27 03:15:28.501521,7859.7856,3.5405536
2013-04-27 03:44:54.028350,7864.414,3.5420163
2013-04-27 04:14:19.563835,7853.618,3.53983
2013-04-27 04:43:45.090694,7849.0215,3.538078
2013-04-27 05:13:10.608924,7855.6743,3.5400233
2013-04-27 05:42:36.144444,7855.4497,3.5392194
2013-04-27 06:12:01.671344,7852.5186,3.5385044
2013-04-27 06:41:27.198254,7854.273,3.540122
2013-04-27 07:10:52.725180,7862.6626,3.5405388
2013-04-27 07:40:18.252115,7853.631,3.5384667
2013-04-27 08:09:43.787705,7858.861,3.5406399
2013-04-27 08:39:09.306031,7854.855,3.5388496
2013-04-27 09:08:34.833006,7860.392,3.5399754
2013-04-27 09:38:00.368637,7859.6074,3.5391138
2013-04-27 10:07:25.887002,7851.906,3.5389266
2013-04-27 10:36:51.414018,7855.558,3.5403144
2013-04-27 11:06:16.941049,7855.5225,3.538681
2013-04-27 11:35:42.468095,7858.968,3.5393448
2013-04-27 12:05:08.003790,7862.5693,3.5411668
2013-04-27 12:34:33.522222,7863.0347,3.5405602
2013-04-27 13:03:59.049308,7859.952,3.5394428
2013-04-27 13:33:24.585044,7857.2383,3.540008
2013-04-27 14:02:50.103515,7852.9175,3.5384703
2013-04-27 14:32:15.630637,7864.145,3.5404127
2013-04-27 15:01:41.166418,7860.991,3.53951
2013-04-27 15:31:06.684924,7866.1055,3.540849
2013-04-27 16:00:32.220731,7866.354,3.540916
2013-04-27 16:29:57.747908,7860.515,3.5405197
2013-04-27 16:59:23.266459,7855.89,3.5399034
2013-04-27 17:28:48.802301,7863.6636,3.5403926
2013-04-27 17:58:14.329518,7865.468,3.5412643
2013-04-27 18:27:39.856750,7850.684,3.5387197
2013-04-27 18:57:05.383992,7856.8306,3.5402021
2013-04-27 19:26:30.911249,7862.86,3.5403168
2013-04-27 19:55:56.438516,7859.8926,3.5399933
2013-04-27 20:25:21.974439,7864.087,3.5403202
2013-04-27 20:54:47.493096,7863.181,3.540722
2013-04-27 21:24:13.029043,7857.314,3.539516
2013-04-27 21:53:38.556366,7860.569,3.541084
2013-04-27 22:23:04.075063,7855.5464,3.5395057
2013-04-27 22:52:29.611051,7859.664,3.5401812
2013-04-27 23:21:55.138414,7858.6484,3.5411823
2013-04-27 23:51:20.657146,7857.0757,3.539372
2013-04-28 00:20:46.193175,7850.2056,3.5387003
2013-04-28 00:50:11.720577,7858.0967,3.5399199
2013-04-28 01:19:37.247990,7857.912,3.5401409
2013-04-28 01:49:02.775419,7858.263,3.5398774
2013-04-28 02:18:28.294217,7863.84,3.5409002
2013-04-28 02:47:53.830310,7856.594,3.5391824
2013-04-28 03:17:19.357778,7853.8877,3.5397613
2013-04-28 03:46:44.876617,7858.3335,3.539682
2013-04-28 04:16:10.412750,7864.244,3.5423303
2013-04-28 04:45:35.940254,7859.7935,3.540839
2013-04-28 05:15:01.467773,7854.6777,3.5406795
2013-04-28 05:44:26.995306,7858.509,3.5395825
2013-04-28 06:13:52.522850,7852.5127,3.5383894
2013-04-28 06:43:18.059048,7852.7217,3.5399616
2013-04-28 07:12:43.577978,7863.1797,3.540147
2013-04-28 07:42:09.105562,7856.2827,3.539767
2013-04-28 08:11:34.641800,7862.832,3.5399835
2013-04-28 08:41:00.169410,7856.1763,3.5388
2013-04-28 09:10:25.688394,7861.9727,3.5402255
2013-04-28 09:39:51.224668,7858.5703,3.5398095
2013-04-28 10:09:16.752318,7854.084,3.5383687
2013-04-28 10:38:42.279977,7861.4688,3.5400116
2013-04-28 11:08:07.807652,7856.2617,3.5388856
2013-04-28 11:37:33.335341,7860.2983,3.5396593
2013-04-28 12:06:58.863041,7860.251,3.539823
2013-04-28 12:36:24.390756,7866.47,3.5388527
2013-04-28 13:05:49.918481,7860.2256,3.5396209
2013-04-28 13:35:15.454861,7862.7627,3.5405548
2013-04-28 14:04:40.973970,7861.49,3.5394456
2013-04-28 14:34:06.501736,7859.8125,3.5396764
2013-04-28 15:03:32.038156,7857.444,3.5390837
2013-04-28 15:32:57.557306,7861.837,3.5381942
2013-04-28 16:02:23.093751,7863.05,3.5383039
2013-04-28 16:31:48.621567,7857.781,3.5391204
2013-04-28 17:01:14.140752,7854.0293,3.5389032
2013-04-28 17:30:39.677238,7854.835,3.5386887
2013-04-28 18:00:05.196453,7855.1567,3.5390968
2013-04-28 18:29:30.724319,7854.2944,3.5387626
2013-04-28 18:58:56.260840,7870.6094,3.5413744
2013-04-28 19:28:21.780095,7855.8965,3.5371368
2013-04-28 19:57:47.316641,7856.368,3.5384552
2013-04-28 20:27:12.844557,7856.4873,3.5392032
2013-04-28 20:56:38.363848,7855.269,3.539745
2013-04-28 21:26:03.900434,7859.0166,3.5392864
2013-04-28 21:55:29.428390,7857.0107,3.5378535
2013-04-28 22:24:54.956362,7856.0435,3.538249
2013-04-28 22:54:20.484343,7864.478,3.5389056
2013-04-28 23:23:46.012339,7855.0137,3.5387943
2013-04-28 23:53:11.540351,7859.0605,3.5398753
2013-04-29 00:22:37.068372,7860.5225,3.5386555
2013-04-29 00:52:02.596404,7845.376,3.5367029
2013-04-29 01:21:28.133091,7851.8555,3.5389588
2013-04-29 01:50:53.661152,7858.7993,3.5386007
2013-04-29 02:20:19.180584,7863.1484,3.539429
2013-04-29 03:19:10.245403,7857.962,3.5386865
2013-04-29 03:48:35.764875,7859.729,3.5389256
2013-04-29 04:18:01.301638,7858.177,3.5382314
2013-04-29 04:47:26.829774,7861.914,3.5383096
2013-04-29 05:16:52.349282,7853.039,3.538378
2013-04-29 05:46:17.886079,7851.4346,3.5378509
2013-04-29 06:15:43.414256,7852.2764,3.5376296
2013-04-29 06:45:08.951079,7858.66,3.5384939
2013-04-29 07:14:34.470642,7857.986,3.5373971
2013-04-29 07:43:59.998849,7856.458,3.5371175
2013-04-29 08:13:25.535717,7856.7256,3.5361145
2013-04-29 08:42:51.055309,7857.6313,3.5368187
2013-04-29 09:12:16.583558,7856.9946,3.5384116
2013-04-29 09:41:42.111821,7852.1797,3.5370874
2013-04-29 10:11:07.640094,7854.776,3.5370371
2013-04-29 10:40:33.177022,7857.9595,3.5368645
2013-04-29 11:09:58.696680,7849.8115,3.5356557
2013-04-29 11:39:24.224993,7860.104,3.5367131
2013-04-29 12:08:49.761956,7852.5933,3.5363016
2013-04-29 12:38:15.281655,7852.093,3.5344555
2013-04-29 13:07:40.810003,7858.094,3.5374985
2013-04-29 13:37:06.347007,7857.9062,3.5377111
2013-04-29 14:06:31.875380,7855.1255,3.5365398
2013-04-29 14:35:57.395124,7858.7676,3.5366898
2013-04-29 15:05:22.932163,7856.482,3.537017
2013-04-29 15:34:48.460577,7858.1807,3.5367155
2013-04-29 16:04:13.989000,7857.0425,3.5366106
2013-04-29 16:33:39.517439,7850.1147,3.535896
2013-04-29 17:03:05.045888,7858.631,3.5362253
2013-04-29 17:32:30.582987,7854.08,3.5367193
2013-04-29 18:01:56.102822,7859.9062,3.5362659
2013-04-29 18:31:21.631311,7855.003,3.5366657
2013-04-29 19:00:47.168450,7856.076,3.5371165
2013-04-29 19:30:12.688319,7861.3076,3.5369072
2013-04-29 19:59:38.225484,7858.93,3.536509
2013-04-29 20:29:03.754018,7851.248,3.534852
2013-04-29 20:58:29.273928,7859.7397,3.5362282
2013-04-29 21:27:54.811130,7861.045,3.536669
2013-04-29 21:57:20.339702,7856.6206,3.535111
2013-04-29 22:26:45.859647,7856.192,3.535083
2013-04-29 22:56:11.396887,7848.44,3.5352476
2013-04-29 23:25:36.925497,7854.336,3.5342898
2013-04-29 23:55:02.445480,7859.8994,3.5361571
2013-04-30 00:24:27.982755,7860.1274,3.5378406
2013-04-30 00:53:53.502762,7860.944,3.5362809
2013-04-30 01:23:19.040063,7854.8975,3.5364063
2013-04-30 01:52:44.568735,7857.626,3.532979
2013-04-30 02:22:10.097418,7859.2827,3.5356407
2013-04-30 02:51:35.626116,7858.4893,3.5366385
2013-04-30 03:21:01.154825,7856.8647,3.535685
2013-04-30 03:50:26.683545,7854.895,3.53642
2013-04-30 04:19:52.212281,7854.6045,3.5343435
2013-04-30 04:49:17.741026,7863.558,3.5358272
2013-04-30 05:18:43.278425,7854.399,3.5341372
2013-04-30 05:48:08.807193,7852.6343,3.5352063
2013-04-30 06:17:34.327337,7858.3784,3.5350022
2013-04-30 06:46:59.864772,7857.09,3.5354044
2013-04-30 07:16:25.393579,7854.615,3.5347779
2013-04-30 07:45:50.913757,7858.586,3.5350096
2013-04-30 08:15:16.451228,7861.4854,3.5344083
2013-04-30 08:44:41.980072,7850.987,3.5339382
2013-04-30 09:14:07.500289,7855.936,3.5355086
2013-04-30 09:43:33.037798,7856.152,3.5340285
2013-04-30 10:12:58.566677,7855.6265,3.5344276
2013-04-30 10:42:24.104211,7859.247,3.5338554
2013-04-30 11:11:49.624472,7850.0913,3.5317793
2013-04-30 11:41:15.153392,7858.194,3.53422
2013-04-30 12:10:40.690961,7861.382,3.5339243
2013-04-30 12:40:06.211260,7859.7812,3.5345364
2013-04-30 13:09:31.740215,7857.9995,3.534652
2013-04-30 13:38:57.277819,7856.56,3.5343127
2013-04-30 14:08:22.798156,7859.748,3.534691
2013-04-30 14:37:48.327146,7854.4507,3.5337188
2013-04-30 15:07:13.864788,7857.245,3.5319133
2013-04-30 15:36:39.385160,7858.054,3.533864
2013-04-30 16:06:04.922828,7860.945,3.5348632
2013-04-30 16:35:30.443225,7855.319,3.53479
2013-04-30 17:04:55.972273,7861.9575,3.531405
2013-04-30 17:34:21.509976,7853.7964,3.533976
2013-04-30 18:03:47.030410,7851.9233,3.5324621
2013-04-30 18:33:12.559496,7854.907,3.5340745
2013-04-30 19:02:38.097234,7858.575,3.5329635
2013-04-30 19:32:03.626344,7861.9355,3.534065
2013-04-30 20:01:29.155467,7860.5254,3.5321674
2013-04-30 20:30:54.684600,7859.4146,3.5317698
2013-04-30 21:00:20.213748,7857.0063,3.53239
2013-04-30 21:29:45.742903,7857.72,3.532825
2013-04-30 21:59:11.272077,7854.803,3.5302706
2013-04-30 22:28:36.801257,7852.0166,3.533646
2013-04-30 22:58:02.339091,7855.2437,3.5305626
2013-04-30 23:27:27.859657,7850.026,3.531376
2013-04-30 23:56:53.388875,7861.687,3.5347645
2013-05-01 00:26:18.926746,7856.2676,3.5304382
2013-05-01 00:55:44.447347,7853.826,3.5315373
2013-05-01 01:25:09.985241,7859.1753,3.5324914
2013-05-01 01:54:35.514507,7854.3564,3.5319896
2013-05-01 02:24:01.035144,7861.3433,3.533861
2013-05-01 02:53:26.573072,7863.9995,3.5333753
2013-05-01 03:22:52.102374,7859.4414,3.5336704
2013-05-01 03:52:17.623048,7853.4565,3.5315583
2013-05-01 04:21:43.161014,7859.761,3.5319765
2013-05-01 04:51:08.690351,7861.092,3.5320394
2013-05-01 05:20:34.228340,7859.0225,3.5328677
2013-05-01 05:49:59.749060,7852.3687,3.5312855
2013-05-01 06:19:25.278432,7856.6694,3.5316174
2013-05-01 06:48:50.816456,7859.1294,3.532119
2013-05-01 07:18:16.337213,7860.4873,3.530407
2013-05-01 07:47:41.866623,7856.743,3.531494
2013-05-01 08:17:07.396040,7851.3276,3.5312185
2013-05-01 08:46:32.925474,7855.6924,3.5309815
2013-05-01 09:15:58.454917,7855.2056,3.5294907
2013-05-01 09:45:23.984371,7857.3086,3.5294173
2013-05-01 10:14:49.513839,7856.285,3.5301435
2013-05-01 10:44:15.051959,7860.0894,3.531165
2013-05-01 11:13:40.581449,7871.611,3.5347192
2013-05-01 11:43:06.102309,7860.3066,3.5315044
2013-05-01 12:12:31.640465,7852.2886,3.5311983
2013-05-01 12:41:57.169989,7855.964,3.5332592
2013-05-01 13:11:22.690890,7858.788,3.5295448
2013-05-01 13:40:48.229078,7854.801,3.5312507
2013-05-01 14:10:13.758638,7859.419,3.5315385
2013-05-01 14:39:39.296851,7861.3096,3.5308006
2013-05-01 15:09:04.817797,7852.679,3.5296173
2013-05-01 15:38:30.347392,7855.975,3.5317228
2013-05-01 16:07:55.885641,7855.108,3.5296576
2013-05-01 16:37:21.406619,7858.5425,3.5302284
2013-05-01 17:06:46.936250,7860.041,3.5322044
2013-05-01 17:36:12.474533,7858.3984,3.5320206
2013-05-01 18:05:37.995550,7865.692,3.532804
2013-05-01 18:35:03.525213,7856.748,3.531035
2013-05-01 19:04:29.063534,7858.586,3.5309603
2013-05-01 19:33:54.584581,7856.055,3.530609
2013-05-01 20:03:20.122924,7855.9326,3.530623
2013-05-01 20:32:45.652636,7850.866,3.5294676
2013-05-01 21:02:11.182360,7856.2437,3.5305398
2013-05-01 21:31:36.712096,7855.1343,3.5310926
2013-05-01 22:01:02.241842,7858.598,3.5300033
2013-05-01 22:30:27.771604,7858.339,3.530378
2013-05-01 22:59:53.301373,7863.7715,3.5323155
2013-05-01 23:29:18.831155,7858.2505,3.529094
2013-05-01 23:58:44.360950,7864.9165,3.5325804
2013-05-02 00:28:09.890753,7858.585,3.5287075
2013-05-02 00:57:35.420571,7861.0786,3.5291147
2013-05-02 01:27:00.950400,7856.5444,3.5298772
2013-05-02 01:56:26.480240,7858.7764,3.5188675
2013-05-07 07:58:47.411612,7858.902,3.5026777
2013-05-07 08:28:12.952794,7863.3,3.499925
2013-05-07 08:57:38.476703,7853.8623,3.5037074
2013-05-07 09:27:04.017903,7852.5845,3.50426
2013-05-07 09:56:29.550471,7864.608,3.5021057
2013-05-07 10:25:55.074409,7869.744,3.508385
2013-05-07 10:55:20.615636,7869.3564,3.5060928
2013-05-07 11:24:46.148233,7863.3257,3.5035577
2013-05-07 11:54:11.680838,7866.0493,3.5048037
2013-05-07 12:23:37.213454,7867.992,3.5067747
2013-05-07 12:53:02.746078,7862.4546,3.5038373
2013-05-07 13:22:28.287353,7863.1465,3.507567
2013-05-07 13:51:53.819996,7869.012,3.5065649
2013-05-07 14:21:19.344008,7866.8306,3.5085363
2013-05-07 14:50:44.885311,7862.321,3.5079942
2013-05-07 15:20:10.417981,7859.45,3.5078428
2013-05-07 15:49:35.942023,7859.69,3.5091977
2013-05-07 16:19:01.483351,7855.9365,3.5096009
2013-05-07 16:48:27.016051,7859.654,3.5113032
2013-05-07 17:17:52.548759,7866.5327,3.51094
2013-05-07 17:47:18.081478,7876.9404,3.5118093
2013-05-07 18:16:43.605563,7865.9707,3.5128474
2013-05-07 18:46:09.146940,7867.016,3.5140202
2013-05-07 19:15:34.679685,7867.487,3.5143642
2013-05-07 19:45:00.203798,7858.014,3.5116932
2013-05-07 20:14:25.745203,7858.4526,3.5150094
2013-05-07 20:43:51.277976,7860.1816,3.5144706
2013-05-07 21:13:16.819397,7853.8433,3.5154593
2013-05-07 21:42:42.343549,7859.951,3.510916
2013-05-07 22:12:07.876350,7864.5967,3.516963
2013-05-07 22:41:33.417800,7859.0347,3.5172443
2013-05-07 23:10:58.941978,7856.621,3.515661
2013-05-08 00:09:50.016283,7853.147,3.517882
2013-05-08 00:39:15.540489,7861.592,3.5179536
2013-05-08 01:08:41.081985,7866.9624,3.5195026
2013-05-08 01:38:06.614850,7862.283,3.5197864
2013-05-08 02:07:32.147723,7858.651,3.5190613
2013-05-08 02:36:57.680605,7864.4736,3.520695
2013-05-08 03:06:23.213497,7866.07,3.5205142
2013-05-08 03:35:48.746399,7863.595,3.519929
2013-05-08 04:05:14.279308,7858.8267,3.5202494
2013-05-08 04:34:39.812227,7862.5044,3.521028
2013-05-08 05:04:05.353796,7868.0728,3.5227902
2013-05-08 05:33:30.878092,7862.534,3.5211494
2013-05-08 06:02:56.411038,7861.972,3.520418
2013-05-08 06:32:21.952634,7862.9844,3.523074
2013-05-08 07:01:47.485598,7864.875,3.524121
2013-05-08 07:31:13.009931,7866.9263,3.5247319
2013-05-08 08:00:38.551554,7873.774,3.5244503
2013-05-08 08:30:04.075904,7861.504,3.5242267
2013-05-08 08:59:29.617545,7856.0205,3.5252666
2013-05-08 09:28:55.150556,7865.754,3.5250347
2013-05-08 09:58:20.674933,7857.139,3.5252383
2013-05-08 10:27:46.216600,7858.9087,3.5259738
2013-05-08 10:57:11.749637,7857.4062,3.524316
2013-05-08 11:26:37.274040,7854.9736,3.5239859
2013-05-08 11:56:02.815736,7858.531,3.5264218
2013-05-08 12:25:28.348799,7861.112,3.5226026
2013-05-08 12:54:53.873230,7858.0776,3.5238035
2013-05-08 13:24:19.414951,7855.373,3.5252101
2013-05-08 13:53:44.948042,7860.834,3.5249052
2013-05-08 14:23:10.489780,7861.3164,3.5267158
2013-05-08 14:52:36.014248,7858.542,3.5268035
2013-05-08 15:22:01.547365,7864.8784,3.524867
2013-05-08 15:51:27.089130,7857.8857,3.5258698
2013-05-08 16:20:52.613625,7858.7563,3.5265522
2013-05-08 16:50:18.146766,7863.2837,3.5283701
2013-05-08 17:19:43.688559,7859.7466,3.526818
2013-05-08 17:49:09.213078,7866.405,3.5267851
2013-05-08 18:18:34.754889,7863.456,3.5269923
2013-05-08 18:48:00.288067,7868.554,3.5266542
2013-05-08 19:17:25.821255,7866.1504,3.5287983
2013-05-08 19:46:51.354452,7871.371,3.5283961
2013-05-08 20:16:16.887656,7870.318,3.5291162
2013-05-08 20:45:42.420870,7868.2393,3.5277364
2013-05-08 21:15:07.954093,7867.909,3.529708
2013-05-08 21:44:33.487323,7865.774,3.528738
2013-05-08 22:13:59.020564,7856.5576,3.5277689
2013-05-08 22:43:24.562453,7861.6865,3.5287871
2013-05-08 23:12:50.087071,7863.415,3.5265112
2013-05-08 23:42:15.628977,7869.394,3.529267
2013-05-09 00:11:41.153612,7870.5874,3.529381
2013-05-09 00:41:06.686895,7860.2095,3.5295746
2013-05-09 01:10:32.228830,7867.3213,3.52855
2013-05-09 01:39:57.753489,7861.9297,3.528748
2013-05-09 02:09:23.286799,7861.906,3.529071
2013-05-09 02:38:48.828759,7860.854,3.5294354
2013-05-09 03:08:14.353445,7862.42,3.5283446
2013-05-09 03:37:39.895422,7861.774,3.5303755
2013-05-09 04:07:05.428766,7861.6914,3.5291543
2013-05-09 04:36:30.953479,7862.0693,3.5287328
2013-05-09 05:05:56.495482,7858.8013,3.5292933
2013-05-09 05:35:22.028853,7858.75,3.5274563
2013-05-09 06:04:47.553590,7860.2637,3.5288675
2013-05-09 06:34:13.095619,7858.655,3.5293658
2013-05-09 07:03:38.629016,7867.4375,3.5286322
2013-05-09 07:33:04.162421,7859.526,3.5283399
2013-05-09 08:02:29.695835,7858.4736,3.5288806
2013-05-09 08:31:55.229257,7864.876,3.5286825
2013-05-09 09:01:20.771328,7860.341,3.5285177
2013-05-09 09:30:46.296128,7854.2646,3.5285985
2013-05-09 10:00:11.829576,7855.8584,3.526866
2013-05-09 10:29:37.371673,7853.5063,3.526903
2013-05-09 10:59:02.905138,7865.285,3.5293179
2013-05-09 11:28:28.429972,7855.085,3.5281384
2013-05-09 11:57:53.972094,7857.4536,3.528267
2013-05-09 12:27:19.505585,7858.223,3.5277426
2013-05-09 12:56:45.030445,7861.011,3.5280983
2013-05-09 13:26:10.572592,7856.1494,3.5278
2013-05-09 13:55:36.106109,7859.7383,3.5264213
2013-05-09 14:25:01.648274,7860.0557,3.5287232
2013-05-09 14:54:27.173167,7864.3364,3.5288553
2013-05-09 15:23:52.706709,7860.5977,3.527416
2013-05-09 15:53:18.240260,7862.5493,3.5272467
2013-05-09 16:22:43.773818,7857.9355,3.5272946
2013-05-09 16:52:09.298746,7857.5127,3.5268092
2013-05-09 17:21:34.840961,7859.063,3.5278406
2013-05-09 17:51:00.374545,7861.7,3.5275984
2013-05-09 18:20:25.916778,7860.1304,3.52622
2013-05-09 18:49:51.441740,7862.029,3.5274806
2013-05-09 19:19:16.975348,7857.517,3.527279
2013-05-09 19:48:42.517606,7864.4946,3.5275555
2013-05-09 20:18:08.042593,7856.126,3.5254676
2013-05-09 20:47:33.576227,7858.9756,3.5267437
2013-05-09 21:16:59.118511,7862.1074,3.5275812
2013-05-09 21:46:24.643522,7859.0596,3.5256472
2013-05-09 22:15:50.177182,7853.8433,3.52608
2013-05-09 22:45:15.719490,7861.445,3.5237298
2013-05-09 23:14:41.253166,7861.0474,3.5257967
2013-05-09 23:44:06.786851,7855.3403,3.5247476
2013-05-10 00:13:32.320545,7856.951,3.5249822
2013-05-10 00:42:57.854246,7855.975,3.5247645
2013-05-10 01:12:23.387956,7857.1743,3.5230975
2013-05-10 01:41:48.921674,7857.2993,3.5261583
2013-05-10 02:11:14.455400,7855.567,3.5244558
2013-05-10 02:40:39.997775,7866.773,3.5264072
2013-05-10 03:10:05.522877,7851.926,3.5237925
2013-05-10 03:39:31.056629,7857.841,3.5237753
2013-05-10 04:08:56.599029,7856.3384,3.5252297
2013-05-10 04:38:22.124157,7856.4116,3.5239801
2013-05-10 05:07:47.666573,7860.754,3.5240216
2013-05-10 05:37:13.200357,7854.2217,3.5227864
2013-05-10 06:06:38.725509,7856.765,3.5240045
2013-05-10 06:36:04.267950,7862.1406,3.521512
2013-05-10 07:05:29.801759,7854.248,3.5226736
2013-05-10 07:34:55.326936,7858.284,3.5231245
2013-05-10 08:33:46.394595,7860.785,3.5236566
2013-05-10 09:03:11.937077,7860.285,3.5214126
2013-05-10 09:32:37.470927,7859.389,3.5234423
2013-05-10 10:02:02.996144,7853.1123,3.5226305
2013-05-10 10:31:28.538651,7855.847,3.5212035
2013-05-10 11:00:54.072525,7854.919,3.5215845
2013-05-10 11:30:19.597767,7861.3984,3.5226524
2013-05-10 11:59:45.140299,7857.8364,3.5208528
2013-05-10 12:29:10.674197,7860.738,3.5237691
2013-05-10 12:58:36.208104,7861.4736,3.5226595
2013-05-10 13:28:01.742019,7859.7446,3.521481
2013-05-10 13:57:27.275942,7854.9053,3.5225925
2013-05-10 14:26:52.818513,7850.4663,3.5216916
2013-05-10 14:56:18.343813,7854.7065,3.5214138
2013-05-10 15:25:43.877759,7856.157,3.5232031
2013-05-10 15:55:09.420355,7860.1104,3.5210035
2013-05-10 16:24:34.954319,7862.7656,3.5186923
2013-05-10 16:54:00.479650,7863.0117,3.5215676
2013-05-10 17:23:26.022270,7851.0283,3.5207586
2013-05-10 17:52:51.556257,7858.662,3.5200448
2013-05-10 18:22:17.081612,7857.142,3.5182707
2013-05-10 18:51:42.624256,7854.9355,3.5205219
2013-05-10 19:21:08.158268,7857.217,3.5211906
2013-05-10 19:50:33.700928,7859.826,3.5213168
2013-05-10 20:19:59.226316,7855.6147,3.5209877
2013-05-10 20:49:24.760351,7860.114,3.5189354
2013-05-10 21:18:50.303035,7855.27,3.5169177
2013-05-10 21:48:15.828446,7859.4844,3.5197887
2013-05-10 22:17:41.362505,7852.056,3.5188098
2013-05-10 22:47:06.896573,7854.635,3.518171
2013-05-10 23:16:32.430649,7860.822,3.5181904
2013-05-10 23:45:57.973372,7860.4023,3.5185325
2013-05-11 00:15:23.498823,7857.0425,3.519868
2013-05-11 00:44:49.032923,7855.8784,3.5184786
2013-05-11 01:14:14.575669,7852.95,3.5178196
2013-05-11 01:43:40.101144,7859.6084,3.518817
2013-05-11 02:13:05.635268,7853.5146,3.5178618
2013-05-11 02:42:31.178038,7859.6426,3.5194368
2013-05-11 03:11:56.703536,7863.932,3.5204642
2013-05-11 03:41:22.237683,7859.1025,3.5165641
2013-05-11 04:10:47.780478,7852.3496,3.5160108
2013-05-11 04:40:13.314639,7860.631,3.518607
2013-05-11 05:09:38.848810,7861.468,3.515849
2013-05-11 05:39:04.382987,7856.974,3.5173638
2013-05-11 06:08:29.917174,7853.7607,3.5165792
2013-05-11 06:37:55.451367,7869.381,3.514263
2013-05-11 07:07:20.985568,7862.465,3.5162532
2013-05-11 07:36:46.519778,7853.166,3.5137258
2013-05-11 08:06:12.062635,7857.725,3.5135686
2013-05-11 08:35:37.588218,7860.5596,3.5155275
2013-05-11 09:05:03.122451,7862.2725,3.5123887
2013-05-11 09:34:28.665332,7858.073,3.5178714
2013-05-11 10:03:54.190939,7862.24,3.5132565
2013-05-11 10:33:19.733836,7854.3154,3.507104
2013-05-11 11:02:45.268100,7852.2007,3.513099
2013-05-11 11:32:10.793730,7855.6763,3.4745073
2013-05-11 12:01:36.336649,7852.6665,3.49648
