time,flux,flux_err
2013-04-09 17:54:37.906474,6192.897,3.4630477
2013-04-09 18:24:03.418448,6190.717,3.4671183
2013-04-09 18:53:28.939071,6193.3047,3.4657843
2013-04-09 19:22:54.442435,6188.4946,3.463842
2013-04-09 19:52:19.954459,6185.862,3.4661093
2013-04-09 20:21:45.475142,6188.7363,3.4660475
2013-04-09 20:51:10.978567,6190.157,3.4641008
2013-04-09 21:20:36.499291,6194.9683,3.4651725
2013-04-09 21:50:02.011395,6188.0566,3.4648762
2013-04-09 22:19:27.523520,6190.6245,3.4674778
2013-04-09 22:48:53.035654,6187.1094,3.4640975
2013-04-09 23:18:18.547808,6181.6865,3.4625137
2013-04-09 23:47:44.059993,6194.504,3.4647422
2013-04-10 00:17:09.572189,6181.9365,3.4633763
2013-04-10 00:46:35.084403,6187.4717,3.46533
2013-04-10 01:16:00.596638,6186.286,3.4663086
2013-04-10 01:45:26.108894,6186.861,3.4674737
2013-04-10 02:14:51.621159,6187.19,3.4658074
2013-04-10 02:44:17.133454,6191.986,3.4659991
2013-04-10 03:13:42.645760,6196.6973,3.4697368
2013-04-10 03:43:08.158095,6189.6426,3.468801
2013-04-10 04:12:33.679081,6192.7563,3.4682653
2013-04-10 04:41:59.182807,6191.771,3.4674003
2013-04-10 05:11:24.695193,6190.063,3.4682028
2013-04-10 05:40:50.216239,6187.7744,3.4670236
2013-04-10 06:10:15.720015,6190.6445,3.4663358
2013-04-10 06:39:41.241101,6188.231,3.4678624
2013-04-10 07:09:06.753568,6188.769,3.4659433
2013-04-10 07:38:32.257404,6191.1694,3.4691942
2013-04-10 08:07:57.778541,6182.304,3.4668884
2013-04-10 08:37:23.291057,6186.164,3.4687285
2013-04-10 09:06:48.794954,6185.152,3.4653828
2013-04-10 09:36:14.316151,6187.7197,3.4663222
2013-04-10 10:05:39.828728,6194.74,3.4683003
2013-04-10 10:35:05.349955,6190.0044,3.4668782
2013-04-10 11:04:30.853932,6194.1436,3.4689837
2013-04-10 11:33:56.366560,6192.3926,3.4686515
2013-04-10 12:03:21.887857,6192.2827,3.468071
2013-04-10 12:32:47.391885,6195.5703,3.4677489
2013-04-10 13:02:12.904573,6186.514,3.4697075
2013-04-10 13:31:38.425910,6187.399,3.4668188
2013-04-10 14:01:03.929998,6183.906,3.4693904
2013-04-10 14:30:29.451387,6184.671,3.4673836
2013-04-10 14:59:54.964144,6187.553,3.4689622
2013-04-10 15:29:20.468283,6190.797,3.468794
2013-04-10 15:58:45.989721,6189.429,3.468163
2013-04-10 16:28:11.502539,6191.856,3.4683363
2013-04-10 16:57:37.006738,6187.3545,3.4667635
2013-04-10 17:27:02.528237,6182.9414,3.4690456
2013-04-10 17:56:28.041115,6194.1772,3.4711328
2013-04-10 18:25:53.545364,6182.4136,3.4684951
2013-04-10 18:55:19.066913,6185.8496,3.4672923
2013-04-10 19:24:44.579852,6186.098,3.4675457
2013-04-10 19:54:10.092802,6190.874,3.4682794
2013-04-10 20:23:35.605771,6187.994,3.467906
2013-04-10 20:53:01.118750,6182.9717,3.468945
2013-04-10 21:22:26.640400,6191.513,3.4702528
2013-04-10 21:51:52.144780,6185.062,3.4687216
2013-04-10 22:21:17.657829,6186.7026,3.4696193
2013-04-10 22:50:43.179529,6184.966,3.467721
2013-04-10 23:20:08.683969,6190.007,3.4692023
2013-04-10 23:49:34.205709,6183.0625,3.467257
2013-04-11 00:18:59.718829,6190.101,3.4713135
2013-04-11 00:48:25.223320,6187.4277,3.4706688
2013-04-11 01:17:50.745120,6194.2925,3.4699106
2013-04-11 01:47:16.258291,6185.572,3.470165
2013-04-11 02:16:41.762841,6190.3657,3.4703488
2013-04-11 02:46:07.284692,6181.987,3.469438
2013-04-11 03:15:32.797923,6188.906,3.4705133
2013-04-11 03:44:58.311174,6196.0444,3.4716444
2013-04-11 04:14:23.824435,6188.2295,3.4708955
2013-04-11 04:43:49.337726,6189.58,3.4709861
2013-04-11 05:42:40.364348,6182.9526,3.467727
2013-04-11 06:12:05.877690,6181.527,3.471137
2013-04-11 06:41:31.399691,6191.71,3.4712818
2013-04-11 07:10:56.904423,6180.5137,3.4681208
2013-04-11 07:40:22.417825,6199.634,3.476701
2013-04-11 08:09:47.939877,6187.368,3.4716606
2013-04-11 11:06:21.020760,6286.91,2.3910837
2013-04-11 11:35:46.525663,6209.0317,3.4726334
2013-04-11 12:05:12.047866,6190.7427,3.4727654
2013-04-11 12:34:37.561449,6194.9604,3.4718547
2013-04-11 13:04:03.083682,6195.9663,3.4694822
2013-04-11 13:33:28.588665,6188.6997,3.4714968
2013-04-11 14:02:54.102298,6188.316,3.4719453
2013-04-11 14:32:19.624601,6172.2583,3.472399
2013-04-11 15:01:45.129635,6201.743,3.4764965
2013-04-11 15:31:10.643318,6200.163,3.4714196
2013-04-11 16:00:36.165672,6240.0015,3.4916596
2013-04-11 16:30:01.670766,6184.6846,3.4712353
2013-04-11 16:59:27.184509,6183.4805,3.4686537
2013-04-11 17:28:52.706913,6183.08,3.4705012
2013-04-11 17:58:18.212058,6180.0664,3.4731688
2013-04-11 18:27:43.734501,6193.9624,3.4720647
2013-04-11 18:57:09.248326,6186.2686,3.4705899
2013-04-11 19:26:34.762160,6181.924,3.473547
2013-04-11 19:56:00.276025,6185.575,3.4736102
2013-04-11 20:25:25.789899,6180.3677,3.4705193
2013-04-11 20:54:51.303794,6184.718,3.472033
2013-04-11 21:24:16.817709,6195.322,3.4732904
2013-04-11 21:53:42.331634,6187.728,3.4706619
2013-04-11 22:23:07.854228,6196.426,3.4735482
2013-04-11 22:52:33.359554,6193.378,3.474654
2013-04-11 23:21:58.873539,6181.469,3.4694924
2013-04-11 23:51:24.387544,6181.301,3.4713316
2013-04-12 00:20:49.901570,6183.5864,3.4718938
2013-04-12 00:50:15.415605,6188.976,3.472205
2013-04-12 01:19:40.938311,6184.7886,3.4719834
2013-04-12 01:49:06.443746,6191.3315,3.4752262
2013-04-12 02:18:31.957842,6183.8633,3.4724653
2013-04-12 02:47:57.480599,6189.735,3.4717298
2013-04-12 03:17:22.986084,6184.3096,3.471897
2013-04-12 03:46:48.508881,6185.205,3.4724789
2013-04-12 04:16:14.023047,6181.339,3.4709275
2013-04-12 04:45:39.528593,6187.6997,3.4711494
2013-04-12 05:15:05.051440,6186.509,3.4729466
2013-04-12 05:44:30.565667,6188.445,3.4730499
2013-04-12 06:13:56.071263,6183.357,3.4707608
2013-04-12 06:43:21.594170,6195.5977,3.4752233
2013-04-12 07:12:47.108446,6193.3735,3.473111
2013-04-12 07:42:12.631384,6190.0127,3.4732363
2013-04-12 08:11:38.137061,6180.733,3.471661
2013-04-12 08:41:03.651388,6183.5024,3.4737818
2013-04-12 09:10:29.174385,6182.2827,3.4720087
2013-04-12 09:39:54.680113,6184.361,3.472087
2013-04-12 10:09:20.194500,6182.6353,3.472247
2013-04-12 10:38:45.717548,6188.23,3.4728217
2013-04-12 11:08:11.223326,6191.3247,3.4738963
2013-04-12 11:37:36.737774,6186.0874,3.473089
2013-04-12 12:07:02.260872,6189.6846,3.4731348
2013-04-12 12:36:27.775350,6187.4624,3.473714
2013-04-12 13:05:53.289848,6191.892,3.4726126
2013-04-12 13:35:18.804366,6182.298,3.4718387
2013-04-12 14:04:44.310255,6183.6187,3.4709294
2013-04-12 14:34:09.833443,6183.772,3.472769
2013-04-12 15:03:35.348012,6183.0215,3.4731233
2013-04-12 15:33:00.853960,6179.835,3.4718976
2013-04-12 16:02:26.377209,6188.6426,3.473328
2013-04-12 16:31:51.891828,6183.7334,3.4717398
2013-04-12 17:01:17.415107,6189.409,3.4724972
2013-04-12 17:30:42.921136,6185.3145,3.4728992
2013-04-12 18:00:08.435805,6183.6494,3.472263
2013-04-12 18:29:33.959145,6188.9375,3.472711
2013-04-12 18:58:59.465214,6183.6006,3.472054
2013-04-12 19:28:24.979954,6188.6963,3.4736304
2013-04-12 19:57:50.503344,6181.709,3.4720845
2013-04-12 20:27:16.009463,6184.378,3.4731457
2013-04-12 20:56:41.532893,6190.319,3.4728332
2013-04-12 21:26:07.047698,6186.1895,3.4728482
2013-04-12 21:55:32.553878,6182.271,3.4722466
2013-04-12 22:24:58.077358,6185.957,3.4736578
2013-04-12 22:54:23.592219,6190.209,3.4725895
2013-04-12 23:23:49.098453,6186.6733,3.4732344
2013-04-12 23:53:14.621984,6180.3022,3.4725351
2013-04-13 00:22:40.136895,6192.909,3.4747515
2013-04-13 00:52:05.651825,6186.001,3.4732723
2013-04-13 01:21:31.166776,6182.738,3.4727395
2013-04-13 01:50:56.681742,6186.982,3.4727204
2013-04-13 02:20:22.205363,6184.8193,3.4730325
2013-04-13 02:49:47.711724,6192.5796,3.4741342
2013-04-13 03:19:13.226746,6184.3936,3.4738455
2013-04-13 03:48:38.750422,6185.558,3.4732265
2013-04-13 04:18:04.265478,6183.2056,3.473259
2013-04-13 04:47:29.771910,6184.784,3.473069
2013-04-13 05:16:55.295641,6192.2427,3.4737318
2013-04-13 05:46:20.802113,6189.989,3.4719205
2013-04-13 06:15:46.325879,6193.8423,3.4736717
2013-04-13 06:45:11.841022,6181.4956,3.472674
2013-04-13 07:14:37.347544,6182.979,3.4733424
2013-04-13 07:44:02.871366,6195.5024,3.4736867
2013-04-13 08:13:28.386568,6193.031,3.4738503
2013-04-13 08:42:53.893140,6186.8643,3.473278
2013-04-13 09:12:19.417018,6185.076,3.4729643
2013-04-13 09:41:44.932270,6190.6187,3.4738274
2013-04-13 10:11:10.438898,6183.1997,3.473412
2013-04-13 10:40:35.962826,6193.1265,3.4741085
2013-04-13 11:10:01.478134,6196.6235,3.4734528
2013-04-13 11:39:27.002097,6191.6577,3.4731257
2013-04-13 12:08:52.508794,6193.416,3.4737542
2013-04-13 12:38:18.024158,6193.389,3.4744627
2013-04-13 13:07:43.548171,6185.182,3.4736922
2013-04-13 13:37:09.054925,6188.2207,3.4727273
2013-04-13 14:06:34.570338,6187.991,3.4727159
2013-04-13 14:36:00.094412,6189.484,3.4735286
2013-04-13 15:05:25.601220,6187.6943,3.472504
2013-04-13 15:34:51.125324,6189.0664,3.4728854
2013-04-13 16:04:16.640808,6198.756,3.476527
2013-04-13 16:33:42.156307,6186.4067,3.4731965
2013-04-13 17:03:07.671826,6186.503,3.4738293
2013-04-13 17:32:33.187365,6187.498,3.472504
2013-04-13 18:01:58.702919,6190.236,3.472173
2013-04-13 18:31:24.218489,6188.6406,3.4740014
2013-04-13 19:00:49.734079,6191.8047,3.4755845
2013-04-13 19:30:15.249688,6187.196,3.4745746
2013-04-13 19:59:40.773953,6187.1406,3.47431
2013-04-13 20:29:06.280958,6183.4185,3.4738188
2013-04-13 20:58:31.796617,6190.6196,3.4748535
2013-04-13 21:27:57.312298,6190.2617,3.4746552
2013-04-13 21:57:22.827993,6186.2197,3.4738522
2013-04-13 22:26:48.352348,6177.6753,3.4727626
2013-04-13 22:56:13.859433,6188.7217,3.4727967
2013-04-13 23:25:39.375184,6193.309,3.4741402
2013-04-13 23:55:04.899594,6190.4453,3.474713
2013-04-14 00:24:30.406735,6194.8877,3.4746058
2013-04-14 00:53:55.931176,6186.46,3.4722688
2013-04-14 01:23:21.446996,6184.7095,3.4735878
2013-04-14 01:52:46.954192,6189.552,3.4735558
2013-04-14 02:22:12.478688,6193.108,3.4738188
2013-04-14 02:51:37.994559,6192.434,3.4740496
2013-04-14 03:21:03.501811,6188.9985,3.473905
2013-04-14 03:50:29.026362,6187.3496,3.4734123
2013-04-14 04:19:54.542283,6186.228,3.4735131
2013-04-14 05:18:45.574186,6192.3184,3.473334
2013-04-14 05:48:11.090163,6186.514,3.473208
2013-04-14 06:17:36.614800,6192.2827,3.4737904
2013-04-14 06:47:02.122173,6185.1387,3.4733253
2013-04-14 07:16:27.638204,6185.434,3.471825
2013-04-14 07:45:53.162892,6191.0894,3.473917
2013-04-14 08:15:18.678958,6197.0986,3.4732819
2013-04-14 08:44:44.186401,6191.7427,3.4721353
2013-04-14 09:14:09.711144,6185.6055,3.474205
2013-04-14 09:43:35.227261,6187.8296,3.4733453
2013-04-14 10:13:00.743394,6189.7295,3.4742796
2013-04-14 10:42:26.259547,6189.419,3.4714491
2013-04-14 11:11:51.775719,6189.091,3.4714806
2013-04-14 11:41:17.291907,6188.843,3.4737735
2013-04-14 12:10:42.808116,6188.018,3.4724915
2013-04-14 12:40:08.324333,6188.6104,3.4721167
2013-04-14 13:09:33.840577,6187.9507,3.473391
2013-04-14 13:38:59.356835,6188.403,3.472096
2013-04-14 14:08:24.881749,6188.9136,3.4730914
2013-04-14 14:37:50.389402,6192.8506,3.4715178
2013-04-14 15:07:15.905711,6181.7607,3.4701536
2013-04-14 15:36:41.430680,6187.816,3.4720628
2013-04-14 16:06:06.938384,6191.326,3.472226
2013-04-14 16:35:32.454748,6186.5776,3.4721065
2013-04-14 17:04:57.979767,6191.224,3.4726508
2013-04-14 17:34:23.487526,6183.998,3.4724882
2013-04-14 18:03:49.003940,6189.3125,3.473546
2013-04-14 18:33:14.529009,6193.298,3.4730637
2013-04-14 19:02:40.036819,6188.269,3.4731984
2013-04-14 19:32:05.561929,6189.1914,3.4742072
2013-04-14 20:01:31.078413,6197.0884,3.47267
2013-04-14 20:30:56.586273,6184.503,3.4711504
2013-04-14 21:00:22.111433,6187.5674,3.4728866
2013-04-14 21:29:47.627968,6195.0645,3.4722178
2013-04-14 21:59:13.144523,6192.3984,3.4716618
2013-04-14 22:28:38.661094,6190.4453,3.4725006
2013-04-14 22:58:04.177683,6188.241,3.471569
2013-04-14 23:27:29.702929,6194.035,3.4728146
2013-04-14 23:56:55.219550,6190.2715,3.471167
2013-04-15 00:26:20.727550,6184.757,3.4700854
2013-04-15 00:55:46.252846,6179.2993,3.4688816
2013-04-15 01:25:11.769521,6185.8945,3.4716482
2013-04-15 01:54:37.277572,6192.0083,3.4690182
2013-04-15 02:24:02.802924,6185.659,3.4703255
2013-04-15 02:53:28.319650,6184.0864,3.4719806
2013-04-15 03:22:53.827756,6187.175,3.4707384
2013-04-15 03:52:19.353157,6188.833,3.4711235
2013-04-15 04:21:44.861294,6201.658,3.4737043
2013-04-15 04:51:10.386730,6184.049,3.4707587
2013-04-15 05:20:35.903542,6182.487,3.4698794
2013-04-15 05:50:01.411733,6182.771,3.468228
2013-04-15 06:19:26.937220,6183.202,3.4688168
2013-04-15 06:48:52.454082,6189.2866,3.4689581
2013-04-15 07:18:17.962324,6186.6777,3.4697812
2013-04-15 07:47:43.487861,6187.616,3.468457
2013-04-15 08:17:09.004778,6194.048,3.4705608
2013-04-15 08:46:34.530350,6184.674,3.4710324
2013-04-15 09:16:00.038663,6190.4985,3.4711504
2013-04-15 09:45:25.555630,6183.007,3.4692519
2013-04-15 10:14:51.081253,6190.804,3.47042
2013-04-15 10:44:16.589616,6190.614,3.4686759
2013-04-15 11:13:42.106634,6189.3154,3.4709718
2013-04-15 11:43:07.632311,6191.748,3.470692
2013-04-15 12:12:33.140724,6183.4263,3.4684546
2013-04-15 12:41:58.657792,6190.1724,3.469722
2013-04-15 13:11:24.183520,6180.594,3.4691558
2013-04-15 13:40:49.700624,6187.3145,3.468874
2013-04-15 14:10:15.217747,6183.19,3.4670846
2013-04-15 14:39:40.734885,6183.7554,3.469349
2013-04-15 15:09:06.252044,6192.185,3.4672232
2013-04-15 15:38:31.769218,6182.451,3.467882
2013-04-15 16:07:57.286407,6194.1484,3.4699872
2013-04-15 16:37:22.803611,6190.5835,3.468686
2013-04-15 17:06:48.329475,6186.648,3.4694786
2013-04-15 17:36:13.838078,6186.4326,3.4695616
2013-04-15 18:05:39.363978,6183.8633,3.4694982
2013-04-15 18:35:04.881252,6180.414,3.467167
2013-04-15 19:04:30.389901,6182.9214,3.4672928
2013-04-15 19:33:55.915851,6189.569,3.4708774
2013-04-15 20:03:21.424536,6182.9326,3.469403
2013-04-15 20:32:46.941880,6183.2324,3.4695673
2013-04-15 21:02:12.467880,6194.542,3.4698148
2013-04-15 21:31:37.976620,6188.04,3.4675517
2013-04-15 22:01:03.494015,6189.823,3.4686944
2013-04-15 22:30:29.020065,6189.513,3.4679613
2013-04-15 22:59:54.528855,6184.988,3.4670722
2013-04-15 23:29:20.054940,6186.2896,3.469713
2013-04-15 23:58:45.572401,6188.315,3.4685504
2013-04-16 00:28:11.081241,6182.2573,3.4659448
2013-04-16 00:57:36.607376,6192.232,3.4695551
2013-04-16 01:27:02.124887,6191.3174,3.4693143
2013-04-16 01:56:27.642418,6183.209,3.4638848
2013-04-16 02:25:53.159964,6182.3457,3.4678895
2013-04-16 02:55:18.677530,6183.3555,3.4648862
2013-04-16 03:24:44.203751,6186.289,3.4650881
2013-04-16 03:54:09.712707,6182.381,3.4679747
2013-04-16 04:23:35.230323,6187.3164,3.4677787
2013-04-16 04:53:00.756595,6193.465,3.4689379
2013-04-16 05:22:26.274241,6188.296,3.4683425
2013-04-16 05:51:51.783268,6186.2275,3.4650788
2013-04-16 06:21:17.309589,6187.4346,3.4636614
2013-04-16 06:50:42.827286,6191.1475,3.4706385
2013-04-16 07:20:08.345003,6180.7803,3.4681132
2013-04-16 07:49:33.862735,6183.892,3.464541
2013-04-16 08:18:59.380482,6186.3984,3.4635465
2013-04-16 08:48:24.906889,6188.625,3.4685428
2013-04-16 09:17:50.416036,6187.5234,3.4679487
2013-04-16 09:47:15.933833,6187.7563,3.4686956
2013-04-16 10:16:41.460291,6183.0767,3.465524
2013-04-16 10:46:06.969483,6184.969,3.4661825
2013-04-16 11:15:32.487336,6190.134,3.4672172
2013-04-16 11:44:58.005204,6184.1406,3.4658496
2013-04-16 12:14:23.523086,6178.794,3.4661407
2013-04-16 12:43:49.049624,6189.026,3.4640265
2013-04-16 13:13:14.558902,6184.0503,3.4657607
2013-04-16 13:42:40.076835,6181.4194,3.4664114
2013-04-16 14:12:05.603428,6186.2417,3.4653876
2013-04-16 14:41:31.112757,6186.4175,3.4664965
2013-04-16 15:10:56.630740,6186.344,3.4664345
2013-04-16 15:40:22.157379,6187.6606,3.4660707
2013-04-16 16:09:47.666757,6185.689,3.4666183
2013-04-16 16:39:13.193436,6183.2837,3.4665236
2013-04-16 17:08:38.711485,6186.6157,3.4659953
2013-04-16 17:38:04.220914,6186.49,3.465836
2013-04-16 18:07:29.747637,6181.3164,3.4653926
2013-04-16 18:36:55.265736,6187.3286,3.466725
2013-04-16 19:06:20.783856,6188.0005,3.4672682
2013-04-16 19:35:46.301990,6183.6343,3.465946
2013-04-16 20:05:11.820139,6188.7607,3.4647553
2013-04-16 20:34:37.338309,6186.388,3.4664876
2013-04-16 21:04:02.865133,6187.1665,3.4639459
2013-04-16 21:33:28.374698,6185.146,3.4652014
2013-04-16 22:02:53.901553,6188.03,3.4666333
2013-04-16 22:32:19.419787,6195.306,3.4671485
2013-04-16 23:01:44.929397,6186.8164,3.4668667
2013-04-16 23:31:10.456307,6184.9497,3.4658184
2013-04-17 00:00:35.974592,6180.4404,3.4667704
2013-04-17 00:30:01.484253,6183.2705,3.4655423
2013-04-17 00:59:27.011208,6180.0767,3.464654
2013-04-17 01:28:52.529543,6186.858,3.4648435
2013-04-17 01:58:18.047894,6192.1616,3.4644544
2013-04-17 02:27:43.566264,6186.5474,3.4650743
2013-04-17 02:57:09.076005,6188.32,3.4678705
2013-04-17 03:26:34.603046,6184.457,3.4653375
2013-04-17 03:56:00.121462,6182.798,3.4633026
2013-04-17 04:54:51.158349,6183.074,3.4649806
2013-04-17 05:24:16.676815,6177.784,3.46231
2013-04-17 05:53:42.195296,6181.6206,3.466664
2013-04-17 06:23:07.713798,6183.316,3.4650025
2013-04-17 06:52:33.232315,6177.022,3.4644856
2013-04-17 07:21:58.759486,6182.847,3.465144
2013-04-17 07:51:24.269398,6184.6777,3.4658263
2013-04-17 08:20:49.787964,6185.582,3.4653149
2013-04-17 08:50:15.315186,6189.0054,3.4648921
2013-04-17 09:19:40.833783,6183.9175,3.4649022
2013-04-17 09:49:06.343760,6184.928,3.465524
2013-04-17 10:18:31.871032,6188.8877,3.465234
2013-04-17 10:47:57.389680,6188.301,3.4658716
2013-04-17 11:17:22.908341,6190.5454,3.4660544
2013-04-17 11:46:48.427024,6185.4985,3.4655318
2013-04-17 12:16:13.945722,6185.284,3.465011
2013-04-17 12:45:39.464434,6183.407,3.4651742
2013-04-17 13:15:04.983167,6188.5986,3.4661996
2013-04-17 13:44:30.501910,6184.261,3.4654918
2013-04-17 14:13:56.029312,6187.8643,3.4671807
2013-04-17 14:43:21.539456,6185.3315,3.4668818
2013-04-17 15:12:47.066889,6179.2007,3.4661918
2013-04-17 15:42:12.585702,6183.1846,3.4670224
2013-04-17 16:11:38.095890,6186.839,3.4657178
2013-04-17 16:41:03.623374,6186.374,3.4665937
2013-04-17 17:10:29.142237,6181.034,3.4663682
2013-04-17 17:39:54.652476,6182.2266,3.4664853
2013-04-17 18:09:20.180009,6193.9976,3.466486
2013-04-17 18:38:45.690278,6182.7725,3.4668336
2013-04-17 19:08:11.209207,6192.71,3.4663732
2013-04-17 19:37:36.736786,6186.0454,3.4648318
2013-04-17 20:07:02.247105,6185.2124,3.465926
2013-04-17 20:36:27.774724,6183.265,3.46615
2013-04-17 21:05:53.293713,6181.4595,3.465531
2013-04-17 21:35:18.804082,6182.643,3.4657633
2013-04-17 22:04:44.331747,6177.4956,3.4655666
2013-04-17 22:34:09.850787,6182.612,3.466233
2013-04-17 23:03:35.369846,6184.74,3.4657118
2013-04-17 23:33:00.888916,6180.6084,3.4657943
2013-04-18 00:02:26.408006,6185.5903,3.4670985
2013-04-18 00:31:51.935755,6184.178,3.4662194
2013-04-18 01:01:17.446235,6187.1626,3.4667857
2013-04-18 01:30:42.965376,6186.3335,3.4644947
2013-04-18 02:00:08.493170,6183.6636,3.4660764
2013-04-18 02:29:34.012341,6186.384,3.464609
2013-04-18 02:58:59.522886,6183.8174,3.4662282
2013-04-18 03:28:25.050726,6183.998,3.4667604
2013-04-18 03:57:50.569947,6201.657,3.472138
2013-04-18 04:27:16.080543,6181.9185,3.4656756
2013-04-18 04:56:41.608433,6184.7446,3.4655976
2013-04-18 05:26:07.127704,6179.5103,3.4650326
2013-04-18 05:55:32.655625,6185.5957,3.465748
2013-04-18 06:24:58.166286,6183.6504,3.4665856
2013-04-18 06:54:23.685602,6187.3506,3.4665222
2013-04-18 07:23:49.213578,6183.1914,3.466637
2013-04-18 07:53:14.724285,6182.1836,3.4658241
2013-04-18 08:22:40.243651,6188.054,3.4667196
2013-04-18 08:52:05.771672,6185.556,3.465813
2013-04-18 09:21:31.282429,6184.018,3.4657145
2013-04-18 09:50:56.810481,6183.256,3.4661062
2013-04-18 10:20:22.321272,6185.6626,3.4652338
2013-04-18 10:49:47.840714,6181.3257,3.4659083
2013-04-18 11:19:13.368817,6187.8555,3.4661667
2013-04-18 11:48:38.879654,6186.1523,3.4657516
2013-04-18 12:18:04.399150,6185.0723,3.4669633
2013-04-18 12:47:29.927298,6187.648,3.4659188
2013-04-18 13:16:55.438185,6180.331,3.4660783
2013-04-18 13:46:20.957727,6185.947,3.4664454
2013-04-18 14:15:46.485925,6191.513,3.467467
2013-04-18 14:45:12.005497,6189.2373,3.4666915
2013-04-18 15:14:37.525085,6180.4443,3.4657562
2013-04-18 15:44:03.044693,6182.634,3.4642463
2013-04-18 16:13:28.564316,6179.1353,3.4656818
2013-04-18 16:42:54.083954,6181.203,3.4657655
2013-04-18 17:12:19.603607,6190.442,3.466998
2013-04-18 17:41:45.123275,6184.7515,3.4655724
2013-04-18 18:11:10.651603,6187.7754,3.4663715
2013-04-18 18:40:36.162667,6184.001,3.4658844
2013-04-18 19:10:01.691025,6199.2705,3.4678898
2013-04-18 19:39:27.210759,6193.914,3.4666712
2013-04-18 20:08:52.721867,6186.654,3.4664469
2013-04-18 20:38:18.250276,6185.84,3.466096
2013-04-18 21:07:43.770055,6187.107,3.4669948
2013-04-18 21:37:09.281214,6188.2236,3.4664807
2013-04-18 22:06:34.809667,6176.9995,3.4651694
2013-04-18 22:36:00.329497,6180.5464,3.4639654
2013-04-18 23:05:25.840701,6182.121,3.4661527
2013-04-18 23:34:51.369200,6184.145,3.4652905
2013-04-19 00:04:16.889079,6190.3325,3.4660764
2013-04-19 00:33:42.417614,6195.306,3.4670699
2013-04-19 01:03:07.928883,6191.4087,3.4662404
2013-04-19 01:32:33.440168,6181.2656,3.4663682
2013-04-19 02:01:58.968748,6196.394,3.4677982
2013-04-19 02:31:24.488702,6187.6006,3.465896
2013-04-19 03:00:50.008678,6187.966,3.4664373
2013-04-19 03:30:15.528667,6182.3525,3.466618
2013-04-19 03:59:41.048667,6183.6235,3.4649067
2013-04-19 04:29:06.577328,6178.536,3.463405
2013-04-19 04:58:32.088723,6182.3027,3.465772
2013-04-19 05:27:57.608778,6182.7764,3.4658742
2013-04-19 05:57:23.137484,6200.392,3.4690144
2013-04-19 06:26:48.657569,6187.65,3.4674013
2013-04-19 06:56:14.169025,6186.484,3.4658072
2013-04-19 07:25:39.697781,6183.889,3.4667716
2013-04-19 07:55:05.217911,6181.452,3.4660106
2013-04-19 08:24:30.738062,6186.188,3.4655185
2013-04-19 08:53:56.258224,6182.103,3.4654157
2013-04-19 09:23:21.778399,6185.9243,3.466924
2013-04-19 09:52:47.307236,6183.1714,3.4670882
2013-04-19 10:22:12.818802,6176.9165,3.4653897
2013-04-19 10:51:38.339028,6187.938,3.466945
2013-04-19 11:21:03.867910,6191.1187,3.4664412
2013-04-19 11:50:29.379527,6184.7046,3.465539
2013-04-19 12:19:54.899798,6183.2188,3.4653654
2013-04-19 12:49:20.428725,6183.0977,3.4658601
2013-04-19 13:18:45.940392,6185.716,3.4672165
2013-04-19 13:48:11.469348,6194.213,3.4667516
2013-04-19 14:17:36.989685,6177.7476,3.4659362
2013-04-19 14:47:02.501398,6181.7705,3.4661596
2013-04-19 15:16:28.030405,6187.5117,3.464845
2013-04-19 15:45:53.550787,6179.1978,3.4654047
2013-04-19 16:15:19.062545,6181.954,3.4657004
2013-04-19 16:44:44.591597,6185.5737,3.465726
2013-04-19 17:14:10.103384,6184.9507,3.4647326
2013-04-19 17:43:35.632472,6185.2466,3.4653878
2013-04-19 18:13:01.152930,6188.691,3.46659
2013-04-19 18:42:26.664768,6186.776,3.4666133
2013-04-19 19:11:52.193901,6182.0205,3.4661274
2013-04-19 19:41:17.714408,6186.561,3.4655702
2013-04-19 20:10:43.234932,6187.0835,3.466585
2013-04-19 20:40:08.755470,6181.134,3.4652042
2013-04-19 21:09:34.276023,6183.036,3.4636643
2013-04-19 21:38:59.796591,6183.912,3.466965
2013-04-19 22:08:25.317180,6186.4897,3.4631426
2013-04-19 22:37:50.837778,6183.443,3.4659033
2013-04-19 23:07:16.367037,6177.722,3.4642282
2013-04-19 23:36:41.887665,6186.6455,3.465643
2013-04-20 00:06:07.399674,6182.704,3.464863
2013-04-20 00:35:32.928979,6189.131,3.4648697
2013-04-20 01:04:58.449658,6181.4814,3.4635568
2013-04-20 01:34:23.961711,6183.5146,3.4645557
2013-04-20 02:03:49.491061,6185.9517,3.4635494
2013-04-20 02:33:15.011785,6186.9634,3.4643533
2013-04-20 03:02:40.541164,6179.936,3.4632335
2013-04-20 03:32:06.053284,6185.3384,3.4637358
2013-04-20 04:30:57.103478,6176.22,3.4624627
2013-04-20 05:00:22.615643,6186.7026,3.4624906
2013-04-20 05:29:48.136462,6181.4478,3.4630203
2013-04-20 05:59:13.665932,6182.465,3.4645987
2013-04-20 06:28:39.178142,6181.83,3.4624126
2013-04-20 06:58:04.699008,6190.9937,3.4638176
2013-04-20 07:27:30.228527,6189.6445,3.4643536
2013-04-20 07:56:55.740783,6183.3975,3.4651608
2013-04-20 08:26:21.270333,6185.3496,3.4648907
2013-04-20 08:55:46.782618,6184.0854,3.4644873
2013-04-20 09:25:12.303559,6179.556,3.4632988
2013-04-20 09:54:37.833159,6178.7705,3.4652834
2013-04-20 10:24:03.345490,6180.6123,3.4640436
2013-04-20 10:53:28.866476,6183.8516,3.4650707
2013-04-20 11:22:54.396122,6182.738,3.465407
2013-04-20 11:52:19.917138,6188.809,3.4641998
2013-04-20 12:21:45.438174,6186.155,3.4649303
2013-04-20 12:51:10.959220,6191.6787,3.4657447
2013-04-20 13:20:36.480286,6183.206,3.4649963
2013-04-20 13:50:02.001368,6182.226,3.464016
2013-04-20 14:19:27.522459,6184.444,3.4633124
2013-04-20 14:48:53.043571,6182.5884,3.4649198
2013-04-20 15:18:18.573337,6179.8247,3.4633877
2013-04-20 15:47:44.085839,6175.7627,3.463874
2013-04-20 16:17:09.615636,6181.555,3.464623
2013-04-20 16:46:35.136808,6179.4546,3.463083
2013-04-20 17:16:00.649354,6182.768,3.4647665
2013-04-20 17:45:26.179196,6184.8877,3.4644518
2013-04-20 18:14:51.700414,6184.9736,3.4645617
2013-04-20 18:44:17.213006,6182.3755,3.4643238
2013-04-20 19:13:42.742893,6183.391,3.463489
2013-04-20 19:43:08.264156,6185.527,3.4639091
2013-04-20 20:12:33.776793,6186.1953,3.4644094
2013-04-20 20:41:59.306731,6177.58,3.4618726
2013-04-20 21:11:24.828038,6183.396,3.4639597
2013-04-20 21:40:50.349361,6183.3853,3.4630263
2013-04-20 22:10:15.870699,6183.306,3.4640372
2013-04-20 22:39:41.392057,6173.429,3.4620097
2013-04-20 23:09:06.913424,6179.247,3.4627872
2013-04-20 23:38:32.434808,6177.93,3.4628174
2013-04-21 00:07:57.956211,6182.547,3.4644215
2013-04-21 00:37:23.477624,6183.0547,3.4632225
2013-04-21 01:06:48.999052,6185.146,3.4631488
2013-04-21 01:36:14.529141,6182.5312,3.4637105
2013-04-21 02:05:40.041959,6186.8994,3.4647288
2013-04-21 02:35:05.563438,6177.109,3.4629915
2013-04-21 03:04:31.093567,6181.363,3.4633322
2013-04-21 03:33:56.615075,6181.779,3.4651234
2013-04-21 04:03:22.127954,6182.047,3.46393
2013-04-21 04:32:47.658133,6187.3926,3.4632502
2013-04-21 05:02:13.179682,6185.04,3.4632375
2013-04-21 05:31:38.692612,6181.383,3.4633386
2013-04-21 06:01:04.222831,6181.081,3.462558
2013-04-21 06:30:29.744430,6180.617,3.4612482
2013-04-21 06:59:55.274680,6177.4375,3.463679
2013-04-21 07:29:20.787669,6182.818,3.4635034
2013-04-21 07:58:46.309308,6181.5776,3.4632611
2013-04-21 08:28:11.839608,6175.462,3.4638524
2013-04-21 08:57:37.352638,6182.656,3.4635015
2013-04-21 09:27:02.874328,6181.463,3.4633396
2013-04-21 09:56:28.404668,6186.682,3.464736
2013-04-21 10:25:53.917742,6181.845,3.4631107
2013-04-21 10:55:19.448118,6183.634,3.4641
2013-04-21 11:24:44.969863,6176.247,3.4623282
2013-04-21 11:54:10.482989,6176.923,3.4634287
2013-04-21 12:23:36.013404,6181.474,3.464244
2013-04-21 12:53:01.535194,6183.898,3.4647975
2013-04-21 13:22:27.048364,6179.0044,3.4637065
2013-04-21 13:51:52.578825,6185.4146,3.4638417
2013-04-21 14:21:18.100661,6177.998,3.46133
2013-04-21 14:50:43.613871,6175.779,3.4638658
2013-04-21 15:20:09.144383,6184.9194,3.463545
2013-04-21 15:49:34.666264,6183.557,3.462369
2013-04-21 16:19:00.188159,6180.459,3.4625084
2013-04-21 16:48:25.710071,6185.9956,3.4636354
2013-04-21 17:17:51.231997,6177.7925,3.4636028
2013-04-21 17:47:16.753938,6180.7837,3.461812
2013-04-21 18:16:42.275900,6178.1597,3.4627209
2013-04-21 18:46:07.797866,6179.173,3.4630854
2013-04-21 19:15:33.319853,6183.8164,3.464355
2013-04-21 19:44:58.841854,6178.957,3.4625914
2013-04-21 20:14:24.372511,6178.3535,3.4634845
2013-04-21 20:43:49.894543,6181.4604,3.4634078
2013-04-21 21:13:15.407950,6177.892,3.4626217
2013-04-21 21:42:40.938652,6181.8555,3.4639542
2013-04-21 22:12:06.460724,6185.399,3.4635463
2013-04-21 22:41:31.974176,6178.7305,3.4619944
2013-04-21 23:10:57.504919,6186.2803,3.4636002
2013-04-21 23:40:23.027041,6185.13,3.464013
2013-04-22 00:09:48.540533,6179.5073,3.4623022
2013-04-22 00:39:14.071325,6189.3433,3.463658
2013-04-22 01:08:39.593488,6182.3545,3.4642634
2013-04-22 01:38:05.124311,6176.729,3.4641032
2013-04-22 02:07:30.637864,6181.4883,3.464964
2013-04-22 02:36:56.160072,6186.208,3.4654582
2013-04-22 03:06:21.690935,6182.077,3.4642708
2013-04-22 03:35:47.204532,6177.191,3.4635968
2013-04-22 04:05:12.726786,6181.502,3.4645307
2013-04-22 04:34:38.257694,6182.157,3.4646432
2013-04-22 05:04:03.771338,6180.524,3.4658048
2013-04-22 05:33:29.302276,6186.632,3.4642663
2013-04-22 06:02:54.824589,6176.3735,3.4642048
2013-04-22 06:32:20.338272,6181.668,3.463029
2013-04-22 07:01:45.869256,6176.9365,3.4630554
2013-04-22 07:31:11.391610,6178.927,3.4640496
2013-04-22 08:00:36.905344,6179.9365,3.462576
2013-04-22 08:30:02.436368,6185.3667,3.4654417
2013-04-22 08:59:27.958767,6179.588,3.4640832
2013-04-22 09:28:53.472540,6183.6436,3.4646995
2013-04-22 09:58:19.003610,6178.2207,3.464788
2013-04-22 10:27:44.526054,6184.3374,3.4634216
2013-04-22 10:57:10.057153,6186.265,3.464165
2013-04-22 11:26:35.570988,6182.0615,3.4627814
2013-04-22 11:56:01.093477,6179.7847,3.4630353
2013-04-22 12:25:26.624622,6185.2646,3.4643252
2013-04-22 12:54:52.138496,6184.0967,3.4631634
2013-04-22 13:24:17.661031,6183.6377,3.4642067
2013-04-22 13:53:43.192216,6180.415,3.463265
2013-04-22 14:23:08.706136,6186.8413,3.4632888
2013-04-22 14:52:34.237356,6183.547,3.4621966
2013-04-22 15:21:59.759941,6179.5894,3.4639242
2013-04-22 15:51:25.273906,6182.542,3.4641838
2013-04-22 16:20:50.805167,6188.811,3.4646666
2013-04-22 16:50:16.327801,6181.4106,3.4632716
2013-04-22 17:19:41.841812,6178.041,3.4624233
2013-04-22 17:49:07.373113,6183.618,3.4636521
2013-04-22 18:18:32.895793,6183.585,3.464045
2013-04-22 18:47:58.418484,6183.393,3.4640045
2013-04-22 19:17:23.941190,6179.063,3.4640505
2013-04-22 19:46:49.463910,6182.0967,3.465144
2013-04-22 20:16:14.986646,6182.723,3.4632678
2013-04-22 20:45:40.509398,6184.172,3.4630737
2013-04-22 21:15:06.032163,6178.1777,3.4642754
2013-04-22 21:44:31.554945,6183.649,3.4631314
2013-04-22 22:13:57.077736,6185.47,3.4631722
2013-04-22 22:43:22.600542,6176.7734,3.4626737
2013-04-22 23:12:48.123369,6187.159,3.4646287
2013-04-22 23:42:13.646205,6181.0977,3.4629533
2013-04-23 00:11:39.177697,6186.2363,3.462446
2013-04-23 00:41:04.700563,6190.047,3.4622614
2013-04-23 01:10:30.214800,6185.641,3.462833
2013-04-23 01:39:55.746337,6192.013,3.4631622
2013-04-23 02:09:21.269249,6179.932,3.4644384
2013-04-23 02:38:46.783531,6185.6875,3.4649217
2013-04-23 03:08:12.315108,6179.213,3.462501
2013-04-23 04:07:03.352388,6187.7812,3.4635475
2013-04-23 04:36:28.884010,6191.5156,3.46441
2013-04-23 05:05:54.407007,6181.4214,3.4650795
2013-04-23 05:35:19.938654,6183.5864,3.4636755
2013-04-23 06:04:45.453037,6181.806,3.4621074
2013-04-23 06:34:10.976080,6176.827,3.4643095
2013-04-23 07:03:36.507772,6183.2744,3.4647765
2013-04-23 07:33:02.022200,6180.7573,3.464791
2013-04-23 08:02:27.545278,6185.3657,3.4631016
2013-04-23 08:31:53.077016,6181.1777,3.465486
2013-04-23 09:01:18.591489,6179.117,3.463209
2013-04-23 09:30:44.123253,6184.0005,3.4660254
2013-04-23 10:00:09.646391,6182.8364,3.4647195
2013-04-23 10:29:35.160904,6176.26,3.4637368
2013-04-23 10:59:00.692713,6187.011,3.4651349
2013-04-23 11:28:26.215891,6189.0166,3.4636734
2013-04-23 11:57:51.739090,6182.202,3.4641967
2013-04-23 12:27:17.262298,6181.8853,3.4625537
2013-04-23 12:56:42.785522,6180.275,3.4655647
2013-04-23 13:26:08.300121,6181.883,3.462509
2013-04-23 13:55:33.832015,6184.6216,3.4617093
2013-04-23 14:24:59.355284,6181.116,3.4625626
2013-04-23 14:54:24.878563,6179.2046,3.4624622
2013-04-23 15:23:50.401862,6183.3174,3.4642565
2013-04-23 15:53:15.925171,6184.7437,3.4606733
2013-04-23 16:22:41.457136,6181.184,3.4636085
2013-04-23 16:52:06.971835,6181.022,3.4636526
2013-04-23 17:21:32.495184,6183.1494,3.4628944
2013-04-23 17:50:58.027194,6181.429,3.4605575
2013-04-23 18:20:23.541934,6179.613,3.464078
2013-04-23 18:49:49.073968,6188.9556,3.4640763
2013-04-23 19:19:14.597378,6181.6606,3.4622025
2013-04-23 19:48:40.112158,6176.1084,3.4623237
2013-04-23 20:18:05.644238,6178.801,3.461513
2013-04-23 20:47:31.167688,6179.5493,3.4625995
2013-04-23 21:16:56.682519,6187.5547,3.463009
2013-04-23 21:46:22.214638,6177.8755,3.4629085
2013-04-23 22:15:47.738129,6173.6895,3.460081
2013-04-23 22:45:13.252999,6178.8213,3.4613872
2013-04-23 23:14:38.785160,6183.0996,3.463018
2013-04-23 23:44:04.308695,6187.037,3.462036
2013-04-24 00:13:29.840886,6175.062,3.4614375
2013-04-24 00:42:55.355811,6183.6963,3.4609315
2013-04-24 01:12:20.879387,6176.9146,3.460125
2013-04-24 01:41:46.411623,6185.2505,3.4622865
2013-04-24 02:11:11.926589,6184.4883,3.4618552
2013-04-24 02:40:37.450210,6179.389,3.4609144
2013-04-24 03:10:02.982482,6181.047,3.461336
2013-04-24 03:39:28.506133,6184.0635,3.4611015
2013-04-24 04:08:54.029794,6178.5693,3.460899
2013-04-24 04:38:19.553470,6177.494,3.4610353
2013-04-24 05:07:45.068522,6182.1777,3.4612517
2013-04-24 05:37:10.600868,6182.9253,3.4622774
2013-04-24 06:06:36.124585,6185.009,3.462712
2013-04-24 06:36:01.639676,6184.652,3.4607065
2013-04-24 07:05:27.172063,6181.2925,3.4628992
2013-04-24 07:34:52.695825,6181.2207,3.4624853
2013-04-24 08:04:18.210962,6180.684,3.462068
2013-04-24 08:33:43.743389,6185.0073,3.4635298
2013-04-24 09:03:09.267191,6186.426,3.4647474
2013-04-24 09:32:34.799648,6177.5967,3.4627001
2013-04-24 10:02:00.314836,6185.304,3.4613035
2013-04-24 10:31:25.838683,6183.7974,3.4606595
2013-04-24 11:00:51.371180,6180.36,3.460093
2013-04-24 11:30:16.886413,6179.622,3.4606109
2013-04-24 11:59:42.410295,6182.5674,3.4601135
2013-04-24 12:29:07.942838,6182.5845,3.4608498
2013-04-24 12:58:33.458111,6177.9814,3.4621704
2013-04-24 13:27:58.990678,6175.1626,3.4608655
2013-04-24 13:57:24.514622,6182.0005,3.4601233
2013-04-24 14:26:50.029935,6180.965,3.4622433
2013-04-24 14:56:15.562542,6184.7456,3.4615407
2013-04-24 15:25:41.086526,6181.111,3.4608278
2013-04-24 15:55:06.610524,6180.7393,3.461655
2013-04-24 16:24:32.134532,6181.3877,3.4613254
2013-04-24 16:53:57.658561,6180.8584,3.460791
2013-04-24 17:23:23.182599,6175.039,3.4604015
2013-04-24 17:52:48.706647,6180.859,3.4589016
2013-04-24 18:22:14.230716,6177.8403,3.4594874
2013-04-24 18:51:39.754795,6186.6187,3.4637687
2013-04-24 19:21:05.287529,6183.804,3.4618375
2013-04-24 19:50:30.802993,6181.347,3.4613311
2013-04-24 20:19:56.327117,6179.6094,3.4602141
2013-04-24 20:49:21.851250,6179.7734,3.46002
2013-04-24 21:18:47.375400,6184.6016,3.4611528
2013-04-24 21:48:12.908199,6183.2705,3.4619012
2013-04-24 22:17:38.423738,6181.8477,3.4630435
2013-04-24 22:47:03.956568,6178.826,3.459482
2013-04-24 23:16:29.480772,6187.747,3.4617593
2013-04-24 23:45:54.996346,6176.7427,3.4592624
2013-04-25 00:15:20.529216,6182.402,3.460309
2013-04-25 00:44:46.053460,6181.169,3.4591205
2013-04-25 01:14:11.569080,6178.4224,3.4595728
2013-04-25 01:43:37.101990,6181.307,3.4606507
2013-04-25 02:13:02.626280,6187.223,3.4616425
2013-04-25 02:42:28.159215,6177.938,3.462542
2013-04-25 03:11:53.674890,6183.0356,3.4609282
2013-04-25 03:41:19.199215,6176.8516,3.4614427
2013-04-25 04:10:44.732195,6180.731,3.4611049
2013-04-25 04:40:10.247911,6189.7666,3.4618526
2013-04-25 05:09:35.772276,6187.6846,3.4614801
2013-04-25 05:39:01.305296,6173.9214,3.4594193
2013-04-25 06:08:26.821052,6183.72,3.4615133
2013-04-25 06:37:52.345462,6181.1304,3.4619765
2013-04-25 07:07:17.878523,6186.473,3.46158
2013-04-25 07:36:43.402959,6180.2393,3.4608715
2013-04-25 08:06:08.927410,6183.244,3.4610353
2013-04-25 08:35:34.451871,6179.5557,3.460505
2013-04-25 09:04:59.976347,6181.406,3.4608755
2013-04-25 09:34:25.500838,6180.2573,3.4608617
2013-04-25 10:03:51.025339,6184.2524,3.4626024
2013-04-25 10:33:16.549855,6182.601,3.461089
2013-04-25 11:02:42.074386,6180.578,3.4611158
2013-04-25 11:32:07.598928,6179.8325,3.4605358
2013-04-25 12:01:33.123490,6172.128,3.4598496
2013-04-25 12:30:58.648061,6181.545,3.4595273
2013-04-25 13:00:24.172643,6185.549,3.4620788
2013-04-25 13:29:49.705880,6176.941,3.4604273
2013-04-25 13:59:15.221851,6180.933,3.4612036
2013-04-25 14:28:40.746478,6179.6787,3.4611638
2013-04-25 14:58:06.279755,6175.8545,3.460437
2013-04-25 15:27:31.795767,6176.9395,3.4594579
2013-04-25 15:56:57.320434,6178.186,3.4600148
2013-04-25 16:26:22.853751,6181.907,3.4605231
2013-04-25 16:55:48.369803,6185.2393,3.4622705
2013-04-25 17:25:13.903151,6176.2754,3.4612496
2013-04-25 17:54:39.427868,6180.3047,3.461885
2013-04-25 18:24:04.943960,6177.9814,3.4612288
2013-04-25 18:53:30.477348,6175.173,3.4606535
2013-04-25 19:22:56.002106,6184.339,3.46193
2013-04-25 19:52:21.518238,6182.961,3.4607363
2013-04-25 20:21:47.051666,6182.9004,3.4612467
2013-04-25 20:51:12.576465,6179.9087,3.4612277
2013-04-25 21:20:38.109917,6181.739,3.4619982
2013-04-25 21:50:03.626105,6183.02,3.4610777
2013-04-25 22:19:29.150944,6177.985,3.4612665
2013-04-25 22:48:54.684436,6184.7812,3.4613707
2013-04-25 23:18:20.209300,6179.186,3.4614587
2013-04-25 23:47:45.725543,6175.884,3.4620109
2013-04-26 00:17:11.259076,6180.017,3.4618418
2013-04-26 00:46:36.783980,6181.539,3.4623604
2013-04-26 01:16:02.300259,6179.059,3.4608216
2013-04-26 01:45:27.833832,6178.044,3.4612768
2013-04-26 02:14:53.358776,6187.671,3.4626129
2013-04-26 02:44:18.883739,6176.3076,3.460903
2013-04-26 03:43:09.925058,6182.859,3.4616754
2013-04-26 04:12:35.458697,6181.3325,3.4613822
2013-04-26 04:42:00.983711,6178.6045,3.4614444
2013-04-26 05:11:26.500095,6176.1816,3.4603434
2013-04-26 05:40:52.033774,6179.2783,3.4613707
2013-04-26 06:10:17.558828,6182.8135,3.460065
2013-04-26 06:39:43.092533,6176.534,3.4614964
2013-04-26 07:09:08.608968,6176.99,3.460508
2013-04-26 07:38:34.134062,6178.52,3.4609985
2013-04-26 08:07:59.667807,6174.282,3.4611733
2013-04-26 08:37:25.184286,6183.174,3.4612598
2013-04-26 09:06:50.709416,6176.6587,3.4616015
2013-04-26 09:36:16.243201,6185.78,3.462264
2013-04-26 10:05:41.759721,6173.497,3.460954
2013-04-26 10:35:07.284891,6183.072,3.4618595
2013-04-26 11:04:32.818716,6184.15,3.4606626
2013-04-26 11:33:58.335271,6182.8066,3.4619782
2013-04-26 12:03:23.869122,6183.9146,3.4623027
2013-04-26 12:32:49.394347,6179.0815,3.4617
2013-04-26 13:02:14.919582,6177.374,3.4622889
2013-04-26 13:31:40.444833,6179.3096,3.4620695
2013-04-26 14:01:05.970094,6177.043,3.4610457
2013-04-26 14:30:31.495369,6181.871,3.4622416
2013-04-26 14:59:57.020660,6183.2627,3.4620302
2013-04-26 15:29:22.545961,6180.829,3.4615657
2013-04-26 15:58:48.071276,6178.4497,3.4606593
2013-04-26 16:28:13.605247,6180.982,3.4624016
2013-04-26 16:57:39.121948,6181.8438,3.4596334
2013-04-26 17:27:04.655944,6178.911,3.4615407
2013-04-26 17:56:30.181311,6181.746,3.461725
2013-04-26 18:25:55.698052,6176.329,3.4616015
2013-04-26 18:55:21.232083,6179.9395,3.4612567
2013-04-26 19:24:46.748849,6180.6387,3.461392
2013-04-26 19:54:12.274271,6176.22,3.461277
2013-04-26 20:23:37.808342,6184.1934,3.461027
2013-04-26 20:53:03.325149,,
2013-04-26 21:22:28.859246,6175.4224,3.4606812
2013-04-26 21:51:54.384717,6177.4565,3.4615219
2013-04-26 22:21:19.901564,6186.5874,3.461989
2013-04-26 22:50:45.435702,6186.7056,3.4614906
2013-04-26 23:20:10.961213,6189.0273,3.4613857
2013-04-26 23:49:36.478095,6178.536,3.4600828
2013-04-27 00:19:02.012273,6181.974,3.4612842
2013-04-27 00:48:27.537820,6179.9917,3.460508
2013-04-27 01:17:53.063382,6186.512,3.461336
2013-04-27 01:47:18.588959,6177.3022,3.461089
2013-04-27 02:16:44.114547,6179.1196,3.4606583
2013-04-27 02:46:09.648789,6181.2183,3.4614744
2013-04-27 03:15:35.165762,6180.235,3.4608464
2013-04-27 03:45:00.691389,6179.3423,3.4602313
2013-04-27 04:14:26.225672,6176.8037,3.4595659
2013-04-27 04:43:51.751320,6178.895,3.4607518
2013-04-27 05:13:17.268348,6180.5137,3.4618788
2013-04-27 05:42:42.802666,6179.459,3.4609373
2013-04-27 06:12:08.328359,6182.8228,3.4614322
2013-04-27 06:41:33.854062,6178.938,3.4608066
2013-04-27 07:10:59.379781,6177.7896,3.4613404
2013-04-27 07:40:24.905508,6185.192,3.4611318
2013-04-27 08:09:50.439892,6182.2295,3.461304
2013-04-27 08:39:15.957005,6184.9146,3.461134
2013-04-27 09:08:41.482774,6173.982,3.4596786
2013-04-27 09:38:07.017197,6176.617,3.4602613
2013-04-27 10:07:32.534351,6179.1274,3.4613104
2013-04-27 10:36:58.060159,6171.455,3.4604926
2013-04-27 11:06:23.585978,6175.2793,3.460228
2013-04-27 11:35:49.111808,6183.243,3.459707
2013-04-27 12:05:14.646296,6178.2666,3.4612024
2013-04-27 12:34:40.163510,6178.909,3.4602058
2013-04-27 13:04:05.689385,6181.482,3.4610968
2013-04-27 13:33:31.223903,6186.3867,3.4620605
2013-04-27 14:02:56.741163,6176.9272,3.459731
2013-04-27 14:32:22.267072,6177.3145,3.4601443
2013-04-27 15:01:47.801631,6184.4443,3.4607842
2013-04-27 15:31:13.318926,6172.0244,3.4593816
2013-04-27 16:00:38.853516,6176.357,3.4599555
2013-04-27 16:30:04.379475,6174.878,3.4593685
2013-04-27 16:59:29.896805,6178.3105,3.460377
2013-04-27 17:28:55.431430,6182.608,3.4608593
2013-04-27 17:58:20.957429,6180.5024,3.4600458
2013-04-27 18:27:46.483439,6177.067,3.4612262
2013-04-27 18:57:12.009459,6182.1553,3.4610384
2013-04-27 19:26:37.535494,6183.0923,3.46033
2013-04-27 19:56:03.061544,6182.98,3.4606314
2013-04-27 20:25:28.596245,6180.5234,3.4603891
2013-04-27 20:54:54.113679,6175.6514,3.459703
2013-04-27 21:24:19.648405,6189.4863,3.4610267
2013-04-27 21:53:45.174503,6174.9873,3.4603329
2013-04-27 22:23:10.691973,6177.1016,3.4593601
2013-04-27 22:52:36.226739,6179.3145,3.460482
2013-04-27 23:22:01.752875,6179.5522,3.4593556
2013-04-27 23:51:27.270383,6179.7075,3.4604814
2013-04-28 00:20:52.805186,6178.987,3.4590902
2013-04-28 00:50:18.331359,6177.784,3.4597754
2013-04-28 01:19:43.857545,6180.19,3.4594464
2013-04-28 01:49:09.383746,6182.1904,3.4595134
2013-04-28 02:18:34.901318,6181.479,3.4601977
2013-04-28 02:48:00.436181,6175.8496,3.4573119
2013-04-28 03:17:25.962420,6182.3022,3.4599996
2013-04-28 03:46:51.480029,6181.2334,3.459475
2013-04-28 04:16:17.014930,6182.3213,3.459378
2013-04-28 04:45:42.541204,6179.902,3.4582028
2013-04-28 05:15:08.067490,6180.81,3.460068
2013-04-28 05:44:33.593792,6185.9634,3.4604762
2013-04-28 06:13:59.120103,6177.6245,3.4589577
2013-04-28 06:43:24.655067,6181.043,3.4593558
2013-04-28 07:12:50.172762,6181.302,3.4589543
2013-04-28 07:42:15.699114,6179.0327,3.4580069
2013-04-28 08:11:41.234115,6180.195,3.4595115
2013-04-28 08:41:06.760488,6172.1484,3.4588873
2013-04-28 09:10:32.278235,6176.2095,3.4585018
2013-04-28 09:39:57.813274,6186.899,3.4594173
2013-04-28 10:09:23.339684,6182.002,3.4584408
2013-04-28 10:38:48.866109,6177.2075,3.4586143
2013-04-28 11:08:14.392543,6180.4565,3.4598722
2013-04-28 11:37:39.918994,6180.106,3.4586604
2013-04-28 12:07:05.445454,6177.8643,3.4602013
2013-04-28 12:36:30.971926,6181.876,3.457983
2013-04-28 13:05:56.498414,6178.321,3.459787
2013-04-28 13:35:22.033552,6177.1094,3.4593437
2013-04-28 14:04:47.551422,6178.7964,3.4591944
2013-04-28 14:34:13.077945,6178.4536,3.4590626
2013-04-28 15:03:38.613120,6178.669,3.4578762
2013-04-28 15:33:04.131028,6178.422,3.4585526
2013-04-28 16:02:29.666226,6173.307,3.458387
2013-04-28 16:31:55.192800,6182.071,3.4562683
2013-04-28 17:01:20.710742,6180.031,3.4590824
2013-04-28 17:30:46.245981,6179.218,3.458201
2013-04-28 18:00:11.763949,6179.4863,3.458292
2013-04-28 18:29:37.290570,6180.3594,3.4583178
2013-04-28 18:59:02.825844,6185.785,3.460027
2013-04-28 19:28:28.343850,6177.713,3.4582329
2013-04-28 19:57:53.879148,6180.182,3.458558
2013-04-28 20:27:19.405817,6182.33,3.4586246
2013-04-28 20:56:44.923861,6182.059,3.4590266
2013-04-28 21:26:10.459194,6174.702,3.4582849
2013-04-28 21:55:35.985901,6180.577,3.458053
2013-04-28 22:25:01.512623,6180.2554,3.4576495
2013-04-28 22:54:27.039351,6174.978,3.4569976
2013-04-28 23:23:52.566096,6178.713,3.4560606
2013-04-28 23:53:18.092853,6178.0054,3.4582672
2013-04-29 00:22:43.619619,6179.629,3.4586
2013-04-29 00:52:09.146399,6180.79,3.4585936
2013-04-29 01:21:34.681833,6177.602,3.4592488
2013-04-29 01:51:00.208637,6183.8237,3.459708
2013-04-29 02:20:25.726812,6182.598,3.4570053
2013-04-29 03:19:16.789124,6175.836,3.4582973
2013-04-29 03:48:42.307336,6184.57,3.4563093
2013-04-29 04:18:07.842841,6173.989,3.4577498
2013-04-29 04:47:33.369718,6181.6846,3.4586499
2013-04-29 05:16:58.887968,6187.389,3.4576287
2013-04-29 05:46:24.423511,6183.38,3.4589882
2013-04-29 06:15:49.950424,6186.363,3.4586504
2013-04-29 06:45:15.485989,6184.498,3.4588387
2013-04-29 07:14:41.004287,6177.191,3.4562554
2013-04-29 07:44:06.531237,6175.7964,3.4576194
2013-04-29 08:13:32.066837,6182.6504,3.4577007
2013-04-29 08:42:57.585172,6176.5366,3.457151
2013-04-29 09:12:23.112158,6176.518,3.4577458
2013-04-29 09:41:48.639157,6181.384,3.4586294
2013-04-29 10:11:14.166165,6181.7446,3.4575837
2013-04-29 10:40:39.701828,6180.6836,3.4577372
2013-04-29 11:10:05.220221,6181.5967,3.4593618
2013-04-29 11:39:30.747267,6174.983,3.4562447
2013-04-29 12:08:56.282968,6178.482,3.4584677
2013-04-29 12:38:21.801397,6178.455,3.4577513
2013-04-29 13:07:47.328480,6184.34,3.4584775
2013-04-29 13:37:12.864214,6186.947,3.4585817
2013-04-29 14:06:38.391318,6179.1274,3.4572241
2013-04-29 14:36:03.909796,6175.4614,3.4553602
2013-04-29 15:05:29.445568,6176.6025,3.4573076
2013-04-29 15:34:54.972709,6177.105,3.4574807
2013-04-29 16:04:20.499863,6178.6455,3.4566877
2013-04-29 16:33:46.027030,6182.906,3.458384
2013-04-29 17:03:11.554207,6175.7227,3.454304
2013-04-29 17:32:37.090036,6178.089,3.457013
2013-04-29 18:02:02.608597,6179.381,3.4555273
2013-04-29 18:31:28.135812,6180.911,3.4575572
2013-04-29 19:00:53.671676,6181.0103,3.4582357
2013-04-29 19:30:19.190273,6181.3813,3.4582663
2013-04-29 19:59:44.726162,6181.4634,3.4565039
2013-04-29 20:29:10.253422,6180.9863,3.4567056
2013-04-29 20:58:35.772057,6179.136,3.456372
2013-04-29 21:28:01.307980,6174.72,3.455755
2013-04-29 21:57:26.835277,6182.8906,3.457563
2013-04-29 22:26:52.353944,6178.826,3.456293
2013-04-29 22:56:17.889906,6174.526,3.4569285
2013-04-29 23:25:43.417239,6185.197,3.457466
2013-04-29 23:55:08.935942,6179.5063,3.4579947
2013-04-30 00:24:34.471937,6184.298,3.4586985
2013-04-30 00:53:59.990662,6186.2227,3.458323
2013-04-30 01:23:25.526683,6179.2886,3.4565697
2013-04-30 01:52:51.054073,6183.1597,3.4583395
2013-04-30 02:22:16.581476,6180.6753,3.4571185
2013-04-30 02:51:42.108891,6178.47,3.457886
2013-04-30 03:21:07.636317,6180.9365,3.457208
2013-04-30 03:50:33.163755,6175.9775,3.455977
2013-04-30 04:19:58.691206,6174.778,3.4567778
2013-04-30 04:49:24.218666,6181.9697,3.4561076
2013-04-30 05:18:49.754780,6179.4673,3.4569614
2013-04-30 05:48:15.282264,6183.5146,3.4577363
2013-04-30 06:17:40.801122,6181.9526,3.4558024
2013-04-30 06:47:06.337271,6178.6562,3.457026
2013-04-30 07:16:31.864789,6182.646,3.454672
2013-04-30 07:45:57.383680,6175.4224,3.456974
2013-04-30 08:15:22.919864,6182.0723,3.4580307
2013-04-30 08:44:48.447421,6182.547,3.457154
2013-04-30 09:14:13.966347,6172.5757,3.4546006
2013-04-30 09:43:39.502563,6181.727,3.4563825
2013-04-30 10:13:05.030155,6182.3325,3.4541337
2013-04-30 10:42:30.566396,6184.978,3.456985
2013-04-30 11:11:56.085371,6176.6895,3.456024
2013-04-30 11:41:21.612995,6178.282,3.4555652
2013-04-30 12:10:47.149272,6182.456,3.455618
2013-04-30 12:40:12.668279,6183.6694,3.4568489
2013-04-30 13:09:38.195938,6180.668,3.4554543
2013-04-30 13:39:03.732250,6182.1704,3.45586
2013-04-30 14:08:29.251292,6180.222,3.4564283
2013-04-30 14:37:54.778987,6187.396,3.4574187
2013-04-30 15:07:20.315334,6179.3765,3.4557683
2013-04-30 15:36:45.834411,6181.2905,3.4550114
2013-04-30 16:06:11.370781,6180.5024,3.4539714
2013-04-30 16:35:36.889881,6181.957,3.4555519
2013-04-30 17:05:02.417631,6183.099,3.4552388
2013-04-30 17:34:27.954036,6180.129,3.4529839
2013-04-30 18:03:53.473171,6175.573,3.45571
2013-04-30 18:33:19.000959,6177.5713,3.454668
2013-04-30 19:02:44.537397,6190.8726,3.4537776
2013-04-30 19:32:10.065207,6182.3867,3.4554417
2013-04-30 20:01:35.593027,6174.21,3.4558465
2013-04-30 20:31:01.120861,6176.992,3.4541783
2013-04-30 21:00:26.648703,6176.4326,3.4535887
2013-04-30 21:29:52.176559,6179.597,3.4562204
2013-04-30 21:59:17.704427,6183.5796,3.455472
2013-04-30 22:28:43.232305,6175.637,3.4548547
2013-04-30 22:58:08.768836,6178.2324,3.4565866
2013-04-30 23:27:34.288097,6174.5464,3.4541814
2013-04-30 23:56:59.816010,6184.141,3.4556282
2013-05-01 00:26:25.352574,6178.6084,3.455752
2013-05-01 00:55:50.871870,6177.624,3.4540255
2013-05-01 01:25:16.408456,6182.2524,3.4549696
2013-05-01 01:54:41.936417,6182.568,3.4553702
2013-05-01 02:24:07.455746,6177.973,3.4557528
2013-05-01 02:53:32.992367,6185.4165,3.4538476
2013-05-01 03:22:58.520359,6177.09,3.4541857
2013-05-01 03:52:24.039723,6182.498,3.454733
2013-05-01 04:21:49.576379,6180.048,3.4553227
2013-05-01 04:51:15.104406,6179.1133,3.4540532
2013-05-01 05:20:40.641084,6184.9375,3.4564943
2013-05-01 05:50:06.160494,6178.5386,3.4539404
2013-05-01 06:19:31.688553,6178.754,3.4555173
2013-05-01 06:48:57.225265,6185.9746,3.4567494
2013-05-01 07:18:22.744709,6182.5796,3.454496
2013-05-01 07:47:48.272804,6174.9473,3.4545677
2013-05-01 08:17:13.800909,6184.5635,3.4564273
2013-05-01 08:46:39.329025,6184.3184,3.4557712
2013-05-01 09:16:04.857155,6175.0903,3.4546862
2013-05-01 09:45:30.385295,6179.333,3.4544919
2013-05-01 10:14:55.913447,6181.392,3.452053
2013-05-01 10:44:21.450247,6178.3613,3.4539115
2013-05-01 11:13:46.978422,6181.273,3.454976
2013-05-01 11:43:12.497964,6183.4434,3.4553115
2013-05-01 12:12:38.034802,6179.856,3.456029
2013-05-01 12:42:03.563009,6184.5405,3.4524472
2013-05-01 13:11:29.082587,6183.6743,3.455117
2013-05-01 13:40:54.619458,6178.4023,3.4547408
2013-05-01 14:10:20.147698,6178.4595,3.4543962
2013-05-01 14:39:45.684591,6176.312,3.4546728
2013-05-01 15:09:11.204214,6181.621,3.4533446
2013-05-01 15:38:36.732486,6181.4287,3.4539015
2013-05-01 16:08:02.269412,6181.7554,3.4547987
2013-05-01 16:37:27.789068,6177.3022,3.4540732
2013-05-01 17:06:53.317376,6185.231,3.4536638
2013-05-01 17:36:18.854334,6177.487,3.4538085
2013-05-01 18:05:44.374025,6180.6997,3.4555295
2013-05-01 18:35:09.902366,6173.139,3.4533749
2013-05-01 19:04:35.439360,6183.504,3.4553566
2013-05-01 19:34:00.959083,6180.0957,3.453495
2013-05-01 20:03:26.496097,6181.4624,3.4557455
2013-05-01 20:32:52.024483,6184.304,3.454835
2013-05-01 21:02:17.552879,6178.2847,3.4535666
2013-05-01 21:31:43.081288,6184.5244,3.4538026
2013-05-01 22:01:08.609707,6177.546,3.4532976
2013-05-01 22:30:34.138136,6178.6333,3.4515812
2013-05-01 22:59:59.666577,6182.969,3.4526105
2013-05-01 23:29:25.195029,6181.3345,3.4513912
2013-05-01 23:58:50.723493,6186.748,3.4542954
2013-05-02 00:28:16.251967,6180.643,3.4540348
2013-05-02 00:57:41.780451,6180.446,3.4534845
2013-05-02 01:27:07.308946,6183.788,3.4475396
2013-05-02 01:56:32.837455,6185.6875,3.450798
2013-05-07 07:58:53.409608,6191.735,3.4132242
2013-05-07 08:28:18.949329,6195.907,3.3983731
2013-05-07 08:57:44.471777,6197.272,3.4116464
2013-05-07 09:27:10.011514,6205.1777,3.4128733
2013-05-07 09:56:35.542621,6198.0244,3.410584
2013-05-07 10:26:01.065095,6198.0166,3.4106262
2013-05-07 10:55:26.604860,6203.442,3.4129207
2013-05-07 11:24:52.135994,6194.0654,3.4118593
2013-05-07 11:54:17.667135,6197.3926,3.410995
2013-05-07 12:23:43.198286,6191.4233,3.409026
2013-05-07 12:53:08.729446,6205.163,3.413332
2013-05-07 13:22:34.269256,6198.1587,3.4153824
2013-05-07 13:51:59.800432,6207.3066,3.4176896
2013-05-07 14:21:25.322978,6205.8936,3.416905
2013-05-07 14:50:50.862813,6198.025,3.4177084
2013-05-07 15:20:16.394018,6199.9546,3.419218
2013-05-07 15:49:41.916590,6199.991,3.4161298
2013-05-07 16:19:07.456452,6204.501,3.4217265
2013-05-07 16:48:32.987682,6202.2495,3.4204426
2013-05-07 17:17:58.518921,6197.7637,3.4201994
2013-05-07 17:47:24.050169,6193.53,3.4217987
2013-05-07 18:16:49.572785,6195.4023,3.4212167
2013-05-07 18:46:15.112690,6203.4907,3.4231665
2013-05-07 19:15:40.643965,6198.4023,3.4234068
2013-05-07 19:45:06.166607,6200.964,3.424947
2013-05-07 20:14:31.706540,6195.6104,3.4253633
2013-05-07 20:43:57.237840,6196.806,3.426148
2013-05-07 21:13:22.777790,6200.1924,3.4254959
2013-05-07 21:42:48.300467,6194.13,3.4277418
2013-05-07 22:12:13.831794,6197.183,3.4274046
2013-05-07 22:41:39.371769,6195.7607,3.4274938
2013-05-07 23:11:04.894473,6200.4927,3.430226
2013-05-08 00:09:55.965827,6208.591,3.4333172
2013-05-08 00:39:21.488557,6194.0264,3.4308307
2013-05-08 01:08:47.028576,6204.625,3.4330692
2013-05-08 01:38:12.559963,6195.138,3.4324245
2013-05-08 02:07:38.091360,6194.4204,3.4329753
2013-05-08 02:37:03.622764,6200.8535,3.434446
2013-05-08 03:06:29.154178,6190.752,3.4353933
2013-05-08 03:35:54.685599,6195.6846,3.4356668
2013-05-08 04:05:20.217029,6196.383,3.435874
2013-05-08 04:34:45.748468,6188.852,3.436464
2013-05-08 05:04:11.288557,6194.7573,3.4369276
2013-05-08 05:33:36.811372,6198.591,3.4377718
2013-05-08 06:03:02.342838,6191.5176,3.4374948
2013-05-08 06:32:27.882951,6195.7607,3.4376972
2013-05-08 07:01:53.414433,6192.783,3.4379919
2013-05-08 07:31:18.937283,6196.749,3.4387305
2013-05-08 08:00:44.477423,6198.359,3.4402518
2013-05-08 08:30:10.000290,6196.1416,3.4395292
2013-05-08 08:59:35.540447,6195.1284,3.440452
2013-05-08 09:29:01.071972,6189.186,3.4401228
2013-05-08 09:58:26.594864,6191.747,3.4405448
2013-05-08 10:27:52.135047,6192.7173,3.441015
2013-05-08 10:57:17.666597,6196.297,3.4428425
2013-05-08 11:26:43.189515,6189.774,3.4418907
2013-05-08 11:56:08.729723,6192.4385,3.4425821
2013-05-08 12:25:34.261299,6191.842,3.442596
2013-05-08 12:54:59.784242,6190.713,3.4432287
2013-05-08 13:24:25.324475,6194.447,3.442423
2013-05-08 13:53:50.856076,6193.4604,3.4432561
2013-05-08 14:23:16.396326,6192.477,3.4433632
2013-05-08 14:52:41.919303,6191.819,3.4436388
2013-05-08 15:22:07.450930,6196.778,3.444925
2013-05-08 15:51:32.991205,6190.261,3.4434326
2013-05-08 16:20:58.514208,6189.879,3.443859
2013-05-08 16:50:24.045860,6188.987,3.4443326
2013-05-08 17:19:49.586160,6189.807,3.444743
2013-05-08 17:49:15.109188,6187.125,3.4445336
2013-05-08 18:18:40.649505,6193.669,3.4450867
2013-05-08 18:48:06.181190,6199.4077,3.4458096
2013-05-08 19:17:31.712884,6191.2964,3.4455805
2013-05-08 19:46:57.244585,6188.28,3.4449997
2013-05-08 20:16:22.776296,6197.0,3.4456604
2013-05-08 20:45:48.308014,6192.829,3.4464755
2013-05-08 21:15:13.839741,6193.5854,3.4455183
2013-05-08 21:44:39.371476,6185.384,3.4457846
2013-05-08 22:14:04.903220,6192.4097,3.445986
2013-05-08 22:43:30.443612,6191.913,3.4460042
2013-05-08 23:12:55.966732,6192.064,3.446569
2013-05-08 23:42:21.507141,6192.3765,3.4465637
2013-05-09 00:11:47.030277,6192.1504,3.4455988
2013-05-09 00:41:12.562062,6192.4927,3.4467232
2013-05-09 01:10:38.102496,6186.7856,3.4449866
2013-05-09 01:40:03.625657,6184.1694,3.4450967
2013-05-09 02:09:29.157466,6191.4062,3.4452567
2013-05-09 02:38:54.697925,6189.445,3.4459221
2013-05-09 03:08:20.221110,6193.1313,3.4470127
2013-05-09 03:37:45.761586,6187.3633,3.4457307
2013-05-09 04:07:11.293428,6193.363,3.445553
2013-05-09 04:36:36.816639,6186.6113,3.4444458
2013-05-09 05:06:02.357138,6186.3726,3.445304
2013-05-09 05:35:27.889006,6186.363,3.4447882
2013-05-09 06:04:53.412240,6187.6514,3.4451563
2013-05-09 06:34:18.952765,6190.747,3.4457812
2013-05-09 07:03:44.484656,6187.3506,3.4453838
2013-05-09 07:33:10.016556,6186.9116,3.4457476
2013-05-09 08:02:35.548464,6184.799,3.4455633
2013-05-09 08:32:01.080381,6192.8643,3.4468987
2013-05-09 09:01:26.620945,6191.9136,3.4461122
2013-05-09 09:30:52.144237,6190.6333,3.445289
2013-05-09 10:00:17.676178,6184.797,3.4457042
2013-05-09 10:29:43.216767,6194.097,3.444359
2013-05-09 10:59:08.748724,6193.609,3.4469552
2013-05-09 11:28:34.272049,6191.284,3.4451828
2013-05-09 11:57:59.812662,6189.1465,3.4455223
2013-05-09 12:27:25.344643,6183.5938,3.4446259
2013-05-09 12:56:50.867992,6189.3574,3.444686
2013-05-09 13:26:16.408629,6190.907,3.4449172
2013-05-09 13:55:41.940635,6189.9097,3.444615
2013-05-09 14:25:07.481288,6184.9507,3.4422956
2013-05-09 14:54:33.004670,6188.5205,3.445735
2013-05-09 15:23:58.536699,6190.3047,3.4455755
2013-05-09 15:53:24.068737,6194.441,3.4468052
2013-05-09 16:22:49.600782,6181.34,3.443071
2013-05-09 16:52:15.124196,6192.228,3.4442685
2013-05-09 17:21:40.664897,6192.2974,3.4451196
2013-05-09 17:51:06.196967,6187.0127,3.4441233
2013-05-09 18:20:31.737684,6188.2266,3.4444792
2013-05-09 18:49:57.261130,6184.943,3.4450202
2013-05-09 19:19:22.793223,6185.0586,3.444012
2013-05-09 19:48:48.333964,6187.806,3.4423454
2013-05-09 20:18:13.857433,6182.4746,3.4428935
2013-05-09 20:47:39.389550,6188.4663,3.4433923
2013-05-09 21:17:04.930316,6188.503,3.444295
2013-05-09 21:46:30.453809,6184.3423,3.4430234
2013-05-09 22:15:55.985949,6187.138,3.4433205
2013-05-09 22:45:21.526739,6182.5244,3.4440465
2013-05-09 23:14:47.058896,6185.778,3.442921
2013-05-09 23:44:12.591060,6192.434,3.4424326
2013-05-10 00:13:38.123233,6186.0317,3.4409592
2013-05-10 00:43:03.655414,6188.2476,3.443487
2013-05-10 01:12:29.187602,6191.2983,3.4432573
2013-05-10 01:41:54.719798,6189.9414,3.4440396
2013-05-10 02:11:20.252002,6188.872,3.4419882
2013-05-10 02:40:45.792854,6188.627,3.4402199
2013-05-10 03:10:11.316433,6187.3354,3.4430265
2013-05-10 03:39:36.848661,6191.6533,3.4417715
2013-05-10 04:09:02.389537,6179.5156,3.4394658
2013-05-10 04:38:27.913140,6186.1494,3.4415257
2013-05-10 05:07:53.454030,6193.027,3.441708
2013-05-10 05:37:18.986290,6190.74,3.4415946
2013-05-10 06:06:44.509916,6180.1963,3.440926
2013-05-10 06:36:10.050830,6195.7935,3.44361
2013-05-10 07:05:35.583112,6182.763,3.4404104
2013-05-10 07:35:01.106762,6180.945,3.4413462
2013-05-10 08:33:52.171365,6185.4395,3.441485
2013-05-10 09:03:17.712318,6189.326,3.442303
2013-05-10 09:32:43.244639,6194.048,3.4416628
2013-05-10 10:02:08.768327,6184.5166,3.4398444
2013-05-10 10:31:34.309304,6184.2183,3.4396534
2013-05-10 11:00:59.841648,6184.786,3.4413936
2013-05-10 11:30:25.365359,6184.6157,3.4395819
2013-05-10 11:59:50.906360,6190.3994,3.4401677
2013-05-10 12:29:16.438726,6186.7085,3.4409788
2013-05-10 12:58:41.971101,6184.3965,3.4407423
2013-05-10 13:28:07.503483,6180.0825,3.4379501
2013-05-10 13:57:33.035873,6188.739,3.4397817
2013-05-10 14:26:58.576911,6180.6484,3.4382198
2013-05-10 14:56:24.100677,6184.1406,3.4416986
2013-05-10 15:25:49.633089,6191.608,3.4406917
2013-05-10 15:55:15.174150,6185.4536,3.44118
2013-05-10 16:24:40.706579,6181.1567,3.4383898
2013-05-10 16:54:06.230373,6182.7354,3.4385
2013-05-10 17:23:31.771458,6182.506,3.437258
2013-05-10 17:52:57.303908,6195.33,3.4378445
2013-05-10 18:22:22.827726,6186.3833,3.4381316
2013-05-10 18:51:48.368833,6186.849,3.440245
2013-05-10 19:21:13.901306,6185.175,3.4378908
2013-05-10 19:50:39.442428,6188.731,3.438877
2013-05-10 20:20:04.966277,6178.6016,3.4363163
2013-05-10 20:49:30.498773,6188.695,3.439038
2013-05-10 21:18:56.039918,6182.466,3.4396896
2013-05-10 21:48:21.563789,6186.77,3.4393144
2013-05-10 22:17:47.096307,6183.942,3.4407523
2013-05-10 22:47:12.628834,6187.8364,3.4388616
2013-05-10 23:16:38.161368,6193.6885,3.4407222
2013-05-10 23:46:03.702550,6181.225,3.4392323
2013-05-11 00:15:29.226458,6189.078,3.4397588
2013-05-11 00:44:54.759015,6183.8135,3.4396203
2013-05-11 01:14:20.300219,6180.2715,3.4363718
2013-05-11 01:43:45.824150,6184.3364,3.436176
2013-05-11 02:13:11.356729,6182.3706,3.4394379
2013-05-11 02:42:36.897954,6180.2744,3.4388013
2013-05-11 03:12:02.421908,6185.367,3.4392123
2013-05-11 03:41:27.954510,6183.0693,3.4368167
2013-05-11 04:10:53.495758,6188.754,3.4401376
2013-05-11 04:40:19.028374,6185.621,3.437371
2013-05-11 05:09:44.560998,6190.188,3.4406638
2013-05-11 05:39:10.093628,6184.0347,3.4383135
2013-05-11 06:08:35.626267,6182.719,3.4387817
2013-05-11 06:38:01.158912,6188.109,3.4389641
2013-05-11 07:07:26.691565,6189.2397,3.4350505
2013-05-11 07:36:52.224225,6182.163,3.4368825
2013-05-11 08:06:17.765533,6185.3784,3.4373837
2013-05-11 08:35:43.289567,6184.965,3.4388406
2013-05-11 09:05:08.822249,6185.0684,3.43845
2013-05-11 09:34:34.363580,6187.2954,3.4361277
2013-05-11 10:03:59.887636,6184.7866,3.4373984
2013-05-11 10:33:25.428981,6186.478,3.4396825
2013-05-11 11:02:50.961692,6178.382,3.4368556
2013-05-11 11:32:16.485771,6187.0254,3.440683
2013-05-11 12:01:42.027137,6180.0596,3.438916
